Organization,Count
&#xA3;32 Billion Fuel Duties,1
' - Energy & Oil,1
'Peace Cable',1
'War Crimes',1
+1.81,1
- Energy & Oil,57
-$1.00,1
-$3.00/MMbtu,1
-0.51,1
-1.16,1
-2.05,1
-2.23,1
-5.26,1
-API - Agricultural Commodities,3
-API - Energy & Oil,3
-Baker Hughes - Energy & Oil,4
-CBS News,1
-CEO - Energy & Oil,3
-CNN,1
-Carbon Trust - Energy & Oil,1
-EIA - Agricultural Commodities,6
-EIA - Energy & Oil,6
-EIB VP,1
-Energy,1
-FAO/OECD,1
-Fortescue,1
-Gassco - Energy & Oil,1
-Grassley - Energy & Oil,1
-Ifax - Energy & Oil,1
-Kyari - Agricultural Commodities,1
-Kyari - Energy & Oil,1
-NPD - Energy & Oil,2
-NYT,1
-NYTimes,1
-Psaki,1
-RBA,1
-Russia,1
-Rystad - Energy & Oil,1
-Rystad Energy,1
-Rystad Energy - Agricultural Commodities,1
-SPA - Energy & Oil,1
-State Department,1
-State Dept,9
-TV - Energy & Oil,1
-Treasury - Energy & Oil,1
-Treasury Dept,1
-U.N. - Energy & Oil,1
-U.S. Energy,1
-UN,2
-VTB Bank,1
-Verivox - Energy & Oil,1
-WAM - Energy & Oil,1
-WSJ - Agricultural Commodities,1
-Wheeler - Energy & Oil,1
-White House,4
-Yomiuri - Energy & Oil,1
-analysts - Energy & Oil,1
-data - Energy & Oil,5
-minister - Energy & Oil,2
-ministry - Energy & Oil,1
-official - Energy & Oil,1
-regulator - Energy & Oil,1
-report - Energy & Oil,1
-schedule - Energy & Oil,1
-sources - Agricultural Commodities,2
-sources - Energy & Oil,16
-spokesman - Energy & Oil,2
-study - Agricultural Commodities,1
-study - Energy & Oil,2
-survey - Energy & Oil,1
-tweet - Energy & Oil,1
.Also,1
.The European Union s,1
1.5C,3
1.5C Climate Target,1
1.5C Target,1
1.5C-Aligned Climate,1
11:51 EST.While Saudi Arabia,1
16 Dead,1
180/MWh,1
1MBD,2
1MBD (1Malaysia Development Berhad,1
1Q,1
2016 - Energy & Oil,1
2020 - Energy & Oil,4
2022 - Energy & Oil,3
2022 Energy Outlook,1
2022.Nordic Monitor,1
2023 - Energy & Oil,1
2023 Climate Power Rankings,1
2023 Energy Outlook Report,1
2024 Brent,1
2024 Energy-Unit,1
"2024 Farm, Food",1
2025 - Energy & Oil,1
2026 - Agricultural Commodities,1
2026 - Energy & Oil,2
2030 &#,1
2030 - Energy & Oil,4
2050 - Agricultural Commodities,2
2050 - Energy & Oil,2
34 - Energy & Oil,1
367 Facilities Improvement Plans,1
3X.An,1
4.571M,1
4mn,1
681bn,1
70.93%so,1
700wh/L,1
8GW,1
8th Circuit,1
9mn ac,1
9th Circuit,1
A.P.,1
A2A,3
AAA,34
AAAsaidlast,1
AAR,3
ABA,2
ABB,7
ABC,3
ABC News,1
ABI Research,1
ABI Researchsaidin,1
AC,3
ACC,1
ACCC,1
ACCR,1
ACE,3
ACEA,10
ACEN,1
ACEN Corporation,1
ACER,12
ACG,11
ACME Solar,1
ACP,6
ACP VP,1
ACRA,1
ACS,4
ACWA Power,9
ACWA Power - Energy & Oil,1
ADAC,1
ADAS,1
ADCC,1
ADEME,1
ADES,4
ADES Holding,2
ADES Investments Holding,1
ADIPEC,18
ADM,1
ADM Push Yellen,1
ADNOC,95
ADNOC Gas,13
ADNOC Gas Pipeline Assets,1
ADNOC Global Trading,1
ADNOC Group,1
ADNOC LNG,1
ADNOC Refining,1
ADNOCagreed,1
ADNOCannouncedon,1
ADNOCsayson,1
ADNOCsignedon,1
ADV,2
ADVERTISING Rolls Royce,1
ADVISORY-Story,2
AEB,1
AEMO,8
AEO2021,1
AEP,2
AEP Transmission Company,1
AER,2
AES Corp. s,1
AES Tiete,1
AFC,1
AFE,1
AFIEGO,2
AFP,13
AFPM,3
AFPreport,1
AFPreported,1
AFPreportedon,2
AFPreports,1
AFR,1
AG,3
AGDC,3
AGL,1
AGL Energy,5
AGM,14
AGOCO,5
AI,31
AI Airstrikes,1
AI Boom Needs Nuclear,1
AI Computing Power Needs Risk Overwhelming Energy Sources,1
AI Data-Center Boom Will Spur Energy Crisis,1
AI Energy Crisis Boosts Need,1
AI Global,1
AI Startup Aims,1
AI Stock Rally,1
AI Summit to Weigh Election Disruption,1
AI as Climate Tech Funding,1
AI pioneer,1
AI summit,1
AI's,1
AIC,3
AIDEA,1
AIE,1
AIR,2
AIS,1
ALB,1
ALNAFT,1
AMD,1
AMEXHI,1
AMLO,9
AMLO Meets With Canada Pension Giant Caisse Amid Energy Feud,1
"AMLO on Energy, Climate",1
AMP,1
AMP Specialist International Share Fund Shifts,1
AMZ,1
AMZN,2
ANC,1
ANC Holds Talks,1
ANC Signals Caution,1
ANCI,2
ANH,1
ANIF CEODavid Papazian,1
ANP,14
ANWR,1
ANZ,17
ANZ Bank,1
ANZ Bank s,1
ANZ Banking Group Ltd,1
ANZ Banksaid,1
ANZ Research,3
ANZnoted,1
AO World,1
AOC,1
AOSP,2
AP,35
APA,10
APA Corp,2
APA Corp.,3
APA Corporation,6
APA Group,1
APAC,1
APC,1
APEC,4
API,708
APICORP,2
APICORPestimatedwill,1
APIKUR,13
APLNG,2
APMC,1
APPEC,9
APPEC Carbon,1
APPEC Colombia's,1
APPEC Singapore's,1
APPO,1
APRA,1
APS,2
APreport,1
APreported,2
ARA,3
ARC Resources Ltd,1
ARCHES,1
ARDshowedon,1
AREH,1
ARERA,1
ARK,1
ARO,1
AReuters,3
ASA,1
ASCE,2
ASCM,1
ASEAN,3
ASN,2
ASOS,1
ASX,5
ATACMS,5
ATB,1
ATC,7
ATCO Australia,1
ATF,3
ATMs,2
ATO,1
AUK,1
AVZ Minerals Ltd,1
AWB,3
AWEA,1
AXPC,3
Aagaard,1
Aalto Power,1
Aalto Power - Agricultural Commodities,1
Aalto Power - Energy & Oil,1
Aartee Bright Bar,1
Aasland,3
Abadi,3
Abadi LNG,2
Abbotsford,1
Abbott,4
Abordo,1
Abqaiq,6
Abraceel - Energy & Oil,1
Abraj Energy Services,6
Abramovich's Sanctions Are Based on His Fame Not Evidence,1
Absheron,2
Absheron Petroleum,1
Abu Dhabi,7
"Abu Dhabi Fund for Development, Arab Bank for Economic Development",1
Abu Dhabi Future Energy Company,2
Abu Dhabi Murban,1
Abu Dhabi National Energy Co.,2
Abu Dhabi National Energy Company,2
Abu Dhabi National Oil Company,15
Abu Dhabi Office,2
Abu Dhabi s,22
Abu Dhabi's,1
Abyss,2
Acadia,2
Acadia Infrastructure Capital,2
Accel Partners,1
Accelerate Dutch Energy Transition If Elected,1
Accelerated Strategic Transmission Investment,2
Accenture,3
Access China's,1
Access EU Aid Sparks,1
Access Technology,1
Acciona,2
Acciona IPO,1
Accountants,1
AccuWeather,1
Acer,1
Achieving European Union Climate Goals,1
Ackman and X,1
Acquire Banks Group Onshore Wind Energy Unit,1
Acropol,1
ActivTrades,1
Active Energy Group,1
Adamas Intelligence,1
Adamowo-Zastawa,1
Adani,23
Adani Energy,2
Adani Energy Solutions,3
Adani Energy Wins Bid,1
Adani Enterprises,2
Adani Family,1
Adani Green Energy,16
Adani Green Energy Limited,3
Adani Green Energy Ltd,4
Adani Green Profit,1
Adani Green Profit Jumps,1
Adani Group,14
Adani Group's,1
Adani Ports & Special Economic Zone,1
Adani Power,2
Adani Total Gas,2
Adani Total Gas Ltd.,1
Adani Transmission,1
Adaptogen Capital,1
Add Singapore Fund Managers for Climate Finance,1
Adif Zulkifli,1
Adinius Sociedade de Servicios,1
Adjusted Basis,1
Administration,71
Administrationwill,1
Administrative Tribunal,1
Adnoc,9
Adnoc Gas Pipeline Assets,1
Adnoc Set to Run COP28 Climate Summit:,1
Adnoc Win Kenya Fuel-Supply Tenders,1
Adobe,1
Adopt New Iran Sanctions,1
Advance Energy Partners,2
Advance Monitoring Program Work,1
Advanced Clean Cars II,1
Advanced Clean Energy Hydrogen-Storage Plant,1
Advanced Nuclear Energy for Enriched Life,1
Aegle Power,1
Aegon Asset Management,1
Aegon Asset Managementsays,1
Aemetis,1
Aeonian Complex,1
AerCap,1
Aeroflot,9
Aeroseal,2
Aeroseal Improves Energy Efficiency,1
Aethon Energy Management,1
AfD,1
AfDB,1
Affinity,1
Affordable Energy for New Jersey,1
Afghan Unit,1
Aframax,10
Aframaxes,2
Afrexim,1
Afreximbank,3
Africa,4
Africa - Agricultural Commodities,1
Africa Airlines,1
Africa Climate Crisis,1
Africa Climate Summit Latest News,1
Africa Energy,1
Africa Energy Bank,1
Africa Energy Corp,2
Africa Energy Corp Total s,1
Africa Infrastructure Gets Boost,1
Africa Institute for Energy Governance,1
Africa Needs Green Growth Plans,1
Africa News,4
Africa Offers Global Warming Solution,1
Africa Oil,1
Africa Sets Up,1
Africa Trade Pact Could Counter Mounting Global Tensions Shock,1
African Climate Projects Before,1
African Development Bank,1
African Development Bank Bids,1
African Export-Import Bank,1
African Finance Corporation,1
African Grain Fonio,1
African Nations Seek Funds,1
African Union,3
African Union Seeks,1
Afshin Honarvar,1
Afterrejoiningthe Paris Agreement,1
Agadem,1
Agarwal Coal,1
Agave Battery Energy Storage,1
Agence France Presse,4
Agogo,1
Agora Energiewende,1
Agora Energiewende Germany,1
Agostinho,1
Agricultural Carbon Markets,1
Agricultural Products From,1
Agricultural Watchdog,1
Agritrade -document - Energy & Oil,1
Aheat,1
Ahram Onlinereportedthis week,1
Ahvaz,1
Aid Brazil's,1
Aid Climate Change Fight,1
Aid Climate Fight,1
Aid Group,1
Aid Ukraine,1
Aid Ukraine Invasion,1
Aid to Keep Russia Flows,1
Ailing Clean Energy Industry Eyes Remedy,1
Aim at Key Machine Exports,1
Aim to Bolster Key Ties,1
Air,1
Air Defense Systems,1
Air Force,5
Air Forcesaid,1
Air France,1
Air India,6
Air India Delhi-San Francisco,1
Air India Plane Heading to,1
Air Lines Trims Profit Outlook,1
Air Liquide,1
Air New Zealand,1
Air New Zealand Opens Door,1
Air Products,3
Air Raids,1
Air Resources Board,1
Air Tanker,1
Air Travel,1
Air-Defense,1
Air-Terror Campaign,1
Airbnb Revamps Site to Ease Tensions Between Guests,1
Airbus,9
Airline Parks Planes,1
Airlines Face New Challenge With Fuel Prices,1
Airswift and Energy Jobline,1
Akakus Oil,1
Aker BP,6
Aker BP s,1
Aker Energy,6
Aker Solutions,1
Akita - Energy & Oil,1
Aktobe,1
Akuo Energy Eyes Funding for Renewable Projects After Ending Sale Talks,1
Al Arabiya,1
Al Ghaiscriticizedthe International Energy Agency,1
Al Jazeera,5
Al Mal Capital,1
Al Qaeda,2
Al Quds Force,1
Al-Ahrar tv,1
Al-Arabiya TV,1
Al-Ghais,2
Al-Jazeera,1
Al-Monitor,3
Al-Monitorreports,2
Al-Rumayyan,1
Al-Zour Refinery,2
Alabama Power,1
Alaska - Energy & Oil,1
Alaska Air Group,1
Alaska Airlines,1
"Alaska Emerges as Flashpoint for Climate Change, Politics",1
Alaska Gasline Development Corporation,1
Alaska Industrial Development and Export Authority,1
Alaska LNG,3
Alaska Oil Project That Critics Call a Climate Catastrophe,1
Albemarle,1
Albemarle Corp,1
Albemarle Corporation,2
Alberta Credit Rating Upgraded,1
Alberta Energy,1
Alberta Energy Industry's,1
Alberta Energy Regulator,1
Alberta First Nation,1
Alberta Indigenous Opportunities Corporation,1
Alberta Projects Smaller Budget Surplus as Crude Prices,1
Alberta Wildfire,1
Alberta s Energy,2
Albertacontinued,1
Albertasigned,1
Alborz,1
Albuquerque,1
Alcoa,1
Aldi,1
Alef Aeronautics,1
Alef Aeronautics',1
Alexander,1
Alfa Laval,1
Algeria - Agricultural Commodities,1
Algeriaand,1
Algerian Energy,2
Algerian Energy Exports Sink,1
AliExpress,3
Alibaba Group,1
Alimentation Couche-Tard,1
All Venezuela Sanctions Are on Table If Maduro Reneges,1
All-Important Monsoon Rains,1
Allawitweeted,1
Allergan,1
Alliance,4
Alliance Resource Partners,1
Alliance on Green Energy,1
AllianceBernstein,1
Allianz,4
Allianz Commercial,1
Allianz Global Investors,1
Allianz SE,2
Allianz Trade,2
Alpha MBM Investments,1
Alphabet Inc.'s,1
Alrosa,4
Alstom,1
Alta,2
Alta Mar Energy,1
AltaGas,1
Altamira,1
Alterra,3
Altyn Grain Group,1
Aluminum,1
Aluminum Options,1
Alvarez & Marsal,2
Alweendo,1
Alyeska Pipeline,3
Amazon,49
Amazon Climate Disaster Could Cascade Across Earth,1
Amazon Countries Need More Power in Climate Debate,1
Amazon Employees Walk Out to Protest Climate,1
Amazon Rainforest Region,1
Amazon Signs Hydrogen Deal With Plug Power to Cut Fossil Fuel,1
Amazon Watch,1
Amazon s Climate Pledge,1
Ambani,3
Amber Energy,4
Amberjack Pipelines,1
Ambitious Climate Change Plans,1
Ambler Access Green Energy Project Threatens Alaska Ecosystem,1
Ambrey,2
Amenas,1
Amend Russia Nuclear Deal This Week,1
Ameredev,4
Ameredev II,1
Ameredev Operating,1
American,1
American Air Cuts,1
American Airlines,2
American Clean Energy Refining,1
American Climate Corps,1
American Climate Corps for,1
American Community,1
American Council for an Energy-Efficient Economy (ACEEE,1
American Energy,3
American Exploration and Production Council,1
American LNG,7
American Petroleum Institute,20
American Support for EVs,1
Americanas,1
Americans Fuel Demand,1
Americas Energy & Resources,1
Amigo,1
Amnesty International,1
Amos Hochsteintoldthe Financial Times,1
Amoureux,2
Ampere Computing,1
Amperon,1
Ample Winter Supply,1
Amplify Energy,2
Ampol,1
Amro,1
Amulsar,2
Amundi,5
An Energy-Hungry World Sees,1
An International Atomic Energy Agency,1
Anadarko,31
Anadarko Petroleum,2
Anadarko Petroleumlast year,1
Anadarkolast,1
Anadolu Agency,3
Analysis - Electric,1
Anambas Exploration,1
Anchor,1
Ancient Silk Road Art Faces Risks From Climate Change,1
Andeavor,1
Andel,1
Andijan,1
Andreae,1
Andrews,1
Andurand,4
Andurand Capital Management,1
Aneka Tambang,1
Anew,1
Anexplosion,1
Anfield Energy,1
Anglo American,18
Anglo American Platinum,1
Anglo American Platinum Limited,1
Anglo American s,1
Anglo Americanrejectedthe,1
Anglo-Dutch Shell,1
Angola Cuts Fuel Subsidy,1
Angola LNG,3
Angola s Ministry of Petroleum,1
Angolaofficially,1
Angus Reid Institute,1
Anin,2
Anka,1
Annex Wealth Management,1
Announce &#x20AC;450 Million,1
Announce Africa Climate,1
Announce Aid to Bolster Ukraine's,1
Another Acquisition Corp.,1
Another Weekly Gain as Energy Pain Deepens,1
Ant,1
Antero Resources,1
Antero Resources Corporation,1
Anti-Coal Protesters Target South African Energy,1
Anti-ESG Attack,1
Anti-Government Protests Spread to,1
Anti-Graft Effort,1
Anti-Hamas ',1
Anti-Kremlin,2
Anti-OPEC Bill Revived,1
Anti-Sanctions Alliance Grows,1
Anti-Trust,1
Anticipation of Ukraine Transit,1
"Antonio on Climate Financing, Investment",1
Anvisa,1
Any Russia Sanction Dodgers,1
AoI,1
Apache,2
Apache Corp,5
Apache Corp.,1
Apache Corporation,5
Apartment Prices Surge,1
Aperam,1
Apex Energy,2
Apikur s Caggins,1
Apollo,1
Apollo Global,1
Apollo Partner Strong Starts Infrastructure,1
Apollo Posts,1
AppDirect,1
Apple,34
Apple Inc.,1
Apple TV's,1
Apple Vs Climate,1
Apple's Climate,1
Application,1
Approve Climate Fund Boost to &#x20AC;212 Billion,1
Approve Maritime Deals as Tensions With Turkey Rise,1
Aprilto,3
Aquarius,1
Aquila Group,1
Arab Fund for Economic and Social Development,1
Arab Gulf Program for Development,1
Arab Heavy,2
Arab Light,3
Arab Medium and Arab Heavy,2
Arab Monetary Fund,1
Arab News,1
Arab Petroleum Investments Corporation,1
Arabia,1
Arabian Business,2
Arabile Gumede,1
Arabiya TV,1
Arabiyanews,1
Aramco,238
Aramco And Reliance Industries Scrap,1
Aramco Downstream,1
Aramco Oil Pipelines Co.,2
Aramco Oil Pipelines Company,3
Aramco Oil Pipelines Company for$12.4 billion,1
Aramco Trading,1
Aramco Upstream,2
Aramco Ventures,1
Aramcobookeda,1
Aramcoliftedits,1
Aramcosigned,1
Arbelaez,1
Arc,1
ArcLight Capital Partners,2
Arcadium,1
Arcadium Lithium,1
ArcelorMittal,5
ArcelorMittal Raises Steel Prices,1
ArcelorMittalshut,1
Arch Resources,1
Arch Resources Inc.,1
Archaea Energy,1
"Archer Eyes Asia, Middle East",1
Arcius Energy,1
Arco,2
Arco/Novy Port,1
Arctic Institute,1
Arctic LNG 2,10
Arctic Oil Drilling Plans Revived,1
Ardekaniansaidon,1
Aremina,1
Arena Energy,1
Arena Offshore,1
Areportby Offshore,1
Argent,1
Argentina Beef Prices to,1
Argentina Energy or Mining,1
Argentinato,3
Argos,1
Argus,56
Argus Data,1
Argus European Crude Conference,1
Argus Media,10
Argus Media Ltd,1
"Argus Media, Energy Intelligence",1
Argus Mediareportedtwo weeks ago,1
Argus Research,1
ArgusquotedExxon Guyana,1
Argusreported,3
ArgusreportedBeijing s,1
Argusreportedon,3
Argusreports,3
Arizona Public Service Company,1
Arizona US Factory,1
Arjuna Capital,4
Arkhangelsk,1
Arm IPO,1
Arms Trade With North Korea Violates Sanctions,1
Army,5
Army Deepens Ties,1
Army Public Relations,1
Army Training,1
Arnous,1
Arrobo,1
Arrow Energy,3
Arrow Global,1
Artemis,1
Artificial Intelligence (AI,1
Artificial Intelligence Climate,1
Artificial Intelligence Startup Looks to,1
Artyom Verkhov,1
Asahi,1
Asahi Kasei Mitsubishi,2
Ascent Resources Utica Holdings,1
Asda,3
Asda Co-Owner,1
Asdr,1
Asharq TV,1
Ashurst,1
Asia - Agricultural Commodities,1
Asia - Energy & Oil,1
Asia Charm Ltd,1
Asia Commodities and Energy,2
"Asia Factories Grapple With Rising Costs, Oil Prices With",1
Asia Gasoil/Jet Fuel Tender Summary,1
Asia House,1
Asia Investor Group on Climate Change,1
Asia LNG,1
Asia Pacific Petroleum Conference to Debate Crude's,1
Asia Point to Uneven Recovery Across Markets,1
Asia Times,1
Asiaby $0.45/bbl m/m,1
Asian Bank,1
Asian Companies',1
Asian Crude Demand,1
Asian Development Bank,2
Asian FX,1
Asian LNG,1
Asian Metal,1
Asian Mining,1
Asian Natural Gas Price Jumps,1
Asian Oil Sales,1
Asian Premium,1
Asian Refiners,1
Asiato,1
Asiawere,1
Asos,1
Assad Deal,1
Assala Energy,2
Asset Energy,2
Associa,1
Associated Press,3
Associated Pressreports,2
AssociatestoldReuters,1
Association of International Energy Negotiators,1
Association of Nigeria (CORAN,1
Astana Motors,1
Astanor Ventures Launches New Climate Tech Investment Fund,1
Astomos Energy,1
AstraZeneca,7
Astron Energy,1
Astron Energy's,6
Astronomy,1
Asya Energy,3
Atlantic Coast Pipeline,1
Atlantic Coast Pipelinesaid,1
Atlantic Council,1
Atlantic Trading & Marketing,1
Atlas Energy,1
Atlas Energy Falls,1
Atlassian,1
Atmos Energy,1
Atmos Energy's,2
Atomic Energy Canada,1
Atomic Energy Organization,1
Atomic Grab,1
Atomic-Fuel Stockpile Swelled,1
Attia,2
Attract Climate-Friendly Capital,1
Audi,12
Audi USA,1
Aug - Agricultural Commodities,1
Aurora,3
Aurora Energy Research,5
Aurora Energy Research s European Battery Markets Attractiveness Report,1
Aurora Energy Resources,3
Austin Energy,1
Austin Energy Institute,1
Austin Gigafactory,1
Austin I-35 Highway Expansion Moves Ahead,1
Austra,1
Australia Backs Russia Veto Curbs,1
Australia Climate Risks Drive Up Home Insurance Costs,1
Australia Defends Natural Gas,1
Australia Energy,1
Australia Foreign Investment Uncertainty Spikes,1
Australia Insurance,1
Australia Lags on Climate Goals,1
Australia Newcastle Coalfutures,1
Australia News,10
Australia News Today:,1
Australia Pacific LNG,1
Australia Pensions Near,1
Australia Reviews Military,1
Australia Sanctions Three People for Downing MH17,1
Australia Studies Gas Price Cap,1
Australia Urges China to Press,1
Australia Vows Stable Energy Exports,1
Australia s Fair Work Commission,1
Australia s Origin Energy,1
Australian Coal Mines Planned,1
Australian Court Backs Coal Mine Expansions in,1
Australian Energy Producers,8
Australian Energy Week 2024,1
Australian Financial Review,1
Australian Industrial Energy Pty Ltd,1
Australian LNG,5
Australian News,1
Australian Oil Search,1
Australian Pension Fund,1
Australian Strategic Materials,1
Australian Trade Tensions With Barley,1
Australian Viva Energy Group,1
AustralianSuper,2
Australiato,1
Austria s Energy and Climate,1
Austrian Energy,2
Austrian Grid Management,1
Austrian Unit,1
Auto Trader,1
Auto Trader s,1
AutoNation,1
Automotive Gas Oil,4
Automotive News,1
Automotive News',1
Autopilot,2
"Autopilot,",1
Avaana Capital,1
Avad Energy Partners,1
Avista,1
Aviva,1
Aviva Investors,1
Avoid Climate Laggards',1
Avril,1
Avro,2
Avro Energy,1
Ax Democrats' Climate Crisis Committee,1
Axion Energy,1
Axiosrecalls,1
Axis Securities,1
Axpo Solutions,1
Azerbaijanagreedto,1
AzerbaijantoldReuters,1
Azovstal,2
Azule Energy,2
Azure,1
Azure Minerals,4
Azure Minerals Limited,1
Azure Power Global Ltd,1
Azzatyk,2
Azzawiya Oil Refining Company,1
B.V.,2
B3 SA Brasil Bolsa Balcao,1
B30,1
B40 - Energy & Oil,1
BAE,1
BAE Systems,1
BAFA,3
BAFTA,1
BASF,11
BASF Considers Selling Gas to Grid,1
BASF Group s,1
BASFsignedearlier,1
BB Energy,3
BBC,42
BBC News,1
BBC Newsshowedon,1
BBC Reports,1
BBC TV,2
BBCin,2
BBCreport,1
BBCreportedat,1
BBCreportedearlier,1
BBF,1
BC Hydro,2
BC Hydro s,1
BCBS,1
BCC,1
BCG,1
BCPG,1
BCPL,1
BCS,1
BCS Global Markets,1
BDA,1
BDB,1
BDEW,10
BDI,6
BDO,2
BECCS,1
BECL,1
BEP,1
BEV,6
BFY Group,1
BG Group,1
BHGE,1
BHP,43
BHP Group,3
BICC,1
BIS Sees Climate,1
BIVA,1
BIW Isolierstoffe,1
BJP,1
"BKBEF),Kiwetinohk Energy Corp.",3
BKR,3
BLK,2
BLM,29
BLM Alaska,1
BLM Wyoming,1
BLM Wyoming March,1
BLMreportedthat,1
BLMsaid,1
BLS,4
BMG Research,1
BMI,4
BMO,3
BMO Capital Markets,6
BMO Energy Banker,1
BMW,18
BMWs,1
BNA - Energy & Oil,1
BNAmericas,1
BNE,1
BNE Intellinews,2
BNEF,3
BNEF s,1
BNN Bloomberg,2
BNN Bloomberg TV,1
BNP,1
BNP Paribas,12
BNP Paribas Blasted,1
BNP Paribas Securities,2
BNSF Railway,1
BOCI Research,1
BOE Set Up &#xA3;40 Billion Liquidity Fund for Energy,1
BOEM,13
BOFIT,1
BOGA,1
BOJ,20
BOJ Focus on Signs of Change in Economy May Fuel Market Chatter,1
BOJ Move,1
BOK Financial,2
BOK Financial Corp,1
BOK Financial Securities,1
BP,176
BP Alternative Energy Investments,1
BP America,2
BP Backs Solar Firm,1
BP Canada Energy Group ULC,1
BP Counter Push,1
BP Cypre,1
BP Energy,2
BP Expands UK Carbon Capture Bet With Harbour Energy,1
BP Gas & Power Iberia,1
BP Gas Marketing Ltd.,1
BP Midstream Partners LP Shell,1
BP Plc s,1
BP Products North America,1
BP Slows Retreat From Oil as Ukraine War Drives Record,1
BP Whiting Refinery Fire,1
BP Wind Energy,2
BP and,4
BP and Equinor,1
BP and Shell,2
BP board,1
BP plc,1
BP s,44
BP s Gulf of Mexico,1
BP s Head of Country,1
BP s Looneysaid,1
BP s Net Zero,1
BP s Rapid,1
BP s Tangguh LNG,1
BP s US Impact Report: Investing in America,1
BP s Wendeler,1
BP s last,1
BP s latestEnergy,1
BP s one of,1
BP sEnergy Outlook,1
BP soutlook,1
BP's Alternative Energy Investments,1
BP's2019 Energy Outlook,1
BP's2019 Energy Outlooksaid,1
BP'sStatistical Review of World Energy,1
"BP,",1
"BP, Equinor",1
"BP, Hess Corp",1
"BP, Shell",1
"BP, Total",1
BPCL,48
BPGIC,1
BPH Energy,1
BPI,2
BPX Energy,1
BPannouncedearlier,1
BPjoinedon,1
BPreportedon,2
BPsaidit,3
BPwas,1
"BQ.1, XBB New Omicron Variants",1
BRC,1
BRENT CRUDE OIL FUTURES,1
BRI,3
BRICS,2
BRICS Bank Struggles,1
BRICS Invites Big Energy Producers,1
BRICS Leaders,1
BRICS Summit:,1
BRIEF-88 Energy Confirm No Impact On Operations Charlie-1,1
BRNT,1
BSE,2
BSEE,1
BSH,1
BSP,1
BSW,1
BT Deepens Cost-Cutting Drive to Tackle Energy,1
BTC,23
BUND,2
BVEG,1
BVMW,1
BW Energy,1
BW Energy Ltd.,1
BW LNG,1
BW LPG,1
BW Research Partnership,4
BWEE.OL - BW Energy Ltd Profile,1
BWM,1
BWO,1
BYD,21
BYDDY,1
Bab el-Mandeb,1
Back Off,1
Backed Motion to Lift Sanctions on Tornado,1
Backs Paris Climate Deal,1
Badminton-Russia's,1
Baerbock,5
Bahamas Blasts Company's,1
Bahrain Oil Field Despite Climate Pledge,1
Bahri,2
Baig,1
Bailout Package,1
Bain,2
Bain & Co.,1
Bain & Company,1
Bain & Company s,1
Bain & Companysaidon,1
Baird Equity Research,1
Bajaj,1
Baker Hughes,12
Baker Institute,2
"Bakhmut, Avdiivka",1
"Bakhmut, Avdiyivka",1
"Bakhmut, Red Cross",1
"Bakken, Eagle Ford",1
Balanz Capital Valores,1
Bald Hill,1
Baldwin: Energy Support Contributing to Labor Shortages (Audio,1
Baltic,1
Baltic Pipe,3
Baltic Pipe Project,1
Baltic Urals - Energy & Oil,1
Balticconnector,1
Balyasny Asset Management,1
Bang Energy,2
Bang Energy's,1
Bangaldesh - Energy & Oil,1
Bangladesh -sources - Energy & Oil,1
Bangladesh Flooding Fuels Climate Migration,1
Bangladesh Opposition Party,1
Bangladesh Plans Garment Factory,1
Bangladesh Utilities Seek,1
Banias,1
Bank,2
Bank Account,1
Bank Climate Risk,1
Bank Earnings,2
Bank Of Canada,1
Bank of America,17
Bank of America s,1
Bank of America's,1
Bank of Canada,2
Bank of China,9
Bank of Chinasuspendedon,1
Bank of England,9
Bank of England's,1
Bank of Israel,1
Bank of Italy,2
Bank of Italy Raises Inflation Forecasts,1
Bank of Montreal,2
Bank of Russia,3
Bank of Russia Boxed,1
Bank of Russia Calls,1
Bank of Russia Governor,1
Bank of Russia Hikes Key Rate,1
Bank of Russia Holds Rate,1
Bank of Russia Seen Halting Rate Hikes,1
Bank of Russia Sees No Alternative to Yuan for Its Reserves,1
Bank of Russia Sticks,1
Bank of Russia to Speed Up Currency Sales,1
"Bank, Asset Manager Climate Group",1
"Bank, Energy Earnings",1
BankTrack,1
Banker Cuts,1
Bankers Say the Quiet Part Out Loud at Climate Week,1
"Bankers See More Asia, Middle East Dual Listings",1
Banking Programme at ShareAction,1
Banking on Climate Chaos,1
Banks Are Untold Story,1
Banks Cut China Exposure,1
Banks Face Energy Risks in Residential Mortgage,1
Banks Facing DOJ Russia-Sanctions Probe,1
Banks Group's,1
Banks Know Climate Change Is Biggest Threat to Financial System,1
Banks Put on Notice as Climate Liabilities Hit Capital Planning,1
Banks for Climate Failures,1
Banks to Reflect Climate Risks in Strategy,1
Banque des Territoires,1
Barakah,1
Barakah Nuclear Energy Plant s,1
Barbados Debt-for-Climate Swap,1
Barbados Reach,1
Barclay s,1
Barclays,39
Barclays Accused of Bias on East Africa Crude Oil Pipeline,1
Barclays Banker,1
Barclays Capital,1
Barclaysrevisedits Climate Change Statement,1
Barilla,1
Baring Vostok - RDIF,1
Barkindo,4
Barkindosaidat,1
Barkindosaidon the Energy Intelligence Forum,1
"Barnett, Eagle Ford",1
Barra,1
Barrasso,1
Barron s Cahill,1
Base Oil Manufacturing,1
Bashagha,2
Bashagha s,1
Bashier Pipeline Company,1
Basic Energy Services,1
Basquevolt-Nabatt,1
Basra - Energy & Oil,1
Basra Energy Company Limited,1
Basra Heavy,3
Basra Oil Co.,1
Basra Oil Company,4
Bassoe Analytics,1
Bassoe Offshore,2
Bassoe Offshoresaidin,1
Battered Energy Grid,1
Battery & Electric Vehicle Materials,1
Battery Energy Storage Systems,1
Battery Giant LG Energy,1
Battery Maker LG Energy,1
Battery Maker LG Energy Profit,1
Battery Maker LG Energy Slashes Spending,1
Battery Maker LG Energy's,1
Battle Road Research,1
Battle Tanks From West Give Ukraine,1
"Battle on Oil Price Caps, Sanctions in Push to Hurt",1
Battlefield Advances Are Raising Cost of War,1
Battling Energy Crisis,1
Bay Off Southern Greece Becomes a Cog,1
Bay du Nord,1
Bayer,3
Baytex Energy,3
Baytex Energy Corp,1
Bazan Group,2
Bcfd,1
Beach Energy,1
Beacon,1
Beacon Offshore Energy,1
Beacon Wind,1
Beam Clean Energy From Space: Scientists Advance Technology,1
Beard,1
Beat Climate Change,1
Beat Worst of Energy Crisis,1
Bechtel,2
Bechtel Corp s,1
Bechtel Energy Inc,1
Bechtel Energy Inc.,1
Bed Bath & Beyond,1
"Beef, Crude Production",1
Beijing Gas,1
Beijingintervened,1
Bekok Oil Redevelopment,1
Belarus - Agricultural Commodities,1
Belarus - Energy & Oil,1
Belarus Creditors Rush,1
Belarus Mozyr,1
Belarus Olympic Committee,1
Belem,1
Belgian Energy,1
Belgium s Energy,1
Belgorod Explosion,1
Bellatrix Energy LtdandCoral Energy,1
Bellatrix-Seti East,1
Belneftekhim - Agricultural Commodities,1
Belneftekhim - Energy & Oil,1
Belousov,1
Belta - Energy & Oil,4
Benchmark Mineral Intelligence,1
Benefit Clean Energy,1
Benghazi,7
Bennett: Energy Infrastructure Holding,1
Benta B.V.,1
Bergermeer,1
Berkeley,3
Berkeley Energy Institute,1
Berkeley Lab,1
Berkeley Lab s,1
Berkely,1
Berkshire Energy Unit,1
Berkshire Hathaway,18
Berkshire Hathaway Energy Infrastructure Group,2
Berkshire Hathawaywould,1
Berlin Climate Neutrality,1
Berlin Cold War Outpost Offers Window,1
Berlin Film Festival,1
Berlin Runway Invasion Shows Hubs,1
Bernstein,1
Berwick,1
Beryl,1
Best Interest of,1
Best Practices Mineral Potential,1
Best Restaurant 2023 Awards,1
Best-Performing Stock,1
Bestla,1
Bet on Energy Deals,1
Beta Creative,1
Better Help Customers,1
Better Power Grids Are Needed to Achieve Climate Goals,1
Better at Climate Tech Incentives,1
Between60%,1
Bexmico,1
Beyond Oil & Gas Alliance,1
Bezos,1
Bezos Earth Ends Funding of Climate Standards Group,1
Bezos Earth Fund Cuts Ties With Climate Standards Group,1
Bezos Earth Fund Joint Study:,1
Bharat Petroleum,21
Bharat Petroleum CFOhas,4
Bharat Petroleum CFOrevealedthat,1
Bharat Petroleum Corp,3
Bharat Petroleum Corp Ltd.,1
Bharat Petroleum Corp.,2
Bharat Petroleum Corporation,2
Bharat Petroleum Corporation Limited,15
Bharat Petroleum Corporation Ltd,11
Bharti Airtel,2
Biden Administration,1
Biden Administration Hardens Russia Sanctions Before Departing,1
Biden Administration Readies New Sanctions,1
Biden Administration Urges Fuel-Export Cuts,1
Biden Boosts Energy Efficiency Standards for Affordable Housing,1
Biden Climate Estimate,1
Biden Climate Law Tees Up Big Carbon Cuts,1
Biden Climate Plan for,1
Biden Climate Pledge,1
Biden Convenes Oil Executives,1
Biden Decries Climate Threat,1
Biden Disputes Ukraine Zelenskiy,1
Biden Faces Crisis:,1
Biden Green Tax Credit,1
Biden Issues Offshore Drilling Rights After Climate Law Mandate,1
Biden Pulls Energy Department,1
Biden Touts Climate Efforts,1
Biden s Energy Plans Threaten Alaska s Oil Ambitions However,1
Biden s Inflation Reduction Act,2
Biden-Harris,1
Biden-Harris Administration,3
Bidenomics,1
Bidenomics Climate Change Policy,1
Bidenomics Exposes Energy Tension,1
Big ECB,1
Big Energy Short,1
Big European Banks Are Getting Indirect Aid From Energy Backstops,1
Big Law,1
Big Oil,20
Big Oil ExxonMobil,1
Big Oil Set for Record Profit,1
Big Oil's,2
Big Oil's Climate Pledges,1
Big Tech,10
Big Tech's,1
Big Utilities See Inflation Reduction Act Helping Reduce Customers' Energy,1
Biggest African Bank Cites Energy Needs,1
Biggest Bank,1
Biggest Bank ICBC Forced to Trade Via USB,1
Biggest Climate Finance Club,1
Biggest Climate Fund,1
Biggest Energy Users Oppose Eskom Cost Claw Back,1
Biggest Fusion Energy Reactor Faces More Delays,1
Biggest Fusion-Energy Project Searches,1
Biggest Gas Field Despite Energy Crisis,1
Biggest Oil-Tank Farm,1
Biggest Ports,1
Biggest Renewable-Energy Companies,1
Biggest Thai Money Manager Bets Tourism,1
Biggest UK Economic Challenge,1
Biggest Weekly Rally,1
Biggest Wind Farm,1
Bilateral Security Pact at Critical Time,1
Bilfinger UK Limited,2
Billions Lost,1
Billions in Climate Costs:,1
Billions on Energy Efficiency to Cut Demand,1
Billions to Tackle Energy Deficit,1
BinDawood Holding,1
Binance Appoints Singapore,1
Binance Faces US Probe of Possible Russian Sanctions Violations,1
Binance and Kraken,1
Binancefor,1
Biomass Energy Project Signs Agreement With,1
Biomass Energy Project Signs Cooperation Deal With,1
Biomass Energy Project Signs Distribution Deal,1
Bioy,1
Birol,27
Birol Warns,1
Biroltoldthe New York Times,1
Birth Rate Plunges,1
Bitcoin,5
Bitcoin Miners Forced to Report Energy Use in,1
Bitcoin Rally,1
Bitcoin's,1
Bitfury Group,2
Black Gold Investors,1
Black Pearl Energy Trading,1
Black Pod,2
Black Sea Fleet,2
Black Sea Fleet HQ,1
Black Sea Food Shipments,1
Black Sea Mine Operation Begins,1
Black Swan Oil & Gas,1
BlackRock,73
"BlackRock Backs Fewer Climate, Social Shareholder Proposals",1
BlackRock Board,1
BlackRock Warns,1
BlackRocksaid,2
BlackRocksaidit,1
Blackrock,1
Blackstone,5
Blame Climate Change,1
Blame for Cable Sabotage,1
Blank,1
BleepingComputer,5
Blinken Backs,1
Block,1
Block 11B/12B Africa Energy,1
Block 11B/12B. Gas,1
Block EU Joint Funds,1
Blocks 3 & 7,1
Bloom,1
Bloomber,1
Bloomberg,834
Bloomberg Commodity,1
Bloomberg Economics,2
Bloomberg Evening Briefing,10
Bloomberg Evening Briefing:,11
Bloomberg Evening Briefing: ',2
Bloomberg Evening Briefing: Accelerating Global Warming Narrows,1
Bloomberg Evening Briefing: Metals Are Back as Big Energy,1
Bloomberg Evening Briefing: OPEC Output Cut,1
Bloomberg Finance,1
Bloomberg Green Zero Podcast,1
Bloomberg Intelligence,5
Bloomberg Intelligencesaidon,1
Bloomberg Law,3
Bloomberg Lawreportedthat,1
Bloomberg Markets Magazine Guest,1
Bloomberg New Economy:,1
Bloomberg New Economy: The Limits,1
Bloomberg New Economy: US-China Tensions Are All About,1
Bloomberg New Energy Finance,2
Bloomberg News,18
Bloomberg Newsnotes,1
Bloomberg Newsreported,1
Bloomberg Newsreports,1
Bloomberg Opinion,3
Bloomberg Philanthropies,2
Bloomberg Professional Services,2
Bloomberg Radio,1
Bloomberg Study,1
Bloomberg Surveillance Early Edition,1
Bloomberg Suspends Operations,1
Bloomberg Sustainable Finance Forum,1
Bloomberg TV,9
Bloomberg Television,13
Bloomberg Wealth,1
Bloomberg Weekend,1
Bloomberg Weekend Reading:,1
Bloomberg Weekend Reading: Europe Mulls Emergency Energy,1
Bloomberg s,6
Bloomberg s Julian Lee,20
Bloomberg s Lee,3
Bloomberg s Lucia,1
Bloomberg sJulian Lee,1
Bloomberg television,1
Bloomberg that Gains,1
Bloomberg using Finance Ministry,1
"Bloomberg, Dangote",1
"Bloomberg, EVs",1
"Bloomberg, Hess",1
BloombergNEF,7
BloombergNEF s,1
BloombergNEF s New Energy Outlook,1
Bloomberganalysisof,1
Bloombergcited Chevron,2
Bloombergcited UniCredit SpA,1
Bloombergcites MF,1
Bloombergestimatedlast month,1
Bloombergnoted,1
Bloombergquoted,1
Bloombergquoted Kazakhstan s Energy,1
Bloombergquoted Misri,2
BloombergrecallsArdebili,1
Bloombergreport,4
Bloombergreportciting,1
Bloombergreported,28
Bloombergreported.,1
Bloombergreportedlast month,1
Bloombergreportedlast week,5
Bloombergreports,16
Bloombergshowedon,28
Bloombergshows,1
Bloombergwritesin,1
Blue Oil,1
Blue Owl Eyes More Middle East Money With Plans,1
Blue Stream,1
Blue Water Energy,1
Bluegreen Energy,1
BoA,4
BoC,3
Board,9
Board Chairmen,1
Board and Utility Creditors,1
Board of Ukraine Unit,1
Boardwalk Pipeline Partners,1
Boata,1
Bodas,1
Boeing,7
Boeing Company s,2
BofA,21
BofA Finds Value,1
BofA Global Research,1
BofA Leads Gas Bond Sale,1
BofA Securities,2
BofA s Singhal,1
Bohemia Energy,1
Bola Tinubu Pledges to Build Roads After Scrapping Nigerian Fuel Caps,1
Boland,1
"Bold, Clean Energy Investments",1
Boliden,1
Bolivia Deploys Military to Gas Stations Amid Fuel Shortage,1
Bolsonaro,2
Bolsonaro Has Climate Focus,1
Bolsonaro NATO,1
Bolster Green Energy Investment,1
Bolster Power,1
Bolster US Climate Finance,1
Bolster Ukraine's,1
Bolster Unity,1
Bolstering Wind Energy Industry,1
Bolt,7
Bolt EUV,1
Bombardier's,1
Bonaire Petroleum Corporation,2
Bonanza Creek Energy,1
Bond Group,1
Bond Moves Before Core CPI Report,1
Bond With,1
Bonds,1
Bonga,1
Bonjour,1
Bonny Light,1
Bonny Light isa,3
Bonterra Energy,1
Bonterra Energy Corp,1
"Books, Movies and TV",1
Boom Supersonic,1
Booming Energy Profits Targeted,1
Boost Clean Tech,1
Boost Climate Disaster Fund With Hospitality Tax Hike,1
Boost Climate Financing for Emerging Markets,1
Boost Climate Investment,1
Boost Climate Investment in,1
"Boost Climate, Chips Fund",1
Boost Defense Capabilities to,1
Boost Deposit Insurance If Markets Face 'Disruption',1
Boost Disclosure Around Climate Lobbying,1
"Boost Economy After Energy, Property",1
Boost Energy Demand,1
Boost Energy Efficiency,1
Boost Energy Sector,1
Boost Energy Security,1
Boost Energy Supplies,1
Boost Insurance Protection for Climate Risk,1
Boost Investor Returns for Energy Networks,1
Boost LNG Exports,1
Boost Middle East Business,1
Boost Nuclear Fuel Production,1
Boost Power Exports and,1
Boost Renewable Energy Investments,1
Boost Russia Sanctions Enforcement With New Project,1
Boost Ukraine Air Defense,1
Boost Ukraine Ammo Supplies,1
Boost Ukraine's,2
Boosting Ukraine Military Support,1
Border Guard Calls for Fence to Secure Russia Boundary,1
Border Tensions Dominate India,1
Border Tensions and,1
Border With NATO,1
Borrell,6
Bosch,3
Bosnia - Energy & Oil,1
Boston Consulting Group,1
Botswana Diamond Sales Fuel Budget Surplus,1
Botswana Grants Its State Oil Company Control of Fuel Imports,1
Bottas,3
Bouaziz,1
Bounty Oil & Gas NL,1
Bouygues,1
Boyka Towers,1
Brabo,1
Brace for ECB Fines,1
Bracewell,1
Bradwell B,1
Braemar ACM Shipbroking Pte Ltd,1
Brage,2
Braidwood Generating Station,1
Brainard,1
Brainard: Financial,1
Branches,1
Brand Development for Catan Studio,1
Brasil,1
Brazil Energy,1
Brazil FX,1
Brazil Seeking Movement,1
Brazil Senate,1
Brazilian Air Fares Climb,1
Brazilian Energy,1
Brazilian Mines and Energy,1
Brazos Electric Power Cooperative,1
Brazos Electric Power Cooperative Inc.,1
Break Republican Demand for Border Deal,1
Breakingviews,1
Breakingviews - Biden's,1
Breakingviews - BlackRock,1
Breakingviews - Capital Calls - Vinci,1
Breakingviews - Climate,1
Breakingviews - Corona Capital,1
"Breakingviews - Corona Capital: Pops, Drugs",1
Breakingviews - Viewsroom,1
Breakthrough Chip Fuels Tensions,1
Breakthrough Energy,1
Breakthrough Energy Backs Boston-Based Battery Startup,1
Brearley,1
"Brearleytoldthe Business, Energy and Industrial Strategy Committee",1
Brega Oil Marketing,1
Brega Oil Marketing Company,1
Brega Oil Marketing Company s,1
Brent,217
Brent Analysis,1
Brent Crude,28
Brent Crude Market News,1
Brent Crude Oil ETF,1
Brent Futures,1
Brent crude,1
Brent oil pricesby,1
Brentin,3
BrettMcGurk,1
Brewdog Criticises ',1
Bridgepoint,1
Brindex,1
Brisk Middle East Crude Trade,1
Britain - Energy & Oil,1
British Airways,5
British Airways Parent,1
British Airways Search,1
British American Tobacco Plc,1
British Army,1
British Business -,1
British Columbia,1
British Columbia s,2
British Embassy Worker,1
British Energy,1
British Foreign Office,1
British Gas,18
British Gas Energy,3
British Gas Owner,1
British Gas Rewards,1
British Gas Sacks,1
British International Investment,1
British Parliament,1
British Steel,1
British Steel Raises Prices Again on Surging Energy,1
British Taxpayers &#xA3;655 Million,1
Britons,3
Britons Facing More Travel Disruption,1
Broken UK Climate Change Promise,1
Brooge Energy Limited,1
Brookfield Asset,1
Brookfield Asset Management,3
Brookfield Explores Raising Funds for Middle East Deals,1
Brookfield Origin Energy Takeover Offer,1
Brookfield Renewable,1
Brookfield Renewable Partners,1
Brookfield Rushes,1
Bruderm,1
Bruegel,3
Brunsbuettel - Energy & Oil,1
Brunsbuettel and Wilhelmshaven,2
Bryce Tech,1
Bryska,1
Btu,2
Buckeye Partner,1
Budget,6
Budget Day,1
Buffett's Berkshire,1
Build LNG Hub,1
Builders Fuel Outperforming Fund,1
Building Boom Versus Climate Change,1
Building Louisiana Energy Gateway Project,1
Building and Design,1
Bulb,1
Bulb Energy,1
Bulgaria Air,1
Bulgaria s Center for the Study of Democracy,1
Bulgarian Energy,1
Bulk Commodities,2
Bull-Market Close,1
Bulls on Crude Oil Prices Fret as Slumping Profits Spurs Talk of Refinery Cuts,1
Bumi Resources Q1,1
Bundesbank,6
Bundesnetzagentur,10
Bunzl Units,1
Burberry,2
Bureau,1
Bureau Chief &,2
Bureau of Labor Statistics,2
Bureau of Land Management,1
Bureau of Ocean Energy Management,3
Bureau of Safety and Environmental Enforcement,1
Burning More Gas,1
Busiest Port Warns Energy,1
Busiest Shipping Lanes,1
Business Climate Worsens,1
Business Day,2
Business Energy Bills,1
Business FM,2
Business Green,1
Business Insider,1
Business Insiderhas,2
Business Insiderreportedthat Russia,1
Business Insurance,1
Business News,1
Business and Energy,7
BusinessEurope,1
"Businesses Urge APEC Summit to Tackle Inflation, Energy Crisis",1
Bust UK Energy Firms Rises,1
Butler,1
Buy Advance Energy,1
Buy Canada,1
Buy Chinese Chips as Tensions With US,1
Buy Dominion Energy,1
Buy Drone Defense After Ukraine,1
Buy Emerson's,1
Buy German Energy Firm Encavis,1
Buy Neptune Energy,1
Buy Oil for Strategic Petroleum Reserve,1
Buy Rockcliff Energy,2
Buy Russia Gas,1
Buy Sapura Energy Gas Assets,1
Buy Suncor Energy,1
Buy US Shale Oil Driller Callon Petroleum,1
Buying a Lot of Commodities,1
Bybit,1
Bystrinsky,1
C&F,1
CAAM,1
CAATSA,3
CAC,5
CAD 0.47,1
CAI,1
CAISO,2
CANADA CRUDE Heavy,1
CANADA CRUDE-Heavy,1
CANADA STOCKS-Energy,20
CANADA STOCKS-Futures,1
CANC,1
CAPEIC,1
CAPGC,1
CAPP,6
CARLB,1
CAS,3
CASIC,1
CAT,1
CATL,16
CATLsaidit,1
CBAM,2
CBC,2
CBC - Energy & Oil,1
CBC News,4
CBC Newssaid,1
CBCreported,1
CBI,1
CBIRC,1
CBS,5
CBS Newsreported,1
CCB,1
CCC,5
CCCEU,1
CCE,1
CCEE,1
CCGRF,1
CCGT,1
CCIC,1
CCL,3
CCP,1
CCS,7
CCTD,2
CCUS,10
CDP,2
CDU,3
CEA,2
CEC,5
CEE,1
CEE Bankwatch Network,2
CEFC,4
CEFIC,1
CEM Oil and Gas,1
CEMIG,1
CENTCOM,4
CEO - Energy & Oil,4
CEOsaid,1
CEQ,1
CER,2
CERAWEEK-India,1
CERAWeek,1
CERAweek,1
CES,3
CEZ,8
CF Industries,4
CF Industries and,1
CFD,1
CFE,19
CFE International LLC,1
CFFO,3
CFI Financial Group,1
CFLI,1
CFO,9
CFO Meng,3
CFRA Research,1
CFTC,16
CGF,3
CGN New Energy's,1
CGT,8
CGX Energy,1
CGX Energy Inc,1
CHGT,1
CHN Energy,2
CHN Energy Investment Group,1
CIA,10
CIBC Private Wealth,1
CIBC Private Wealth Group,1
CIBC Wood Gundy,1
CIMB,1
CIMIC,1
CIO,1
CIP,2
CIPA,2
CIR,1
CITAC,1
CITIC Securities,1
CLIMAID,1
CLNG,3
CLR,2
CMC Markets,1
CMC Markets UK,1
CME,4
CME Group,2
CME Groupannouncedthat,1
CMG,1
CMOC,4
CMOC Group,3
CMS,2
CN Wirereports,1
CNA Corp,1
CNBC,42
CNBC.Next week,1
CNBCquoted the bank,1
CNBCreported,1
CNBCreportedlast,1
CNBCreportedtoday,1
CNBCreports,3
CNEA,2
CNET,1
CNH,5
CNN,25
CNNhe,1
CNNreported,1
CNNsaid,1
CNOOC,7
CNOOC Petroleum Brasil Ltda,1
CNOOC Petroleum Guyana Limited,2
CNOOCreportedon,1
CNOOCsaidon,2
CNPC,38
CNPC Research,1
CNPCforecastingit,3
CNPCsaidit,1
CNPCsignedan,1
CNPE,1
CNQ,4
CNRI,1
CNRL - Energy & Oil,1
CNX Resources,1
CNY Travel,1
COFECE,1
COGAT,2
COGCC,1
COIN,1
COLUMN-Adani,1
COLUMN-Australia,1
COLUMN-China,2
COLUMN-China's,8
COLUMN-Iron,1
COLUMN-LNG,2
COLUMN-Rio Tinto's,1
COLUMN-Spot LNG,1
COLUMN-Urbanisation,1
COLUMN-Vietnam's,1
COO - Energy & Oil,1
COP28 Climate Change Summit,1
COP28 News,1
COP28 News:,1
COP28 Summit,1
COP28 advisory board,1
COP28 panel,1
COP28 summit host UAE's,1
COR-e,1
COSCO,1
COSCO - Agricultural Commodities,1
COSCO -sources - Energy & Oil,1
COVAX,1
COVID,30
COVID-19,11
COVID-19 - TASS,1
COVID-19 aid - Energy & Oil,1
COVID-19 challenges ',1
COVID-19 hit,1
COVID-19 vaccination,1
COVID-19 vaccine -wealth,1
"COVID-19, Bloombergreportedon",1
"COVID-19, Consumer Energy Alliance",1
CP2,1
CP2 LNG,2
CPC,66
CPC Blend,4
CPC Blend - Agricultural Commodities,1
CPC Blend - Energy & Oil,1
CPC Corp,1
CPC Corporation,3
CPCL,1
CPCsays,1
CPFL Energia,1
CPG,2
CPI,1
CPKC,1
CPO,1
CPPIB,2
CPS Energy,2
CPSC,5
CPUC,2
CPYYY,2
CR,4
CR s,4
CRE,3
CREA,46
CRH,1
CRISIL,1
CRISIL Ratings,2
CRP,2
CRU,1
CRU Group,1
CS,1
CSD,1
CSIRO,1
CSIS,2
CSL Exploration,1
CSPC,1
CSPV,1
CST,1
CSTO,2
CT,1
CTK,1
CTV News,1
CUSMA,1
CVA - Energy & Oil,1
CVC Capital Partners,1
CVE,6
CVR Energy,11
CVR Energy's,1
CVR Refining,1
CVS,1
CVX,20
CWC Iraq Petroleum,1
CZ,1
Cabinet,4
Cabinet Approves Updated Energy Blueprint,1
Cabinet Office,1
Cabot,2
Cabot Oil & Gas,1
Cabot Oil & Gas Corporation,1
Cadence Bank,1
Cadillac,1
Cairn Energy,8
Cairn Energy PLC,1
Caisse,1
Caixin Global,1
Caixin Insight Group,1
CalPERS,6
CalPERS administrative board,1
Calcalist,1
Calcalistreported,1
Calcasieu Pass LNG,2
Caldwell,1
Calenzano,1
Calgary Herald,1
Calgary Office,1
California Air Resources Board,2
California Approves Big Energy Storage Systems,1
California Climate Disclosure Laws | Practical Law The Journal,1
California Communities Against Toxic,1
California Energy Commission,1
California Energy Commissionshow,1
California Energy Emergency Alerts Help State,1
California Faces Credit Risks If Climate Aid Falls,1
California Heat Waves,1
California Passes Climate Corporate,1
California Produce Plant to Ditch Grid,1
California Public Utilities Comm,1
California Resources,2
California Restaurants Are a Surprising Force Stalling Climate Progress,1
California Risks Slowing Energy Transition With Solar Subsidy Cut,1
California State Grid Ran,1
California Textbooks Skimp on Climate Change,1
California Water Supply Planning,1
California s Advanced Clean Cars,1
California s Low Carbon Fuel Standards,1
Call for Climate Aid to Poorer Nations,1
Call to Boost US Energy Sway,1
Callon Petroleum,2
Callon Petroleum Company,2
Callon s,2
Calm Energy Markets,1
Calm Turkey Tensions Running High Over NATO Bid,1
Calpers,3
Calpine,5
Caltex,3
Caltexwill,1
Cambodia Fuel Fresh Concerns,1
Camborisk,1
Cameco,1
Cameron,2
Cameron LNG,3
Cameron Urges US,1
Campaign for Rupee Trade Finds Fans,1
Campaigners Demand &#xA3;14 Billion Package to Tackle,1
Campbell,1
Can Climate Activism and Litigation Really Work,1
Can Europe Energy Consumers Rely,1
Canad,1
Canada Budget Surplus,1
Canada Call for More Cash to,1
Canada Energy,2
Canada Energy Companies:,1
Canada Energy Hub,1
Canada Energy Regulator,1
Canada Energy Regulator s,1
Canada Energy Regulatorshowed,1
Canada Eyes Individual Investors,1
Canada Factory,1
Canada Financial Watchdog Sets Rules on Climate Risk Disclosure,1
Canada Goose,1
Canada Growth Fund,2
Canada Hydrogen Deal,1
Canada LNG,1
Canada Manufacturing Sales,1
Canada Pledges More Military,1
Canada Postpones Trade Mission,1
Canada Select,2
Canada Trade Balance Records,1
Canada Unveils Strategy,1
Canada s Environment and Climate Change,1
Canada s Supreme Court,1
Canadaagreed,1
Canadalaunchedthe Just Energy Transition Partnership,1
Canadareached,1
Canadian Access Western Blend,1
Canadian Association of Petroleum Producers,1
Canadian Banks',1
Canadian Enbridge,1
Canadian Energy,1
Canadian Energy Centre,1
Canadian Energy Companies Get Boost From Unusual Decoupling,1
Canadian Energy Financings Leads,1
Canadian Energy and Natural Resources,1
Canadian Facedrive,1
Canadian Gibson Energy,1
Canadian LNG,1
Canadian National Railways,1
Canadian National Resources International,1
Canadian Natural,3
Canadian Natural Resources,14
Canadian Natural's,1
Canadian Oil Exports Surge,1
Canadian Oil Exports Test,1
Canadian Pacific Railway,1
Canadian Production,1
Canadian Select,1
Canadian TC Energy,1
Canadian Treasuries,1
Canadian Uranium Supply Deals,1
Canadian Western Bank,1
Canadians for Affordable Energy,1
Canakkale,1
Cancels Bond Swap,1
Cannon-Brookes,1
Cantor Plans Power and Energy Finance Unit,1
Capacity Investment Scheme,1
Capgemini,1
Capital Economics,2
Capital Economics Brown,1
Capital Energy,4
Capital Maritime and Trading Corporation,1
Capital Markets Day,4
Capital Ship Management Corp,3
Capitol Hill,1
Capra Energy,1
Capricorn,1
Capricorn Energy,5
CarGurus,1
Carbon Capture,1
Carbon Capture Tech Faces Local Protests,1
Carbon Capture Utilization and Storage,1
Carbon Emissions Fall,1
Carbon Tax Ambitions Need,1
Carbon Tracker,3
Carbon Trackercommentedon,1
Carbon-Cutting Market Needed,1
Carbon-Free Energy Infrastructure,1
Carbon-Sucking Tech,1
CarbonCapture Inc,1
CarbonClear,1
CarbonZero,1
Cardon IV,1
Cargill,1
Cargill Warns,1
Cargill-Hired Wheat Ship Sailing,1
Carling,1
Carlsberg,3
Carlsberg Local Assets,1
Carlson LMD,1
Carlson Software,1
Carlton Power,4
Carlyle,1
Carlyle Energy Co-Head Dey,1
Carlyle Group,3
Carlyle Group Inc.,1
Carlyle International Energy Partners,1
Carmignac Sees Energy Transition Fueling Inflation,1
Carney's Climate Group,1
Carnival,2
Carrhae Capital,1
Carrier to Buy Viessmann Climate Solutions Unit,1
Carrier to Buy Viessmann Climate Solutions for &#x20AC;12 Billion,1
Cars,1
Cars.com,3
Cartel,1
Carvana,1
Casa,1
Caspian Pipeline Consortium,4
Cassini Resources - Energy & Oil,1
Cassis,1
Castbergoilfield,1
Caste Politics Fuel Challenge,1
Castello Blanco,1
Castleton Commodities International,1
Castrol,1
Cataleya Energy,1
Cataleya Energy Limited,2
Catamarca,3
Catan,2
Caterpillar AGM,1
Cathay Pacific Airways,1
Cathay Pacific: Sustainable Aviation Fuel Supply Crunch Endangers Climate,1
Cease All Russia Operations,1
Cedar LNG,1
Cefeidas Group,1
Celata,1
Celsius Tumbles,1
Cemex Falls,1
Cemig,1
Cenovus,15
Cenovus Energy,33
Cenovus Energyslashedits,2
"Cenovus, Husky Energy",1
Cenovussays,1
Census,1
Census Bureau,3
Centennial Resource Development,1
Center for Energy Economics Research,1
Center for LNG,3
Center on Global Energy Policy,1
CenterPoint Energy,2
Centragrid,1
Central,1
Central Asia Department,1
Central Bank,5
Central Bank Funds,1
Central Electricity Department,1
Central Europe'slargest,1
Central Florida Pipeline,1
Central Time,1
Centre Party,1
Centre for Environmental Rights,1
Centre for Research on Clean Air and Energy,1
Centre for Research on Energy and Clean Air,14
Centre of Research of Energy and Clean Air,1
Centrica Buys Old Gas Plant to Turn It Into Green Energy Site,1
Centrica Energy,1
Centrica Expects Earnings Boost,1
Centrica Group,3
Centrica Halts Sale of 'Key',1
Centrica Invests,1
CentricaOverseas Holdings,1
Centurion Pipeline,2
Cepsa,2
Cepsaare,1
Cerrej n,1
Cerrejon,1
Cerulean Winds,1
CfD,2
Chainalysis Working With Ukraine,1
Chair of Mathematical Modelling of the Climate System,1
Challenge,1
Challenge Energy Systems,1
Chalmers,1
Chamber of Commerce,1
Champagne,1
Champion of Climate,1
ChampionX Corporation,1
Chandra Asri Capital and Glencore Asian Holdings Pte,2
Chandra Asri Petrochemical,1
Channel Infrastructure,1
Channel Opens First Africa Bureau,1
Channels TV,1
Chaparral Energy,1
Chappal Energy,4
Charteredanalysts,1
ChatGPT Creator OpenAI Partners,1
Chatham House,2
Chatterton on Clean Energy Investing,1
"Cheap, Clean Energy Raises Risk of Hydropower Shortfall",1
Cheaper Crude,1
Cheiron Petroleum Corporation,1
ChemChina,2
Chemaf Resources Ltd.,1
Chemical Giant,1
Chemicals,2
Chemoil s,1
Chemours,1
Cheniere,1
Cheniere Energy,28
Cheniere Energy Inc,2
Cheniere Energy Partners,1
Cheniere Energy Sabine Pass,1
Cheniere Energy and Venture Global,1
Cheniere Energy s,3
Cheniere Energy(NYSE:,1
Cheniere Marketing,1
Cheniere s Corpus,1
Chennai Petroleum,6
Chennai Petroleum Corporation Limited,3
Chery,2
Chesapeake,1
Chesapeake Energy,39
Chesapeake Energy Corp,1
Chesapeake Energy Corporation,1
Chesapeake Energy Corporation and Southwestern Energy,3
Chesapeake Energy and Southwestern Energy,1
Chesapeake Energy s,2
Chesapeake Energy's,1
Chess-Federation,1
Chestnut,1
Chevrolet,1
Chevrolet Bolt EV,2
Chevron,463
Chevron Australia,4
Chevron Buys Stake,1
Chevron Corp,3
Chevron Corp.,4
Chevron Corporation,7
Chevron Hess,1
Chevron International Exploration and Production,1
Chevron Investors Reject Toughening Emissions,1
Chevron LNG,3
Chevron Mediterranean Limited,4
Chevron Mediterranean LimitedoperatesTamar,1
Chevron New Energies,1
Chevron New Energies International,1
"Chevron Oil, Products & Gas",1
Chevron U.S.A. Inc.,1
Chevron USA,1
"Chevron Works With Corteva, Bunge",1
Chevron s Anchor FPU,1
Chevron s Board,1
Chevron s Gorgon,1
Chevron s Wheatstone LNG,1
Chevronin,1
Chevroninitiated,1
Chevronstarted,1
Chevy Bolt,1
Chevy Bolt EV,1
Chicago Fed,1
Chief Climate Finance,1
Chile - Bloomberg News,1
China - Agricultural Commodities,3
China - Energy & Oil,4
China Aerospace Science and Industry Corp,1
China Alliance,1
China Atomic Energy Authority,1
China Automotive Information Net,2
China Banking and Insurance Regulatory Commission,1
China Baowu Steel Group Corp,2
China Big Tech,1
"China Business Struggles Mount for Wall Street With Rising Tensions, Regulation",1
China Carbon Emissions,1
China Carbon Permits to,1
China Chips' Market-Beating Rally at Risk as US Tensions Flare,1
China Clean Energy,1
China Clean Energy Giants Unveil World's,1
China Clean Energy Offshore Corporate,1
China Climate,1
China Climate Advisers Say More Coal Needed for Energy Security,1
China Climate Experts Confident of,1
China Coal Giant,1
China Coal Transportation and Distribution Association,2
China Concord Petroleum Co.,2
China Cuts,1
China Daily,3
China Dailyreportedtoday,1
China Demand,1
China EVs Hurts Buyers,1
China Efforts,1
China Embassy,1
China Energy,6
China Energy Engineering Corp.,1
China Energy International Group,1
China Energy Investment Corp,1
China Energy Investment Corp.,2
China Energy Investment Corporation,3
China Energy Storage Push Gets Boost,1
China Energy's,2
China Energy:,1
China Evergrande,1
China Evergrande New Energy,1
China Evergrande New Energy Vehicle Group,2
China Expo Pulls,1
China Exports Far More Vehicles,1
China Extends Tax Breaks,1
China Firm's,1
China Funding Aims,1
China Gas,2
China Gas Holdings,1
China Gas Holdings Ltd,1
China General Nuclear,1
China Halts Buying,1
China Huaneng Group Co,2
China Intensifies Military Drills,1
China International Radio,1
China Life Insurance and Aluminium Corporation of China,1
China Longyuan Power Group Corporation,1
China Merchants Energy Shipping Co.,1
China Moly,1
China Molybdenum,2
China Morning Post,1
China National Offshore Oil Company,1
China National Offshore Oil Corporation,11
China National Petroleum,1
China National Petroleum Company,1
China National Petroleum Corp,3
China National Petroleum Corporation,48
China National Petroleum Corporation s,1
China North Industries Group,1
China Nuclear Deal Held Up,1
China Nuclear Trade With Russia Risks Tipping Military Balance,1
China Offers Help,1
China Oil,1
China Oil & Gas Pipeline Network,1
China Oil & Petroleum Company Limited,1
China Oil Buyers Prepare for US Sanctions on Iran With Purchases,1
China Oil Giants See Profits Surge,1
China Oil Suppliers News,1
China Orders Dry,1
China PMI,1
China Petroleum & Chemical Corporation,30
China Petroleum and Chemical Corporation,5
China Reaffirms Covid Containment,1
China Reinforces Support for Coal Even as Renewable Energy Spending Rises,1
China Renewable Energy Investment,1
China Resources Gas Group,1
China Revive Climate Talks,1
China Rocket Launch Boosts Startup Galactic Energy's Bid,1
China Runs Record Trade,1
China Sanctions Boeing,1
China Sanctions Fail Russian History,1
China Sanctions Five US Defense Companies on,1
China Sanctions Tailored to Avoid Trade Fight,1
China Sanctions Two Americans Who've Helped,1
China Sanctions US,1
China Sanctions US Company,1
China Satellite Firm Sanctioned,1
China Scrutiny,1
China Set to Skip Ukraine Talks,1
China Share Sales,1
China Shenhua Energy,1
China Smarter Energy Group Got Petition Issued,1
China Solar Panel Technology Threatens US Energy Security,1
China Tech Theft,1
China Tensions Drive Spending,1
China Three Gorges,3
China Three Gorges Renewables,1
China Trust Damaged Over Conflict,1
China Unveils New Navy,1
China Urges BYD,1
China Urges World,1
China Vows 'Limited' Use of Sanctions List for Foreign Firms,1
China Warns State Energy,1
China iPhone Factory Tensions Flamed,1
China s Baowu Steel Group Corp.,1
China sContemporary Amperex Technology Co Ltd,1
China sXinhuanews,1
Chinaannouncedlast year,1
Chinabackpedaledearlier,1
Chinaboosted,1
Chinadid,1
Chinadoubles,1
Chinahostedan,1
Chinaimported 12.08 million,2
Chinais,1
Chinaissued,2
Chinalast,1
Chinalaunchedits,2
Chinarosefor,1
Chinato,2
Chinese Cars Rise,1
Chinese Communist Party,1
Chinese Crude Buying Spooks European Oil Market,1
Chinese EV,1
Chinese Energy Investments Ahead,1
Chinese Foran Energy Group,1
Chinese Foreign Ministry,1
Chinese Mega-Refinery Lifts Heavy Oil Prices,1
Chinese Oil Refiners Spend Heavily,1
Chinese Power Firms,1
Chinese Sinopec,1
Chinese Start-Up,1
Chinese Startup's,1
Chinese Zijin Copper,1
Chinese digital yuan,1
Chips Join Sanctions,1
Chisinau,1
Chord Energy,3
Christensen Ranch,1
Christian Brothers Investment Services,1
Christian Sewing,1
Christie visits,1
Christmann and Apache s VP & Country,1
Christodoulides,1
Chrysaor and Premier Oil,1
Chubut,1
Church of England,3
Churchill Capital IV Corp,1
Chuxing Technology,1
Cimarex,1
Cimarex Energy,2
Cineworld,1
Circle K,1
Circle K Owner,1
Cisco,1
Citadel,3
Citgo,41
Citgo - Energy & Oil,1
Citgo 6,1
Citgo Corpus Christi,1
Citgo Petroleum,17
Citgo Petroleum Corp,2
Citgo Petroleum Corporation,1
Citgo Petroleum Corporationalso,1
Citgo Petroleum's,1
Citgo Wins Insurance Payment Over Crude Oil Seized,1
Citgopress,1
Citi,44
Citi Among Firms Named,1
Citi Bank,1
"Citi Forms Green Energy Transition, ESG Advisory Teams",1
Citibank,1
Cities Are Key in Climate-Change Fight,1
Citigroup,29
Citigroup ESG,2
Citigroup Expands Climate Goals,1
Citigroup Global Markets,1
Citigroup Inc.,1
Citizens,1
Citizens Advice,4
Citla Energy,1
City & County,1
City A.M.,1
City Clean Energy Scorecard,1
City Energy,1
City-Building Video Game ',1
CityLab Daily,7
CityLab Daily:,4
CityLab Daily: Climate Change Is Making,1
CityLab Daily: Climate Change Is Transforming the Stuff of Cities,1
CityLab Daily: Climate Change to Test Tokyo's,1
Civil War Rages,1
Civitas,1
Cl0p,1
Clarke,2
Clarksons Research,3
Clavel,1
Clean Electricity Performance Program,1
Clean Energy,12
Clean Energy Boom,1
Clean Energy Capacity Grows,1
Clean Energy Council,4
Clean Energy Expansion,1
Clean Energy Future,1
Clean Energy Giants,1
"Clean Energy Incentives at Risk, BI",1
Clean Energy Innovation and Implementation,2
Clean Energy Investment Set to Run at Double Fossil-Fuel Spend,1
Clean Energy Investor Group,1
Clean Energy Jobs,1
Clean Energy Push Means,1
Clean Energy Sales Surge,1
Clean Energy Stocks',1
Clean Energy Super Grid,1
Clean Energy Systems,1
Clean Energy Transformation Compact,1
Clean Energy Transition,3
Clean Energy Wire World,1
"Clean Energy,",1
"Clean Energy, Climate Action",1
Clean Energy: The Ups and Downs of Transition in South Africa,1
Clean Fuel,1
Clean Line Energy Partners,1
Clean Planet Energy Partners,1
Clean Power,1
Clean Technica,1
Clean Technicareported,1
Clean-Energy,1
Clean-Energy Firm,1
Clean-Energy Fund,1
Clean-Energy Law Costing US,1
Clean-Energy Projects,1
Clean-Energy Tax,1
Clean-Energy Transition,1
Cleantech Factories,1
Cleanview,2
Cleanviewreportedby Reuters,1
Clear Any Offshore Wind,1
ClearView Energy,1
ClearView Energy Partners,11
ClearView Energy Partners LLC,1
Clearview Energy Partners,1
Cleveland Federal Reserve Bank,1
Cleverly Urges China,1
ClientEarth,5
Climate,12
Climate Activists Win Lawsuit,1
Climate Aid,1
Climate Ambition,2
Climate Analytics,1
Climate Bad Bank',1
Climate Change Authority,1
Climate Change Commission,1
Climate Change Committee,2
Climate Change Prompts Energy Economists,1
Climate Change Sears Planet,1
Climate Club,1
Climate Court,1
Climate Finance,4
Climate Finance Commitment,1
Climate Fund Managers,4
"Climate Funding for Infrastructure, Systems",1
Climate Future,1
Climate Goals With Budget in Question,1
Climate Group,2
Climate Group on Legal Risks,1
Climate Innovation Fund,1
Climate Mandate,1
Climate Model,1
Climate Momentum Under Threat as Bloc,1
Climate News,1
Climate Pact to Channel Money,1
Climate Pacts,1
Climate Pledge Fund,1
Climate Prediction Center,1
Climate Risks Fuel Niche Market,1
Climate Risks Push California Insurance Market,1
"Climate Risks, RBNZ",1
Climate Rules Disrupt World's,1
Climate SDR,1
Climate Summit Latest,3
Climate Summit: Who's Going,1
Climate Talks,1
Climate Tech,2
Climate Tech Companies Building,1
Climate Tech Fund,1
Climate Tech Incubator,1
Climate Tech Investments,1
Climate Tech Unit,1
Climate Under Supervision,1
Climate and Clean Air Coalition,1
Climate and Energy,1
Climate and Energy Economics,1
Climate and Transformation Fund,4
"Climate, Critical Minerals",1
"Climate, Energy & Utilities",1
Climate-Change Ambitions,1
ClimateDepot.com,1
Clock,1
Clogged Power Grid,1
CloudAlpha Capital Management,1
CloudAlpha s,1
Club,1
Clubhouse,1
Clydebank NUstar,1
Cnergyico,3
Cnergyico s,1
Cnooc,1
Cnooc Lifts Spending,1
Cnooc's Profits Surge Again,1
Co-Founder,4
Coal,5
Coal Climate Plan ',1
Coal Deaths Test Beijing's,1
Coal During Energy Crisis Despite Climate Goals,1
Coal Giant Peabody Energy,1
Coal Giants,1
Coal India,1
Coal India Ltd,1
Coal India Ltd.,1
Coal India Profits Slump,1
Coal Miner China Energy,1
Coal Miner Harum Energy Buys Stake,1
Coal Power,1
Coal Power Initiative,1
Coal Rally,1
Coal Reliance a,1
Coal Spinoff,1
Coal Trains Bound,1
Coal With Clean Energy Sources,1
Coal to Aid Climate Efforts,1
Coal to Green Energy Has Businesses Worried,1
Coal-Worker,1
Coalhas,1
Coalitionshowedon,1
Coast,4
Coast Guard,2
Coastal,2
Coastal Real Estate in Places,1
Coastal Virginia Offshore Project,1
Coastline Exploration Inc,1
Coca-Cola,2
Cochan - Energy & Oil,1
Coday,1
Codelco,3
Coffee's Future Looks Bitter as Climate Change Hits,1
Cogentrix Energy,1
Coinbase International Exchange Starts,1
Coke,2
Cold Snap Offers Early Test of Europe's,1
Coldplay Fuel Singapore's,1
Colgate Energy Partners III,1
Collapse Means for Climate Tech,1
Collect Data on Commodity Trade,1
Colombia - Energy & Oil,1
Colombia Asks Constitutional Court to Review Fossil Fuel Royalty Tax Ruling,1
Colombia Races for,1
Colombian Companies Face Energy Crunch,1
Colombian Natural Gas Reserves,1
Colombian Oil and Gas Reserves Drop Amid Petro Clean Energy,1
Colombiawantsto,1
Colonial Pipeline,25
Colonial Pipeline s Line 3,1
Colonial Shuts Key Fuel Line,1
Columbia,2
Columbia Gas Transmission,1
Columbia University,5
Columbia University s Center on Global Energy Policy,1
Columbia University s Centre on Global Energy Policy,1
Columbia University's,1
Column-China's,1
Combat Climate Change,1
Combat Russia-Driven Migrant Influx,1
Comcast,1
Come for Energy Debts,1
Comerc,1
Comex,3
Coming Energy Crisis,1
Comisi n Federal de Electricidad,2
Comision Federal de Electricidad,3
Command,1
Commerce,1
Commerce Departmentdata,1
Commerce s Bureau of Industry and Security,1
"Commerce, Industry",2
Commercial Properties Getting Stranded Across Europe,1
Commercial Vehicle Board of Directors,1
Commerzbank,7
Commission,56
Commissionproposedtoday,1
Commissionsaysthat,1
Committee,3
Committee on Fuel Povertysaidin,1
Commodities Research,2
Commodity Context,1
Commodity Giant Vitol,1
Commodity Intelligence Services,1
Commodity Markets Outlook,1
Commodity Shipping Nears Insurance Cliff Edge,1
Commodity Strategy,1
Commonwealth,3
Commonwealth Bank of Australia,6
Commonwealth Fusion Systems,1
Commonwealth LNG,4
Commonwealth LNG s,1
Communist Party,1
Community Wind Power,1
Community Windpower,1
Companies Are Going Private Than Public,1
Companies Boost Ukraine's,1
Companies House,2
Companies Ink Saudi Arabia Green Energy,1
Companies Keep Climate Goals,1
Companies Set to Get Help With Energy Bills,1
Company,12
Compel Oil Firms,1
Comstock Resources,1
Con Edison,2
Conagra,1
Concept Oil Services Ltd,1
Concern Avtomatika JSC,1
Concho Resources,2
Confirms Energy Trading Giant,1
Conflict and Climate Top Emerging Markets Risks,1
Congress,123
Congress Aid,1
Congressionally,3
Congruent Ventures,1
Conoco,15
ConocoPhillips,83
ConocoPhillipsembargoed,1
Conocophillips,1
Conservative Party,1
Conserve Energy After Power Plant Outages,1
"Consider Power-Use Cuts, Energy Price Caps",1
Consol Energy,4
Consolidated,1
Consolidated Contractors Company,1
Constellation,2
Constellation Energy,11
Constellation Energy Rivals Nvidia Gains,1
Constellation Energy s,2
Constitutional freedoms &,1
Consultancy Energy Aspects,1
Consumer Reports,8
Consumer Reportssaidin,1
Consumers Energy,1
Contact Energy,1
Contango Oil & Gas,1
Contemporary Amperex Technology (CATL,1
Contemporary Amperex Technology Co.,2
Contemporary Amperex Technology Co. Ltd,1
Contemporary Amperex Technology Co. Ltd.,2
Continental,8
Continental Resources,16
Continental Resources Inc.,1
Continental Shelf,1
Continue Energy Savings,1
Contracts for Difference,1
Contribute to Fund for Climate-Hit Nations,1
Control Air Pollution May Ease Energy Crunch,1
Convent,2
Convera,1
Cook County Circuit Court,1
Cooper,1
Copenhagen Energy Islands,2
Copenhagen Infrastructure Partners,2
Copenhagen Infrastructure Partners Raising &#x20AC;12 Billion for Renewable Energy Fund,1
Copernicus,2
Copernicus Climate Change Service,1
Copper Demand to Rise,1
Copper Faces Troubled Future as Renewable Energy Causes Demand to Surge,1
Copperbelt Energy Corp,1
Copperbelt Energy Corporation,1
Coral Energy,1
Core Inflation CPI Eases,1
Core Natural Resources,1
Core Natural Resources Inc.,1
CoreWeave Cloud Computing Startup Nears Funding,1
Corio Generation,1
Corn Farmers,1
Cornell University,3
Cornwall Insight,9
Cornwalland,1
Coronavirus,17
Coronavirus &#,1
Corporacion Venezolana de Guayana,1
Corporate,1
Corporate Climate Club,1
Corral Petroleum,1
Cosco,6
Cosco s Dalian,1
Cosmo,1
Cosmo Energy,5
Cosmo Energycalled,1
Cote d Ivoire,2
Coterra Energy,1
Coterra Energy Inc,1
Couche-Tard,3
Coulter Says Climate Investing Is More Challenging Than He,1
Council,7
Council for Foreign Relations,1
"Council on Energy, Environment and Water (CEEW",1
Council on Ethics,1
Council on Foreign Relations,1
Counter China,2
Counter Russia's,1
Counter US,1
Counter US Climate Law With Own Version,1
Counterpoint Research,1
Countries Set to Bolster Global Methane Pledge,1
Court,4
Court for Climate Survival,1
Court of Appeals,1
Courvalin,2
Coutinho,1
Cove Point LNG,1
Covering Climate Now,1
Covestro,10
Covid,9
Covid Pivot Is Set to Worsen the Global Energy Crunch,1
Covid Recovery Continue,1
Covid Reopening Hits Energy Markets,1
Covid Wave,1
Covid-19,4
Covid-19 Drugs,1
"Covid-19, Reutersreports",1
Cowboy State Daily,1
Cowessess First Nation,1
Cox Automotive,3
Cox Energy,1
Cox Energy America,1
Cr dit Agricole Assurances and Energy Infrastructure Partners,1
Crawley Petroleum Corp,1
Create Climate School,1
Credit Agricole,6
Credit Mutuel,1
Credit Outlook Cut,1
Credit Suisse,26
Credit Suisse Collapse Throws Climate Debt Market Into Turmoil,1
Credit Suisse Face Growing Probe,1
Credit Suisse Securities (USA,1
Credit Suisse's,1
Credit Suisse: How,1
Crescent,1
Crescent Energy,8
Crescent Petroleum,3
Crescent Point Energy,7
Crescent Point's,1
Crestwood Equity Partners,2
Crew Energy,2
"Crime, Climate Force Japan's",1
Cristal Union,1
Critical Minerals Market Review,1
Critical Raw Materials,1
Croatia Oil Pipeline Deal to,1
Croatian LNG,1
Croft,2
Cronos,1
Crooks,1
Cross-Sell,2
Crossbridge Energy Partners,3
Crosscountry Workers,1
Crossover Energy,1
Crown,2
Crown Prince,1
CrownRock,15
CrownRock LP,1
Crucial for Climate Battle,1
Crude Oil Exports,1
Crude Oil Imports From,1
Crude Oil Quality Association,1
Crude Processing Jumps,1
Crude Refining Drops,1
CrudeMay,1
Crudeback,1
Crudebounced,1
Crudein,1
Crudeoil,1
Crudesettling,2
Crudeslumped,1
Cruise,1
Crusoe Energy Systems,1
Cryptic &#xA3;40 Billion Bailout for Energy,1
Crypto Mining Energy Usage Endangers US Climate Efforts,1
Crypto.com,1
Crystallex,6
Crystol Energy,1
Cuba Fuel Depot Fire,1
"Culture, Architecture",1
Cummins,1
Cuneyt Kazokoglu,1
Curb Climate Change,1
Curb Coal,1
Curb Energy,1
Curb Soaring Energy,1
Curbs on Aircon Become Law in Bid to,1
Current-Account Surplus Jumps,1
Cushing,8
Cushing Post,1
Cushion Energy Crisis,1
Customized Muni-Bond,1
Customs Reforms to,1
Customsreleasedin,1
Cut Business Energy,1
Cut Energy,1
Cut Energy Imports to Ease Record Trade,1
Cut Holdings,1
Cutoff Looms,1
Cutting Energy Use,1
Cyber,1
Cybersecurity,3
Cycling is Target of Climate Protests Over Oil Sponsorship,1
Cyclone Kirrily,1
Czech Innogy,1
Czechia,1
Czechs Seek International Funding for Ukraine Ammunition,1
D-Del.,1
DAC,1
DAF,1
DAP,6
DAPL,3
DAPL and Energy Transfer,1
DAVOS-BlackRock,2
DBO Energy,2
DBR,1
DBS Bank,1
DBT,1
DBX Commodities,1
DC Public Service Commission,1
DCF,1
DDOS Attack,1
DEI,1
DEPA Commercial - Energy & Oil,2
DET,1
DFC,1
DFP,1
DGP,1
DHL,2
DHS,2
DIA,1
DIHK,3
DIY,1
DJI,1
DLA Piper,1
DN,1
DNG Energy,1
DNG Energy s,1
DNO ASA,4
DNV,2
DNV GL,2
DNV GL s,1
DOC,1
DOE,44
"DOE),Nuclear Engineering & Science Center",1
DOEannouncedon,1
DOEpress,1
DOGE,2
DOI,1
DOJ,7
DOJ Probing US Classified Documents Leak,1
DOT,1
DP World,5
DPAnotesin,1
DPOC,3
DPR,1
DPRK,1
DRC,6
DRC Crisis: Sanctions on Rwanda Alone,1
DRP,1
DSM,1
DTE Energy Companywould,1
DTE Energy's,1
DTEK,3
DTEK Energy Races Against Time to,1
DTSCR,1
DUC,1
DVN,2
DW,1
DWS,5
"DWS, Legal & General Investment Management",2
Dagneft,1
Daher Made Chair,1
Daikin,1
Daily Sabahreported,1
Daily Trust,1
Daimler,3
Dakota,1
Dakota Access,19
Dakota Access Pipeline,1
Dalata,2
Dallas Fed,3
Dallas Fed Energy Survey,7
Dallas Fed Energy Surveyhas,1
Dallas Fed Survey,1
Dana Gas,6
Dana Petroleum Limited,1
Dangote,17
Dangote Cuts Nigeria Fuel Prices,1
Dangote Group,2
Dangote Industries Limited,1
Dangote Petroleum Refinery,3
Dangote Petroleum Refinery & Petrochemicals,1
Dangote Ports Operations,1
Dangote Refinery,1
Daniel-Davis,1
Danish Energy Market Scandal,1
Danish Entry,1
Danone,5
Danske Commodities,1
Danske Sees Energy Prices,1
Danube,2
Danube Crop Ports,1
Daqo New Energy Co,2
Dar Petroleum Operating,1
Dar Petroleum Operating Company,4
Das,2
Dash for Energy Means Rigging Up LNG Plants at Sea,1
Data Center Alley,1
Data Center Energy Use,1
Data Centers,2
Data Security,1
"Data, Climate Change Are Biggest Headaches",1
Data-heavy week,1
Davis-Besse,1
Davos - Energy & Oil,1
Davos Climate Panel Urges,1
Daymak,2
Daymak Inc,1
Daymak Nebula,1
Daymak Nebula Miner,1
Daymak Spiritus,1
Dbeibah,1
De Beers,1
De Cos,1
De Haan,15
De-Escalate Tensions,1
De-Escalate Tensions After Flights,1
DeSantis,4
DeSantis Energy Plan Calls,1
Dead Husky Energy,1
Dear White House,1
Debate Europe Energy Crisis,1
Debate Radical Energy Intervention Tools as Crisis,1
Debt Sales to Fund Energy Aid,1
Debt-Ceiling Talks Show Climate Pros,1
Debt-Ceiling Talks:,1
Dec - Energy & Oil,1
Decarbonizing Air Travel,1
Decker Eveleth,1
DeepSeek Disruption,1
Deepen Power Cuts With Energy Sources,1
Deepen Ties,1
Deepening Energy Crisis,1
"Deepfakes, Energy",1
Defence,2
Defend Washington State Climate Law,1
Defense,12
Defense Companies Met,1
Defense Department,1
Defense Headquarters,3
Defense Ministry,2
Defense Spending and Global South Under,1
Defense Technology and Science Research Center,1
Defense for Industrial Base Policy,1
Defense of Energy Assets With Show of Force,1
Defense&#xA0;of Ukraine's,1
Defenses on Southern Front,1
Defuse Sea Tensions After Flare-Up,1
Defy Energy Crisis With Growth,1
Delay Climate Targets,1
Delek,1
Delek Drilling,1
Delek Drillingsaidthe,1
Delek Logistics,1
Dell Technologies,1
Deloitte,7
Deloitte India,1
Deloitte US,1
Delos Voyager,1
Delta,5
Delta Air,3
Delta Air AGM,1
Delta Airlines,1
Delta Crescent Energy LLC,1
Delta Hellas,2
Delta airlines,1
Deltastream Energy Corp,1
Deltic Energy,1
Deltic Energy Plc,1
Demand Flexibility Service,2
Democratic Energy,1
Democratic Senatorsurgedthe U.S. Energy Department,1
Democrats - Energy & Oil,1
Democratsare,1
Denbury,6
Denbury Resources,1
Denholm,1
Denmark Energy Crisis Profits,1
Denmark Green Energy Transition Plan,1
Denmarkare,1
Denmarkhas,2
Dent Street Fervor,1
Department,3
"Department for Business, Energy & Industrial Strategy",1
"Department for Business, Energy and Industrial Strategy",1
Department for Energy Security and Net Zero,3
Department of Atomic Energy,1
Department of Chemistry,1
Department of Energy,2
Department of Labor,1
Department of Mineral Resources,3
Department of Mineral Resources and Energy,1
Department of Natural Resourcesrevoked Enbridge's,3
Department of Revenue,1
Department of State,1
Department s resolution,1
Departments of State,1
Deploy Patriot System,1
Dept - Agricultural Commodities,1
Der Spiegel,2
Deripaska,1
Deserts to Dominate Clean Energy:,1
Desmarais Family Member,1
Desmarais-Backed Venture Firm,1
Detail Energy Policy,1
Detroit News,1
Deutsche Bahn,1
Deutsche Bahn Express Rail,1
Deutsche Bank,12
Deutsche Bank HQ,1
Deutsche Bank Securities,1
"Deutsche Bank Targets Asia, Middle East for Wealth Ambitions",1
Deutsche Bank s Sustainability Council,1
Deutsche Bank's,1
Deutsche Energy Terminal,4
Deutsche Energy Terminal GmbH,1
Deutsche Energy Terminals,1
Deutsche ReGas,1
Deutsche RegGas,1
Deutsche Umwelthilfe,1
Deutsche Welle,2
Deutschen Industrie,1
Deutschlandfunk,1
Develop Climate-Friendly Alternative Fuels,1
Develop Climate-Friendly Materials,1
Development,3
Development Company,1
Development and Economy Ministries,1
Development and Engineering Affairs,2
Devon,1
Devon Energy,26
Devon Energy Corp,5
Devon Energy Corporation s,1
Devon Energy's,1
Dhafra,1
Dhar,1
Diamond,5
Diamond Drilling,2
Diamond Offshore Drilling,2
Diamond Offshoresaidon,1
Diamondback,11
Diamondback Energy,22
Diamondback Energy Accelerates Permian Expansion With,1
Diamondback Energy Exploring Sale of Non-Core West Permian Assets,1
Diamondback Energy Inc,2
Diamondback Energy Inc.,1
Diamondback Energy's,1
Did Climate Change Cause,1
Didi's,1
Die Zeit,1
Diesel,22
Diesel Crisis Worsens,1
"Diesel Curbs, Maintenance",1
Diesel Drivers,1
Diesel Motor Fuel Subsidy Latest,1
"Diesel, Fuel Exports",1
Diess,3
Digital,3
Digital Business,1
Digital Development,1
Digital Solutions,1
Dire Need of Military Aid,1
Dirty Supply Chains Undercut Climate,1
Dirty Venezuelan Fuel Imports Threaten Petro's,1
Dirty-Fuel Hoarding,1
Discuss Bolstering Ukraine Grid,1
Discuss Feasibility of Gas Price Caps Before Energy,1
Discussions,1
Disney,1
Dispel Climate of Fear as Graft Fight Churns,1
Dispute as Energy Crisis Looms,1
Disrupting Energy Output,1
District,3
District Court,1
Diversified Energy Probed,1
Diversify Energy Production Sources,1
"Diversity, Climate Change After Culture Wars",1
Division for Energy Supply Outlooks,1
Dmitriev,5
Dmitriev - Energy & Oil,1
Dnipro,1
DoC,4
DoD,1
DoE,7
DoI,1
DoJ,1
Dodd-Frank Act,1
Dodge,1
Dodge Energy Crisis,1
Dodge Recession,1
Does Climate Change Make It Worse,1
Dogecoin,5
Dogger Bank A,1
Dogger Bank Wind Farm,1
Doha Bank QPSC,1
Dombrovskis,1
Domestic Demand Peaks,1
Domestic Energy Producers Alliance,1
"Domestic Sustainable Fuel Could Support 15,000 Jobs",1
Dominant,1
Dominion,2
Dominion $1.6 billion,1
Dominion Energy,20
Dominion Energy Makes Plans,1
Donbass,1
Dor Gas,2
Dos Bocas Oil Refinery Produces Fuel,1
Dos Bocas Refinery Boost,1
Double Eagle,1
DoublePoint Energy,9
DoublePoint and Energy Transfer,1
Dow,13
Dow Jones & Co.,1
Down Steel Unit,1
Downing Street,2
Downstream Business Management,1
"Downstream, Midstream & Chemicals",1
"Downstream, Renewables & Energy Solutions",1
Drawing Climate Activists' Ire,1
Drax,12
Drax Fined &#xA3;6.1 Million for Charging Extreme Energy,1
Dream of Climate Revolution to Revive Germany,1
Driftwood LNG,6
Drilled,1
Drone Access,1
Drone Advances,1
Drone Programs,1
Drone Sector,1
"Drone, Missile Components",1
Drones,4
Drummond,3
Druzhba,48
Druzhba Oil Pipeline,1
Druzhba Urals,1
Dry Winds Fuel Post Fire North of LA,1
Dryad Globalsaidon,1
Drzhba,1
Dual Purpose,4
Dual-Use Network,1
Dubai Civil Defense,1
Dubai Crude,2
Dubai Floods Expose Weakness to Climate Change After UAE Heavy,1
Dubai Real Estate Slowdown,1
Dubai-,1
Dubai/Oman,1
Dubbo Project,1
Duke,4
Duke Energy,33
Duke Energy Removes Climate Language,1
Duke Energy Wants,1
Duke Energy's,1
Duke Energywona,1
Dukovany,1
Duma,1
Dun & Bradstreettitled,1
Dundee,1
Dung Quat,2
Dunkelflaute,2
Dunkirk,6
Dunleavy,1
Durham University,1
Dusseldorf Airports Disrupted by Climate Activists,1
Dutch Climate Goals at Risk After Success of Far-Right Party,1
Dutch Greenwashing Case on,1
Dutch Parliament Urges,1
Dutch Present $16 Billion Plan,1
Dutch Renovation Technique Promises Quicker Net-Zero Energy,1
"Dutch Set Nitrogen Emissions Cuts for Energy, Aviation, Industry",1
Dutch TTF Gas Futures,1
Dutch TTF Natural Gas Futures,3
Duterte,1
Duterte Accepts,1
Duvernay,2
Dyson,2
E&E News,1
E&E Newsreports,1
E&P,5
E.ON,7
E10,1
E15,7
E2,2
E3,2
E3G,5
EA Forum,2
EACOP,2
EACOP Ltd,1
EAF,1
EBA,2
EBIT,3
EBITDA,10
EBOB,2
EBRD,11
EBRD Sees Challenge,1
EBRS,1
EBS,1
EC,13
ECA,1
ECB,58
ECB - Energy & Oil,1
ECB Aiding 'Climate Chaos' Through Emergency QE,1
ECB Climate Comments Boost ESG Bond Performance,1
ECB Decision,1
ECB Ramps Up Scrutiny of Banks' Readiness,1
ECB Threatens 20,1
ECB Unveils,1
ECB Urges Banks to Speed Up Plans,1
ECT,2
EDC,1
EDF,56
EDF - Energy & Oil,2
EDF Energy,14
EDF Power,1
EDM,1
EDMEs,1
EDO,1
EDP,7
EDP Renewables,2
EDP Renewables SolarNova,2
EDP Renovaveis SA,1
EDP)fell,1
EDPR,1
EDRI,1
EEF,1
EEPGL,1
EEX,2
EFET,1
EFS,1
EFT,1
EGAS,3
EGAT,1
EGL,2
EGM,1
EGPC,1
EI,1
EIA,433
EIA - Agricultural Commodities,3
EIA - Energy & Oil,2
EIA Weekly Petroleum Status,1
EIA s International Energy Statistics,1
EIA s Monthly Energy Review,1
EIA s Petroleum Supply Monthly,1
EIA s State Energy Data System,1
EIA s electric generator,1
EIA sWinter Fuels Outlookpublished,1
EIAestimatedoil,1
EIAestimatedon,1
EIAexpectsin,2
EIAforecastsin,1
EIAreportedearlier,1
EIAreportedthat,1
EIAsaid,1
EIAsaidin,1
EIAsaidon,2
EIAsaidthat,1
EIAsays,1
EIB,6
EIG,12
EIG Global Energy Partners,6
EIG Partners,1
EIG s,1
EIG s MidOcean Energy,1
EIP,5
EIS,3
EKI Energy,1
EM,1
EMA,2
EMA Sputnik,1
EMEA,2
EMEA FX,1
EMIR,1
EMMA Capital's,1
ENAP,1
ENB,1
ENEC,4
ENEOS,1
ENGI FP,1
ENH,1
ENI,4
ENKRAFT,1
ENN,2
ENN Energy,6
ENN Energy Holdings,4
ENN Energy Holdings Limited,1
ENN Energy Shares,1
ENN LNG,1
ENN Natural Gas,4
ENPH,2
EO,1
EOG,1
EOG Resources,9
EON Warns,1
EON Weighs Sale,1
EP Energy,2
EP Energy -sources,1
EP Energy Transition,2
EPA,100
EPA Climate Rule,1
EPAproposedupdates,1
EPAwill,1
EPC,10
EPCI,3
EPDK,1
EPG,2
EPH,6
EPH Group Builds,1
EPIC-China,1
EPL,1
EPM,1
EPP,3
EPR,1
EPRA,1
EPS,7
EPSO,1
EQT,4
EQT Corporation,1
EQT Transition Infrastructure,3
ERCOT,26
ERG,1
ERMA,1
ERT,1
ERT TV,1
ESA,7
ESAI Energy,1
ESG,72
ESG Clarity,1
ESG Financing,1
"ESG Investing, Climate Change",1
ESG Saudi Aramco Clean Energy News,1
ESGEN Acquisition Corp,1
ESMA,2
ESPO,83
ESPO Blend,1
ESRS,1
ET - Agricultural Commodities,1
ET Energy World,1
ET Now,1
"ET, WTIwas",1
"ET,WTIwas",1
ETF,10
ETM,1
ETR,3
ETRI,1
ETS,7
ETS2,1
EU,2626
EU Aid,1
EU Aims,9
EU Ambassadors,1
EU Amps,1
EU BEV,1
EU Backs,1
EU Backs Emergency Energy Steps,1
EU Backs Fresh Russia Sanctions,1
EU Backs More Sanctions on Belarus Over Aiding Russia's,1
EU Backs Russia Sanctions Package Including Oil,1
EU Backs Russian Asset Profits,1
EU Banks Expand Risk Scenarios They Face Due to,1
EU Broadens Concerns on Subsidies,1
EU Carbon Allowances Fall,1
EU Carbon Border Adjustment Mechanism,1
EU Carbon Import Tax Shifts Climate Burden,1
EU Carbon Plan,1
EU Clean Energy,1
EU Climate,4
EU Combustion Engine,1
EU Commission,2
EU Commission Preparing to Recommend Ukraine Membership,1
EU Commission Proposes Relaxing Rules on Energy Trading Margins,1
EU Commission's,1
EU Companies Get New ESG Rules Aimed at Addressing Climate Risks,1
EU Countries Resort to VAT Cuts,1
EU Covid Fund,1
EU Deal Forces Investors,1
EU Draft Energy,1
EU Economy Risks 'Full Stop' on Energy Crisis,1
EU Energy,15
EU Energy Agency,1
EU Energy Crisis,2
EU Energy Crisis Action Must Echo Covid Solidarity,1
EU Energy Ministers,2
EU Energy Ministers Demand Action,1
EU Energy Ministers Seek,1
EU Energy Platform,1
EU Energy-Crisis,1
EU Eyes Emergency Talks on Energy Crisis With Prices,1
EU Eyes Russia's,1
EU Faults Elon Musk's,1
"EU Gas Plan Faces Increasing Opposition, Risking Energy",1
EU Green,1
EU Joint Purchase,1
EU Launches Subsidy Probes,1
EU Membership,1
EU Metals Industry Urges Aid,1
EU Mulls,1
EU Mulls &#x20AC;18 Billion,1
EU Nations,2
EU Naval,1
EU Needs More Funds,1
EU Offers,1
EU Offers E-Fuel Exemption,1
EU Opens Crisis Fund for Nations Under Influx of Ukraine Crops,1
EU Opens Gas Buyers' Club,1
EU Parliament,2
EU Parliament Office,1
EU Power Market Talks,1
EU Reaches Climate,1
EU Sanctions Already Crimping Russian Crude Sales,1
EU Sanctions More Iranian Officials Over Human Rights Violations,1
EU Sanctions Seek to Make Banks,1
EU Scales Back Response,1
EU Set,1
EU Set to Announce,1
EU Set to Increase Weapons Fund Used,1
EU Set to Lift Sanctions,1
EU Set to Move on,1
EU Set to Water Down Climate Rules,1
EU Sets Out,1
EU Solidarity,1
EU Starts Planning,1
EU State of the Union Puts Focus on Expansion,1
EU States,1
EU Sugar Market:,1
EU Summit,1
EU Support,1
EU Threatens to Walk Away From,1
EU Trade,2
EU Trade Hawks Warn,1
EU Urges Countries,1
EU Weighs Speed,1
EU united,1
EU-Africa Climate,1
EU-Latam,1
EURACTIV,4
EURN,1
EURO,1
EUROPE POWER-,12
EUROPE POWER-Cold,1
EUROPE POWER-Curve,1
EUROPE POWER-Day-ahead,1
EUROPE POWER-Forecast,1
EUROPE POWER-Forward,1
EUROPE POWER-French,2
EUROPE POWER-German,6
EUROPE POWER-Monday,2
EUROPE POWER-More,1
EUROPE POWER-Prices,1
EUROPE POWER-Prompt,13
EUROPE POWER-Rise,1
EUROPE POWER-Rising,2
EUROPE POWER-Spot,30
EUROPE POWER-Supply,1
EUROPE POWER-Year-ahead,1
EUROfusion,1
EUhas,1
EUlaunchedanti,1
EUwarned,1
EV,388
EV Batteries,3
EV Battery Sales Climb,1
EV Chargers Set to End Sales of Fossil Fuel Cars,1
EV Demand Risks,1
EV Dream Threatens,1
EV Makers,1
EV Metal,2
EV s. CATL s,1
EV/ESG,1
EVs,21
EXCLUSIVE BlackRock,1
EXCLUSIVE Canada's,1
EXCLUSIVE China reserve bureau,1
EXCLUSIVE Energy,2
EXCLUSIVE Mercuria,1
EXCLUSIVE Nigeria,1
EXCLUSIVE-Chesapeake Energy,1
EXIM,3
EXPLAINER-Climate,1
Eagle Ford,14
Eagle LNG,1
Eagle LNG Partners,1
Eagle S,3
Earlierestimates,1
Early Climate Tech,1
Earth Science Associates,2
Earthjustice,1
Earthstone Energy,3
Ease Clean Energy Financing,1
Ease Germany's,1
East Africa Crude Oil Pipeline,1
East Monitor,1
EastMed,1
Easter,1
Eastern,2
Eastern Australia,1
Eastern Canada,1
Eastern Canada Extreme Wildfire Weather:,1
Eastern Libya,1
Eastern Slavonia Gas,1
Eastern Theatre Commandsaid,1
EasyJet,2
Ebro-EV Motors,1
Ebson Uanguta,1
Ecoanal tica,1
Ecoener,1
Economic Petroleum Reserve,1
Economic Times,1
Economic Timescitedunnamed,1
Economicoback,1
Economics,1
Economy Faces Energy Woes,1
Economy Is Working,1
Economy Ministry,2
Economy and Finance,1
Ecopetrol,8
Ecopetrol S.A.,2
Ecuador s Energy,1
Edesur,1
Edison,2
Edison Energy,1
Edison International,2
Edvard Grieg,1
Egbin Power Plc,1
Egypt Climate Summit,1
Egyptian General Petroleum Corporation,1
Egyptian Natural Gas Holding Company,2
Egyptneeds,1
Ekeremor Local Government Area of,1
Ekofisk,6
Eksom,1
El Feel,2
El Nino-Induced Energy Supply Crunch,1
El Nino: Global,1
El Palito,3
El Peri dico de la Energ,1
Elcom,3
Elders,1
"Election, Student Loans:",1
Electrekreportedon,1
Electric,1
Electric Blanket Sales Soar,1
Electric Future,1
Electric Insights,1
Electric Reliability Council,1
Electric Vehicles (EVs,1
Electric Vehicles Fuel Green IPO Boom,1
Electricite de France,1
Electricite de Liban,1
Electricity Council,1
Electricity Monthly,1
Elga,2
Elharrar,5
Eli Lilly,1
Elite,1
Elliot Investment Management,1
Elliott Investment Management,4
Elliott Investment's,1
Elliott Management,2
"Elliott, Carlyle",1
Elliptic s Co-,1
Elon Musk Denies Report,1
Elon Musk Sets Off Uproar,1
Elon Muskmocking,1
Elon Musksaidat,1
Elon Musktweetedlast week,1
Elumelu,1
"Embassies, Grain to Counter Russia",1
Ember,31
Ember Climate,1
Embercitedby Reuters,1
Embersaidin,1
Embersays,2
Embrace Property Destruction,2
Emerald Energy,1
Emerging-Market Climate Finance,1
Emeric de Vigan,1
Emirates Global,1
Emirates Global Aluminium,1
Emirates Group,1
Emirates NBD,1
Emirates NBDmore,1
Emirates National Oil,1
Emirates News Agency,1
Emirates Nuclear Energy Company,1
Emirates Steel Arkan,1
Emirates news,1
Emirati Mubadala Energy,1
Emissions,1
Emissions-Heavy Agriculture Wins Climate Reprieve,1
Emmer,1
Empire Wind,2
Empire Wind 1,3
Empire Wind 2,2
Employment Training Panel,1
Empresa Nacional del Petroleo,1
EnBW,1
EnBW Energie Baden-W rttemberg AG,1
EnCap Investments,4
EnCap s Advance Energy Partners,1
EnLink Midstream,1
EnQuest,3
Enag s,1
Enauta,1
Enbidge,1
Enbridge,76
Enbridge Inc,1
Enbridgeis,1
End-2022,1
Endeavor Energy,1
Endeavor Energy Explores Sale,1
Endeavor Energy Partners,1
Endeavor Energy Resources,5
Endeavor Energy Resources LP,2
Endesa,3
Endless Clean Energy Is Still,1
Enea - Energy & Oil,1
Eneco,1
Enel,12
Enel s Bargi,1
Eneos,3
Eneos Holdings,1
Energean,1
Energean s Rigas,1
Energean s Rigassaidlast month,1
Energeanexported,1
Energeticky a Prumyslovy Holding,1
Energi,3
Energi Danmark,1
Energia Argentina,1
Energias de Portugal,1
Energiekontor - Energy & Oil,1
Energize Ventures,1
Energoatom,5
Energy,206
Energy & Environment Legal Institute,1
Energy & Oil,50
Energy - Asia Pacific,1
Energy - Energy & Oil,1
Energy Actin,1
Energy Agency,2
Energy Aid,1
Energy Aid Tab Nears &#x20AC;770 Billion to Take on Covid Proportions,1
Energy Asia Pacific,2
Energy Aspect,1
Energy Aspects,58
Energy Aspects LTD,1
Energy Aspects Ltd.,1
Energy Aspects Sen,3
"Energy Aspects, FGE",1
Energy Balances,1
Energy Capital,1
Energy Capital Group,2
Energy Capital Partners,2
Energy Charter Treaty,1
Energy Cohas,1
Energy Commission,1
Energy Committee,2
Energy Community,1
Energy Compacts,1
Energy Company To Acquire Dominion Energy's,1
Energy Corporation of India Limited(SECI,1
Energy Crisis,7
Energy Crisis &#,1
Energy Crisis Complicates COP for Key Climate Player,1
Energy Crisis Dampening Corporate Deals for,1
Energy Crisis Deepens,1
Energy Crisis Deepens Ahead,1
Energy Crisis Deepens as Local Utilities,1
Energy Crisis Latest News,1
Energy Crisis Sparks Money,1
"Energy Crisis, Group",1
"Energy Crisis, Recession,",1
Energy Demand Growth a Risk,1
Energy Department,12
Energy Dept,6
Energy Dept:,1
Energy Development Oman,1
Energy Disruption,1
Energy Efficiency 2020,1
Energy Efficiency 2022,1
Energy Even More Expensive,1
Energy Evolution,2
Energy Exploration Technologies,1
Energy File to Economy Minister's,1
Energy Foundation China,3
Energy Fuels,8
Energy Fuels Inc.andNeo Performance Materials,1
Energy Futures,1
Energy Giants Sell Gas,1
Energy Grid and Infrastructure,1
Energy Hub Declares Emergency After Water Main Break,1
Energy Import Gateway Sees Possible,1
Energy Inc.,1
Energy Income Partners,1
Energy Industry,1
Energy Information Administration,15
Energy Infrastructure Partners,1
Energy Innovation,3
Energy Institute,1
Energy Institute's,1
Energy Intelligence,53
Energy Intelligence Group,2
Energy Intelligence Russia,1
Energy Intelligence s,4
Energy Intelligencereportedearlier,1
Energy Intelligencereportedthat,2
Energy Intelligencereports,1
Energy Intelligenceshowedthis week,1
Energy Investments,1
Energy Jennifer Granholmsaying,1
Energy Limited,1
Energy Live,1
Energy Live Newsreports,1
Energy Management: AI,1
Energy Marketing,1
Energy Markets,4
Energy Markets Are Being,1
Energy Markets and Security,3
"Energy Markets, Analysis and Standards",1
Energy Min - Energy & Oil,1
Energy Ministry,13
Energy Ministrysaidlast week,1
Energy Monitor,2
Energy Monster,1
Energy News Network,2
Energy News Networkreported,1
Energy Outlook,4
Energy Outlook Advisors,1
Energy Package as Natural Gas Price,1
Energy Policy,1
Energy Prices,1
"Energy Prices, Growth in",1
Energy Private Limited,1
Energy Profits Levy,6
Energy Province Hamper Output Again,1
Energy Regulator Tells Suppliers,1
Energy Research,1
Energy Resources,5
Energy Resources Development Division,1
Energy Resources Management Company,2
Energy Safety Canada,1
Energy Savior,1
Energy Security,10
Energy Security Quest Threatens Climate Goals,1
Energy Security at Risk Due to,1
Energy Service Research,1
Energy Services,1
Energy Sites as Alarms Raised,1
Energy Solutions,1
Energy Storage,2
Energy Subsidy Share Balloons Sixfold,1
Energy Supply Chains,1
Energy Switch,1
Energy Tax-Credit Rules Put on Fast Track,1
Energy Tranfer s,1
Energy Transfer,49
Energy Transfer (ET,1
Energy Transfer Canada,1
Energy Transfer LP,7
Energy Transfer Partners,6
Energy Transfer Partners LP,2
Energy Transfer s,5
Energy Transfer's,6
Energy Transfersaidit,1
Energy Transition,3
Energy Transition Investment Trends,1
Energy Transition Minerals,3
Energy Transition Partners B.V.,1
Energy Transition Partnership,1
Energy Transition Service,1
Energy Transition Ventures,5
Energy Transition Venturessaidon,1
Energy Transitions Commission,2
Energy Transitions Working Group,1
Energy UK,4
Energy Usage Offers,1
Energy Use Falls,1
Energy Vault,1
Energy Voice,7
Energy Voicereports,1
Energy and Carbon Summary,2
Energy and China,1
Energy and Climate,2
Energy and Climate Change Graham Stuart,1
Energy and Climate Fund,4
Energy and Environment Committee,1
Energy and Investment,1
Energy and Military Liable,1
Energy and Natural Resources,5
Energy and Petroleum,1
Energy week,1
"Energy, Construction",1
"Energy, Growth Worries Outweigh UBS",1
"Energy, Logistics",1
"Energy, Rate Hikes",1
"Energy, Semiconductor Support",1
"Energy, Services",1
Energy-Boycotters Blacklist,1
Energy-Conservation Programs,1
Energy-Intensive Companies,1
Energy-Intensive Projects,1
Energy-Price Compensation to Companies,1
Energy-Rescue,1
Energy-Storage Business,1
Energy: Nigeria Investors Interested in,1
EnergyPulse Energy Storage,1
EnergyScan,1
EnergySource Minerals,3
Energyinto Chapter 11,1
Enersol,1
Enet Energy,1
Eneva,2
Engie,13
Engie Australia,1
Engie Brasil Energia,1
Engie Lifts Payout,1
"Engineering, Procurement",2
"Engineering, Procurement and Construction",1
Englandalso,1
Eni,146
Eni Energy Evolution,1
Eni Plenitude,1
Eni Profit Falls,2
Eni S.p.A.,1
Eni SpA,2
Eni SpA Nears,1
Eni Trims,1
Eni Working,1
Eni and Saipem,1
Eni s Exploration & Production,1
Enilive,1
Enisaidit,1
Enkorr,1
Enlight Energy,1
Enlink Midstream,1
Enlist More Hired Soldiers,1
Enphase,2
Enphase Energy,1
Enria,2
Enron,1
Entergy,1
Enterprise Products,1
Enterprise Products Partners,4
Enverus,1
Enverus Intelligence Research,1
Enverus Rockies,1
Enveruscitedby the Financial Times,1
Enverushas,1
Environment Agency,2
Environment Ministry,1
Environment and Climate Change Canada,3
Environmental Defence,2
Environmental Defense Fund,4
Environmental Extremists,1
Environmental Matters Department,1
Environmental Progress,1
Environmental and Social Risk Management,1
Environmentsaidon,1
Envision Group,1
Epsom Derby,1
Eqtesad News,1
Equate Petrochemical,1
Equatorial Guinea LNG,1
Equatorial Margin,4
Equatorial Palm Oil Says No Disruption To Operations Or Shipments,1
Equinor,6
Equinor - Energy & Oil,1
Equinor Energy,1
Equinor Marketing & Trading,1
Equinor Nigeria Energy Company,1
Equinor Renewables Americas,1
Equinor UK Ltd,1
Equinor s,1
Equinor's Energy Trader Eyes New Zealand Amid Expansion,1
Equinorhas,1
Equinorreportedon,1
Equinorsays,2
Equinorsignedan,1
Equitix Investment Management,1
Era of Climate Retreat,1
Eramet Norway - Energy & Oil,1
Eraring,3
Erginbilgic,1
Es Sider,7
Escape Russian Energy,1
Eskom,32
Eskom Energy Crisis,1
Eskom Ex-COO Moves From Coal to Green Energy,1
Eskom Load Shedding,1
Eskomsays,1
Espionage Charge,1
Essar,1
Essar Group Bets on Clean Energy Offerings for Future Growth,1
Essar Oil Limited,1
Essar Steel,1
Esso,3
Esso Australia,1
Esso Australia Resources Pty Ltd,1
Esso Exploration,2
Esso Norway,1
Esso SAF,1
Estonian Spy Agency,1
Eswar Prasad,1
Ethereum,1
Ethereum Cut Its Energy,1
Ethics Committee Sanctions Uruguay's,1
Etihad Staff Wage Cuts,1
Eu,1
EuRoPol Gaz S.A.,1
Euractiv.com,1
Euractivreports,1
Eurasia Daily Monitor,1
Eurasia Economic Union,1
Eurasia Group,1
Eurelectric,5
Eurelectric s Birnbaum,1
Euro,2
EuroBic,1
Euronews,5
Europe - Energy & Oil,1
Europe Asia Pipeline Co,2
Europe Awash With Gas Is Set to Rely More,1
Europe Banks,1
Europe Demand,1
Europe Diesel Crisis,1
Europe Draws More Angolan Crude,1
Europe Energy,4
Europe Energy Crisis,1
Europe Energy Crisis Fears Drive Demand for Renewable Power,1
Europe Energy Crisis Latest Updates,2
Europe Energy Crisis News Updates,1
Europe Energy Crisis:,2
Europe Energy Independence,1
Europe Energy Markets,1
Europe Energy Woes Amplify Risk of More,1
Europe Eyes Clean Energy Hub,1
Europe Gas Crisis,1
Europe Gas Futures,1
Europe Gas Prices Edge,1
Europe Gas Prices Edge Higher as,1
Europe Gas Prices Set,1
Europe Gas Prices Steady,1
Europe Gas Prices Swing as Stockpile Build,1
Europe Must Curb Energy,1
Europe Natural Gas Prices Ease,1
Europe Natural Gas Prices Jump,1
Europe Natural Gas Prices Steady,1
Europe Risks LNG Import Terminal Glut as Renewable Energy Edges Out Gas,1
Europe Switch Russian Nuclear Fuel for New Mexico Uranium,1
Europe Weighs Climate Risks in Test,1
Europe Will,1
Europe Wind Power Generation Increases,1
Europe Works,1
European 5G,1
European Aluminum Giant Calls for Sanctions on,1
European Banks,1
European Banks Are Building Loan Loss Reserves,1
European Central Bank,1
European Commission,45
European Commissionunveiledadditional,1
European Council,4
European Court of Human Rights,1
European Court of Human Rights Rules Against Switzerland on Climate Crisis,1
European Crude Sales Collapse Before Sanctions,1
European ESG,1
European EV,1
European Electricity Review,1
European Energy,17
European Energy Crisis,4
European Energy Crisis Widens,1
European Energy Crisis: Listening to Electricity Traders,1
European Energy Exchange,3
European Energy Prices Plunge,1
European Energy Prices Soar,1
European Energy Security,2
European Energy War,1
European Energyto,1
European Gas,3
European Gas Advances,1
European Gas Conference,1
European Gas Falls,1
European Gas Jumps,1
European Gas Prices Drop,1
European Gas Rises,2
European Green,1
European Heat Wave: Climate Change,1
European Hotels Prove Resilient,1
European Investment Bank,1
European LNG,4
European Lithium,1
European Nations Join Island States,1
European Natural Gas Prices Advance,1
European Natural Gas Prices Set,1
European Option,1
European Parliament,3
European Political Community,1
European Recession,1
European Renewable Energy,1
European Sugar Plants,1
European Summit,1
European Union,60
European Union Pledges,1
European Union Shortens Venezuela Sanctions Review,1
European Uniondiscusseda,1
European Watchdog Mulls Circuit-Breakers,1
European Workers Not as Diligent,1
Europeangas,4
Europeas,1
Europeis,1
Europeslumped,4
Europewere,1
Eurostat,13
Eurosystem,2
Eurozone,3
Evaluate Energy,2
Evercore ISI,1
Everest Energy,6
Evergrande,1
Evergrande New Energy Unit,1
Eversource Energy,2
Evolve Energy,1
Evraz,4
Ex-Berkshire Energy,1
Ex-BlackRock Executive Calls for Unity to Fight Climate Change,1
Ex-Enron,1
Ex-F1,1
Ex-FBI,1
Ex-Goldman Banker,1
Ex-Halkbank,1
Ex-McDonald's,1
Ex-Merrill Lynch Banker,1
Ex-NOAA Science,1
Ex-Parsley Energy,1
Ex-Pioneer,1
Ex-Shell,1
Ex-UK Energy,1
Ex-US Marine Whelan,1
Ex-Ukraine,1
Ex-VW,1
Excelerate Energy's,1
Exchequer,8
Exclusive-Angola's,1
Exclusive-BlackRock,1
Exclusive-Coal,1
Exclusive-Dover,1
Exclusive-ECB,1
Exclusive-Energy,2
Exclusive-India,1
Exclusive-Mercuria,1
Exclusive-Nigeria,1
Exclusive-Qatar Petroleum,2
Exclusive-Ukraine,2
Executive Committee,1
Exelon,1
Exempt Maritime Pilot Services,1
Exempt Russia Oil,1
Exit Firm,1
Exit or Shrink Russia Units,1
Expansion,1
Expensive Energy to Speed Exit,1
Exploration & Production,1
Exploration & Production North,1
Exploration & Production at Total,1
Exploration and Production,1
Explore Additional Joint Funds to Support Energy Shift,1
Explore Sale of Inkia Energy,1
Export Control,2
Export Finance,1
Export-Import Bank's,1
Exportand theNational,1
Exporting Its Energy Crisis,1
Express,2
Expresso,1
Extending Oil-Export Cuts,1
Extinction Rebellion,1
Extraction Oil & Gas,1
"Extreme Heat, Climate Change Spark Floods",1
Exxon,500
Exxon Baton Rouge,2
Exxon Beaumont,1
Exxon Faces Investor Demand for More Disclosure of Climate Risks,1
Exxon Mobil,13
Exxon Mobil -ministry - Energy & Oil,1
Exxon Mobil Corp.,1
Exxon Mobil Corp.(NYSE:,3
Exxon Mobil Corporation,2
Exxon Mobil Savings Plan,1
Exxon Mobil Sues ESG Climate Activists,1
Exxon Mobil's,3
Exxon Oil Drilling,1
Exxon Product Solutions,1
Exxon Retreats,1
Exxon Show Support for Energy Transition,1
Exxon Takes Legal Action,1
Exxon of Hess Corp s,1
Exxon s,1
Exxon s Baytown,1
Exxon s Q1 2024,1
Exxon-Hess,1
Exxon-Qatar Petroleum JV,1
ExxonMobil,140
ExxonMobil Australia,2
ExxonMobil Australia s Youngersaidlast month,1
ExxonMobil Australiasaidon,1
ExxonMobil Corp.,1
ExxonMobil Corp.(NYSE:,1
ExxonMobil Egyptsaidin,1
"ExxonMobil Oil Corporation, Glencore",1
ExxonMobil and Total,1
ExxonMobil s,4
ExxonMobil s Baytown,1
ExxonMobil s Board,1
ExxonMobil s US,1
"ExxonMobil, Hess",1
ExxonMobilsaidit,1
ExxonMobilsaidon,4
ExxonMobilto,1
Exxonin 2019,1
Exxonneeds,1
Eyes Acquisitions to,1
Eyes Turn,1
Eyes Turn to,1
F-150,1
F1,1
F1 in Schools,1
FAA,4
FACTBOX,8
FACTBOX-Big Oil's,1
FACTBOX-Candidates,2
FACTBOX-Carney's,1
FACTBOX-China's,2
FACTBOX-Countries,1
FACTBOX-Economic,1
FACTBOX-India's,1
FACTBOX-Trade,1
FAJR,1
FAO,1
FATA,2
FAZ,1
FBA,1
FBI,21
FCA,6
FCC,3
FCCU,1
FCV,1
FD,1
FDA,2
FDI,3
FDP,2
FEATURE-Powerless,2
FEED,1
FEMA,1
FERC,40
FGE,16
FGE Energy,1
FGEsaidin,1
FGI,1
FHN Financial,1
FIA,1
FID,9
FIFA,7
FIFA Men s World Cup 2026,1
FII,1
FINRA Arbitration,1
FIRB,1
FInland,1
FLNG,4
FO-ADP union,2
FOCUS-Canada's,1
FOCUS-China's,1
FOCUS-Virus,1
FOMC,4
FOREX-Dollar,5
FOREX-U.S.,1
FPL,1
FPSO,14
FSB,4
FSB Warns Energy Costs Pushing Small Firms,1
FSD,4
FSLR,1
FSO,1
FSO Safer,1
FSRU Italia,1
FSRUs,2
FTC,18
FTCgreenlitthe,1
FTSE,52
FTSE News,3
FTX,6
FTX Hacker's Methods Point,1
FWC,5
FX,15
FXStreet,3
FXTM,1
Face 'Unparalleled' Disruption as Junior,1
"Face More Sanctions, Restrictions",1
Face Off,1
Face the Nation,1
Facebook,20
Facebook Subscription,1
"Faceoff on Oil, Gas Drilling",1
Facing a Crime Wave When War,1
Factbox,32
Factbox - Germany's,1
Factbox - Global,1
Factbox - Stone,1
Factbox-Canada,1
Factbox-Debt-for,1
Factbox-ECB's,1
Factbox-EU,1
Factbox-Key,1
Factbox-Parametric,1
Factbox-Partners,1
Factbox-Range,1
Factbox-Why Ukraine,1
Factbox: Big Oil's,2
Factbox: Climate,1
Factbox: Climate targets &#,1
Factbox: Energy,2
Factbox: Nigeria's,1
Factbox: Partners,1
Factbox: Trade,1
Facts Global Energy,2
Fair,1
Fair Finance International,1
Fair Work Commission,2
Falklands,1
"Fall on Clean Energy Boom With Solar, Nuclear Power",1
Families Struggled With Energy Debt,1
Family Office,1
Family Offices,1
Faradion Ltd.,1
Farazan Industrial Engineering,1
Farda,2
Farmers,1
Farmers Fight Climate Change,1
Farming Can Foster a Climate-Friendly Future,1
Farzad,1
Fast-Track Energy Projects Headed,1
Faster Energy Permits,1
Fastest Moving Energy Company,1
Fatih,1
Faury Sees Energy Crisis,1
Favored Nation,1
Feb - Agricultural Commodities,1
Feb - Energy & Oil,2
FebruaryUS$1 billionin senior,1
Fed,182
Fed & co fail,1
Fed - Energy & Oil,1
Fed Blocks Tough Global Climate-Risk Rules for Wall Street Banks,1
Fed Comments,1
Fed Energy,1
Fed Eyes Rate Cuts,1
Fed Rate Cuts Will Breathe Life Into Clean Energy Investment,1
Fed Rate Hike,1
Fed hawks,1
Federal,2
Federal Agency for,1
Federal Agency for Transport Supervision,1
Federal Constitutional Court,1
Federal Customs Service,1
Federal Customs Service s,1
Federal Energy Funds,1
Federal Energy Regulatory Commission,1
Federal Network Agency,4
Federal Open Market Committee,1
Federal Reserve,14
Federal Reserve Chair,1
Federal Reserve Cuts,1
Federal Reserve Deserves,1
Federal Reserve Withdraws,1
Federal Reserve s,2
Federal Statistical Office,1
Federal Tax Credit,1
Federal Trade Commission,1
Federated Hermes,1
Fedsaidon,1
Feed Renewable Energy Demand,1
Fenix Construction,1
Fenix Constructions Service,1
Fennovoima,1
Fenwei Energy Information Service,1
Ferrari,4
Ferrari NV,1
Ferrari Want E-Fuel Exemption,1
Fertiglobe,1
Fervo Energy,1
Fessenheim - Energy & Oil,1
Feyzin,3
Fiat Chrysler,1
Fico,12
Fieldwood Energy,1
Fifth Fleet,1
Fifth Term,1
Fight Against Russia,1
Fight Climate Change,1
Fight Rogue Climate Claims to,1
Fight to Curb Inflation,1
"Fighting Climate Change With Hot Bricks, Factory",1
Fighting Rages,1
Fill Energy Gap,1
Finance,10
Finance Earthquake Damages,1
Finance Ministry,5
Finance Quebec,1
Financial Conduct Authority,1
Financial Expressreportedon,1
Financial Services,1
Financial Stability and Capital Markets Union,1
Financial T,1
Financial Times,7
Financial Times Energy,2
Financial Timesreport,3
Financing Wagner Group,1
Financing for Clean Fuel Project,1
Find South Africa Energy Projects to Finance,1
Fine Stores For,1
Fingrid,1
Finite Carbon,2
Finite Carbon s,1
Finland Plots Retaliation,1
Finland Signs Cooperation Deal With,1
Finnish Customs Finds Links,1
Firefighters Strained as Climate Change Fans,1
Firms Kicked Off Clean Energy,1
First Abu Dhabi Banktook,1
First Church Estates,1
First Climate Impact Fund,1
First Ethanol,1
First Foreign Trip Since,1
First Green Bond Sale,1
First IMF,1
First LNG,1
First Legal Challenge of ',1
First Light Fusion,2
First Long Term Asset Fund,1
First Major Climate Action Reform,1
First MinisterNicola Sturgeon,1
First Nation,3
First Nations,3
First Quantum's,1
First Ship Leaves,1
First Shipment of Ethanol,1
First Solar,2
First Time,2
First Time Since,1
First Time Since Invasion of Ukraine,2
First Time',1
First Trust NASDAQ Clean Edge Green Energy ETF,1
First UK Bank to Get Climate,1
First War Crimes Case,1
First-Ever Loan Under Climate Trust,1
FirstEnergy,1
FirstRand,2
FirstRand Limited,2
Fisker,6
Fisker Group Incsaidon,1
Fitch,13
Fitch Group Company,1
Fitch Ratings,3
Fitch Ratingssaidin,1
Fitch Ratingssaidlast month,1
Fitch Ratingssaidlast week,1
Fitch Recognizes Climate Threat,1
Fitch Solutions,6
Fitch s,3
FitchdowngradedAfrica,1
Five Charts,1
Five Dead,1
Fixing Climate Finance,1
Flandres,2
Flex Alert,1
Flex LNG,1
Flint Hills Resources,1
Flood of Chinese Fuel Exports to Hit Energy-Starved Markets,1
Flood of Russian Crude Heads,1
Flora Champenois,1
Florida Climate Risk,1
"Florida Despite Hurricanes, Floods, Climate Change",1
Florida Housing Boom: Hurricane Ian,1
Florida Power & Light Company,2
Florida Rain and Flooding Is Brought to You By Climate Change,1
Flotation Energy,1
Flowsvia,1
Fluence Bolster Global Energy Grids,1
Fluor Federal Petroleum Operations,1
Focus After Wall Street Results Fuel Optimism,1
Focus On Climate Change,1
Focus Shifts to Demand,1
Focus on Climate Fight,1
Focus on Core Businesses,1
Focus on Energy Security,1
Focus on Fed,1
Focus on Global Energy Supply,1
Focus on Green Tech,1
Focus on Low-Carbon Future,1
Focus on Rising Energy Demand,1
Focus on Shielding Consumers From Energy Crisis,1
Focus: Central Europe's,1
Focus: Energy giants,1
Focus: Inflation Reduction Act,1
Focus: Oil giants,1
Focused Energy,2
Food & Water Action Europe,1
Food & Water Watch,1
Food Gets Funding for Climate Change Fight,1
Food Industry Warns of Shortages From Energy Crisis,1
Food Prices Pick,1
Food Security,1
Food Security and Energy,1
Food Supply,1
Food and Climate:,1
Food's Climate Funding Tops,1
Food's Climate Push,1
"Food, Energy Prices Soar",1
"Food, Fuel Prices",1
"Food, Fuel and Fertilizer",1
Forbes,1
Forbes Energy Services,2
Forcados,1
"Forcados, Egina",1
Ford,89
Ford Blue,2
Ford Dagenham,1
Ford EV,2
Ford Model,1
Ford Model e,1
Ford Motor,2
Ford Motor Co,2
Ford Motor Co.,1
Ford Motor Co.reported,2
Ford Motor Company,4
Ford Motor Companyhas,1
Ford Motor JV,1
Ford Pro,1
Ford Sells Stake,1
Ford Transit van,1
Ford of Europe,1
"Ford, Stellantis Face",1
Ford/CATL,1
FordPro,1
Fordow,1
Forefront,1
Foreign Affairs,3
Foreign Aid Package,1
Foreign LNG Plant as Demand for Fuel Surges,1
Foreign Ministry,6
Foreshadows China's,1
Foresight Group,1
Forge Energy II,1
Forging G-20,1
Form Energy,6
Forrest Green Energy Dreams,1
Fortescue,7
Fortescue Metals Group,2
Fortescue Metals Group Ltd,1
Fortum,18
Fortum s Loviisa,1
Fortuna Silver Mines,1
Fortune entered Venezuela,1
Forza Petroleum,2
Fos,1
Fos - Energy & Oil,1
Fos-Sur-Mer,1
Fossil Fuel Coal Companies,1
Fossil Fuel Power,1
Fossil Fuel's,1
Fossil-Fuel Assets,1
Fossil-Fuel Subsidies Hit Record,1
Foundation,1
Fourchon,1
Fourth US Electric-Car,1
Fox,1
Fox Business,2
Fox News,9
Fox News Admits Climate Change Is Real Now,1
Fox News Dominion,1
Fox Newsreported,1
Fox Newsthere,1
Foxconn,7
Foxconn Technology Group,2
Foz,1
Fraction of Market,1
Framatome,4
France - Agricultural Commodities,1
France - Energy & Oil,2
France Aims to Cut Energy Consumption,1
France Call for More Ukraine Aid Ahead,1
France Energy Crisis,1
France Forges Pact to Make Nuclear Part,1
France Fuel Shortage to Continue,1
France Grants Aid to Help Build &#x20AC;1 Billion,1
France Inc.,1
France Moves Closer in Bid for Renewable Energy Carve-Out for Nuclear Sector,1
France Mulls Gas Guzzler Penalties,1
France Navy,1
France Needs to Study Impact of Global Warming on Nuclear Plants,1
France Ports,1
France Restricts ESG Fund Labels,1
France Tensions Flare After Darmanin,1
France Total Energies,1
France Unveils Offshore Wind Push,1
France Unveils Sweeping Energy Savings Plan,1
France s Economy and Finance,1
France s Energy,2
France s Orano,2
France s Total,3
Franceis,2
Fraser Institute,1
Fratin,1
Freeland,1
Freepoint,1
Freepoint Commodities,1
Freepoint Commodities Singapore,1
Freeport LNG,26
Freeport LNG Development,2
Freeport LNG s,2
Freeport LNG's,1
Freeport LNGsufferedan,1
Freeport-McMoRan,2
FreeportLNG,2
FreightWaves,1
Fremont Gigafactory,1
French AI Startup,1
French Defense Groups,1
French Energy,1
French Energy Firms Bow,1
French Energy Regulator Urges Offshore Wind Fixes,1
French Energy Union,1
French Energy-Sector Union Calls,1
French Nuclear Power,1
French Renewable Energy,1
French Total,2
French Total and,1
French TotalEnergies,2
French TotalEnergies and,1
FrenchSenate,1
Frenchradio,1
Fresh Data,1
Friday Berkshire Hathaway,2
Fridayset,1
Fridayspeech,1
Friends of the Earth,6
Friends of the Earth Netherlands,1
Friends of the Earth Scotland,1
Friends of the Earth Scotlandsaid,1
Friends of the Earth United States,1
Front,1
Frontera Energy,1
Frontier,3
Frontier Climate Change Fund,1
Frontline,2
Frozen Russia Central Bank Assets Targeted,1
Fuel Cell and Hydrogen Energy Association,1
Fuel Gift,1
Fuel Oil,1
Fuel Poverty,1
Fuel Poverty Action,1
Fuel Shipments Edge Higher,1
Fuel-Subsidy Debt,1
Fuels Fall Under G-7's,1
FuelsEurope,2
Fujairah International Oil & Gas Corp,2
Fujairah International Oil & Gas Corp.,3
Fujairah International Oil & Gas Corphas,1
Fujitomi Securities,2
Fulcrum LNG,1
Fulfillment,1
Fundraising Efforts,1
Funds Boost Energy Stock Holdings,1
Fundthat,2
Furniture Glue Is Holding It Back from,1
Fury,1
Fury Drove Western Brands Out,1
Fuse Energy Launches,1
Fusion Energy Skeptics Reflect,1
Future,1
Future Gas Strategy,1
Future Global Trade,1
G-20 Communique,1
G-20 Countries Avoid Climate Backslide,1
G-20 Energy Ministers Meet as Extreme Heat Spurs Climate,1
G-20 Fail,1
G-20 Finance,1
G-20 Finance Chiefs Clash on Challenges From Ukraine,1
G-20 Finance Meeting,1
G-20 Finance Meeting Faces Impasse,1
G-20 Finance Ministers,1
G-20 Latest: Diplomats,1
G-20 Meetings,1
G-20 Ministers Fail,1
G-20 Nations Surges to Highest,1
G-20 Provides Momentum on Key Climate,1
G-7,8
G-7 Finance Chiefs Boost Ukraine Aid,1
G-7 Finance Chiefs Unite,1
G-7 Nations,3
G-7's,1
G.O.I Energy,2
G20,25
G7,375
G7 Summit,3
G7 Will Support Ukraine,1
G7/EU,1
G7/G20,1
G7agreed,1
G8,2
GAAP,2
GAC,1
GAC Aion,2
GAF Energy,1
GAO,5
GAP,1
GASC,1
GASTECH-Indonesia,1
GAZ-SYSTEM,1
GB Energy,3
GB Energy Faces New,1
GB Energy and Clean Electricity,1
GBP,1
GBX,1
GCC,5
GCF,1
GCFsaidon,1
GDPfell,1
GE,7
GE Hitachi Nuclear Energy,1
GE Renewable Energy,1
GE Renewable Energy To Supply Cypress Units,1
GECF,1
GEM,1
GFANZ,1
GFANZ Climate Group,1
GFG Alliance,1
GFS,1
GHG,16
GHPL,2
GIC,1
GIE,1
GIIGNL,1
GIP,1
GIP Considers Stake Sale,1
GKN Aerospace,1
GL,1
GLA,2
GLD,2
GLEN,1
GLJ Research,1
GLOBAL LNG-Asia,1
GLOBAL LNG-Asia LNG,1
GLOBAL LNG-Asian,2
GLOBAL LNG-Asian LNG,3
GLOBAL LNG-Prompt,1
GLOBAL LNG-Spot,1
GLOBAL MARKETS-Equities,3
GLOBAL MARKETS-Stock,2
GLOBAL MARKETS-Yuan,1
GLS,1
GM,43
GM EVs,1
GM&T,1
GMB,1
GMB Union,1
GMC,1
GMIS,1
GMS Sokhranivka,1
GMT,1
GNA - Energy & Oil,1
GNU,5
GOP,20
GOP Attack,1
GOP Energy,1
GPS-Guided,1
GRTgaz,2
GRU Intelligence Agency,1
GS,1
GS Energy,3
GS Energy Corporationagreed,1
GT,2
GT quattro Premium Plus,1
GT quattro Prestige,1
GTA,2
GTN,1
GTN XPress Project,1
GTS,1
GTSOU,9
GW,7
GWB,1
GX Shipping FZE,1
Gahr Stoere,1
Gaia,1
Gaining Momentum,1
Galkynysh,1
Gallup,3
Galp,4
Galp Energia's,1
Galuccio,2
Galvanize Climate Solutions,1
Gamaleya Research Institute,1
GameStop,2
Gamesa,2
Gard,3
Garuda Seeks Middle East Investors,1
Gas Climate Initiativeand theOil & Gas Decarbonization Charter,1
Gas Energy Latin America,1
Gas Infrastructure Europe,5
Gas Inquiry,1
Gas Intelligence,1
Gas Transit Payment,1
Gas and Low Carbon Energy,3
GasBuddy,121
GasBuddy s 2024 Fuel Outlook,1
GasBuddy s De Haan,1
GasBuddysaidon,1
GasBuddyshowedon,2
GasTerra,2
Gascade,1
Gasoline,1
Gasum,5
Gates,7
Gatik Ship Management,1
Gaz-System,1
Gaza Cease-Fire,1
Gazprom,440
Gazprom Export,11
Gazprom Export s,1
Gazprom Germania,13
Gazprom Germania GmbH,4
Gazprom Group,2
Gazprom Management Committee,1
Gazprom Marketing & Trading Ltd,1
Gazprom Neft,36
Gazprom Neft s,1
Gazprom Neft's,1
Gazprom PJSCwarnedlast month,1
Gazprom Warns,1
Gazprom s Burmistrova,1
Gazprom s German,1
Gazprom s Management Committee,2
Gazprom s management committee,1
Gazprombank,28
Gazpromcitedby Reuters,1
Gazpromhalted,1
Gazpromneft,1
Gazpromneft Marine Bunker,1
Gazpromneft-Marine Bunker,2
Gazpromneft-Marine Bunker s,1
Gazpromsaidon,1
Gazpromslashed,1
Gazpromstarted,1
Geelong,1
Geely,1
Geely Automobile,1
Gelber & Associates,1
Gelder,1
Gemini,1
Gen Z,2
Gen2 Energy,1
Genco Shipping & Trading,1
Genel,2
Genel Energy,10
General Administration,1
General Administration of Customs,4
General Authority,1
General Counsel,4
General Investment Management,1
General Motors,11
General Motors - days,1
General Motors Chair,1
General Network Access,1
General Petroleum Company,1
General Prosecutor s Office,1
General Staff,1
General of Economic Affairs Bureau,1
Generali,1
Genesis,1
Geneva - Energy & Oil,1
Genscape,1
Gentari Renewables,1
Gentari Sdn,1
Gentiloni Sees Energy Price,1
GeoPark,1
GeoSpatial Insight Post,1
Georgestated.,1
Georgia Election Workers,1
Georgia Power,2
Georgieva on Trade Spat,1
Georgieva to Boost Climate Funding,1
Geothermal Engineering,1
Gereh and Petro Iraq,1
German Airports,1
German Aluminum Smelter Considers Halving Output on Energy Costs,1
German Business Confidence,1
German Coal Mine Village of,1
German Court Delays Vote,1
German Cultural Group Criticizes Climate Activists' Protest,1
German Defense Budget Show Scholz,1
German Defense Industry Profits,1
German E.ON,1
German Economic Momentum,1
German Economy Seen Shrinking,2
German Energy Aid,1
German Energy Costs: Industry Wants Cuts,1
German Energy Firm Uniper Raises Profit Estimate,1
German Energy Giant Pursues Private Debt,1
German Energy Relief Not Enough to Avoid Recession,1
German Energy Security,1
German Firm's,1
German Firms Eye US Investments,1
German Government,1
German Industry's,1
German Inflation Holds,1
German Leopard 2,1
German Leopard Tanks Sent,1
German Parliament Approves Giant Fund,1
German Power,1
German Power Prices Soar,1
German Refinery Oil Supply Agreement,1
German Tanks for Ukraine,1
German Uniper,1
GermanForeign,1
Germany - Energy & Oil,2
Germany Backs Joint EU Debt for Loans to Ease Energy Crisis,1
Germany Backs Joint EU Debt to Ease Energy Crisis,1
Germany Boosts Military Support,1
Germany Budget Crisis,1
Germany Climate Activists Targeted,1
Germany Climate Change Act Reform,1
Germany Cranks Up Chemical Imports as Energy Crisis Hikes Costs,1
Germany Dispute Over Nuclear Energy,1
Germany Electricity: Clean Energy Accounts,1
Germany Energy Efficiency Initiative,1
Germany Energy Law,1
Germany Engineering Jobs,1
Germany Eyes Extending Tax Cuts for Energy-Intensive Industry,1
Germany Gas Crisis,1
Germany Gas Surcharge Coming to Consumers in Face of Rising Energy,1
Germany Loan Guarantees Are Still Ongoing,1
Germany Natural Gas To Ease Its Energy Crisis,1
Germany Plans &#x20AC;54 Billion Package to,1
Germany Plans Conference for Rebuilding Ukraine,1
Germany Pushes Energy Security,1
Germany Returns to,1
Germany Risks Missing Climate Funding Pledge as Budget,1
Germany Risks a Factory Exodus as Energy Prices Bite Hard,1
Germany Set to Double Its Ukraine Military Aid Under Scholz Plan,1
Germany Siemens Energy,1
Germany Tackles Soaring Energy Costs With Lid on Gas Prices,1
Germany Taps ',1
Germany Vows to Aid Companies,1
Germany Weighs Intervention in Energy Markets to Bring Back Coal,1
Germany s Centre for Solar Energy and Hydrogen Research Baden-W,1
Germany s Economy Ministry,1
Germanyand,1
Germanyare,1
Germanyeven,1
GermanynationalizedUniper,2
Get Boost,1
Get First US Rebates for Energy-Efficient Appliances,1
Ghaddafi,1
Ghais,1
Ghana Eyes Climate Finance,1
Ghana National Petroleum Corporation,1
Ghana Tano Ltd.,1
Ghanaian Energy,1
Ghanainto,1
Giant Chevron,1
Giant Texas E-Fuel Plant,1
Gibson Shipbrokers,2
Giga Berlin,2
Gigafactory,3
Gildan,1
Gilderoy,1
Giovanni Staunovo,1
Give Citizens a Say,1
Give Toronto Stock Exchange Needed,1
Give Ukraine $800M for Drone Production,1
Glasgow Climate Pact,1
Glass Lewis,1
GlassPoint Solar,3
GlassPoint Solar Inc,1
Glencore,2
Glencore Ltd,1
Glencore PLC,1
Glencore Take On Energy Transitions: ESG Week Ahead,1
Glencore s Energy,2
Glenfarne Group,1
Glenfiddich,1
Glennmont,2
Global,2
Global Air Travel Surges While Switch to Clean Jet Fuel Lags,1
Global Brands,1
Global Central Banks Brace,1
Global Citizens' Assembly',1
Global Clean Energy,1
Global Clean Products Value Chain,1
Global Clean-Energy Investments Match,1
Global Climate Coalition,1
Global Climate Insights,1
Global Climate Talks Target,1
Global Commodity Insightson,1
Global Crisis to Climate Turning Point,1
Global Crude Oil Demand Tilts,1
Global Crude Oil Market News,1
Global Crude Oil News and Analysis,1
Global EV Outlook,1
Global EV Sales Slump,1
Global Economy and Finance Programme,1
Global Electricity Review,3
Global Energy,3
Global Energy Crisis,3
Global Energy Crisis Boosts,1
Global Energy Crisis Comes,1
Global Energy Crisis Forces Record Power Price,1
Global Energy Crisis Spurs a Revival of Nuclear Power,1
Global Energy Crunch Boosts Demand,1
Global Energy Marketing,1
Global Energy Monitor,26
Global Energy Monitor China,1
Global Energy Monitor s Coal Program,1
Global Energy Perspectives,1
Global Energy Rating at Risk,1
Global Energy Review,2
Global Energy Shock,1
Global Energy Storage Market,1
Global Energy Strategy,1
Global Energy Transition,3
Global Energy Ventures Updates,1
Global Engagement Center,1
Global Food Roundup,3
Global Food Supplies,1
Global Head,1
"Global Industrial, Energy Banking",1
Global Infrastructure Partners,2
Global Infrastructure and Energy Security,3
Global LNG,3
Global Manufacturing & Industrialisation Summit,1
Global News,6
Global Oil And Gas Reserves,1
Global Oil Business,1
Global Oil Macro & North America Research,1
Global Oil Supply,1
Global Oil Trading,1
Global Outlook,1
Global Petroleum,1
Global Power Wind,1
Global Power Wind France - Energy & Oil,1
Global Prices Reach Records,1
Global Rulemaker Wants Financial Reports,1
Global Supply Chains,2
Global Temperatures Soar,1
Global Tensions Boost Safe,1
Global Times,1
Global Tool,1
Global Warming,1
Global Warming Boosts Infection Risk,1
Global Warming Makes Homes Designed to Keep Heat,1
Global Warming Melts Himalayan Glaciers,1
Global Witness,6
GlobalData,6
GlobalDatahas,1
GlobalDatasaidin,1
GlobalDatasaidon,1
Globally Reputable Engineering Procurement and Construction Companies,1
"Globally, Energy Intelligence",1
Globaltruck Management FY,1
Globe,1
Gloomy Venture Capital Funding Climate,1
GoM,1
Gohta,1
Going Better Than Planned,1
Golar LNG,1
Golar LNGsigned,1
Gold,1
Gold Holds Gains as Markets Mull Rate Pause,1
Gold Mining Stocks Retreat,1
Gold and Silver,1
Gold as Energy Income Revives,1
"Gold, Zinc Firms",1
GoldPillar,1
Golden Energy Group,1
Golden Horse Fund Management Pte,1
Golden Pass LNG,2
Goldilocks,1
Goldman,40
Goldman Alum Sumberg Joins Steyer's,1
Goldman Cuts China,1
Goldman Energy Crisis Brazil,1
Goldman Hires Credit Suisse Bankers,1
Goldman Office,1
Goldman Partner Gailliot For Debut Climate Fund,1
Goldman Sach,1
Goldman Sachs,131
Goldman Sachs Conference,1
Goldman Sachs Energy Pipeline Banker,1
Goldman Sachs Global Energy and Clean Technology Conference,1
Goldman Sachs Group,2
Goldman Sachs Research,1
Goldman Sachs Trading,1
Goldman Sachs s,1
Goldman Sachs',4
Goldman Sachsbelieveschances,1
Goldman Sachscutits,2
Goldman SachsexpectsBrent,2
Goldman Sachsraisedits,2
Goldman Sachsraisedon,1
Goldman Sachssaidthat,1
Goldman Say,1
Goldman Sees,1
Goldman Teams Up With PE Firm Cleanhill,1
Goldman Warns,1
Goldman Warns EU,1
Goldman s,10
Goldman s $,1
Goldman s Della Vigna,1
Goldman s Struyven,1
Goldman s economics team,1
Goldman to UBS Say About Oil After Big OPEC+ Cut,1
Goldman's,1
"Goldman, Brent",1
Golfinho,1
Good,1
Good Energy,3
Good Enough Energy,2
Goodgrid LLC,1
Google,16
Google Despite War,1
Google Earth Now Shows,1
Google Signs Solar Deal With,1
Google parentAlphabet Inc.,1
Google-Pioneered Technique,1
Gopi,1
Gorbachev Foundation Board,1
Gorgon,16
Gorgon LNG,1
Got &#xA3;1.2 Billion,1
Gov Edwards,1
Government,8
Government Accountability Office,1
Government Energy Aid,1
Government Holding Private Limited,1
Government Holdings Private Limited,2
Government Pension Fund Global,2
Government Removes Energy Aid,1
Government of Alberta,1
Government of National Accord,1
Government of National Unity,2
Government of Senegal,1
Governors Island Climate Tech Projects Explore Water Infrastructure,1
Gram,1
Grand Renaissance,1
Grande LNGproject,1
Grandpuits,1
Grangemouth,7
Grant Electric Carmakers Renewable Fuel,1
Grant Shapps Energy,1
Grayson Mill Energy,1
Grayson Mills,1
Great British Energy's,1
Greater New Orleans Inc,1
Greece Aim to Better Ties Even,1
Greece Brings In Climate Law,1
Greece Invests Over &#x20AC;2 Billion to Fight Climate Change Effects,1
Greek Energy,1
Greek Oil Tanker Owners,1
Greek Shipping Company Empire,1
Green,6
Green - Climate Politics - Bloomberg,1
Green Alliance,1
Green Banks,1
Green Battery Is Recharging to Ease the Energy Crunch,1
Green Bond,1
Green Bond Sale Demand Holds,1
Green Climate Fund,1
Green Climate Fund Contribution,1
Green Climate Fund Seeks,1
Green Day,2
Green Energy,17
Green Energy After Tax Credit,1
Green Energy Bets,1
Green Energy Bind,1
Green Energy Boom,1
Green Energy Costs Trillions,1
Green Energy Firms,2
Green Energy Funds Aim to Scale Up Cleantech Solutions,1
Green Energy Investments,1
Green Energy Investors,1
Green Energy Investors Demand Vietnam Speed-Up,1
Green Energy Ltdwon,1
Green Energy M&A Powers Up in Clean Shift,1
Green Energy News,1
Green Energy Projects,1
Green Energy Push,1
Green Energy Shift,3
Green Energy Subsidies,1
Green Energy Supplier Aims,1
Green Energy Transition,2
Green Energy Unit,1
Green Energy and Metals,1
Green Energy's,1
Green Energy:,1
Green Energy: Old Empires,1
Green Farming,1
Green Groups Ask Social Media,1
Green Groups Target Japan,1
Green Hydrogen Giant to,1
Green Hydrogen Project,1
Green Hydrogen the Fuel of the Future,1
Green Investments,1
Green Jobs,2
Green Jobs Are Already Stealing Fossil Fuel's,1
Green Municipal,1
Green Oil,4
Green Partyvoted,2
Green Power,1
Green QE,1
Green Status,1
Green Surge,1
Green Switch,1
Green Timetable,1
Green Transition Latest:,1
Green Transition Latest: Raw Material Protectionism Threatens Climate Goals,1
Green Venture,1
Green Without Borders,1
Green and ESG News,1
Green-Energy,3
Green-Energy Developers Call Industry Killer,1
GreenHat Energy,1
Greenbushes,1
Greencoat,1
Greene,1
Greenergy,1
Greenflation,1
Greenland Ice Sheet,1
Greenpeace,44
Greenpeace Canada,1
Greenpeace Canada s,1
Greenpeace International,1
Greenpeace Japan s,2
Greenpeace M xico,1
Greenpeace Mexicosaidin,1
Greenpeace Norway,4
Greenpeace Norwaysaidthat,1
Greenpeace Norwaysays,1
Greenpeace Southeast Asia,1
Greenpeace UK's,1
Greenpeace USA Senior,1
"Greenpeace, Energy Transfer",1
GreenpeaceclaimsShell,1
Greenpeacehas,1
Greentech,1
Greggs,2
Grete Haaland,1
Grid Strategies,1
Grill Top Grocers,1
Grip on Energy Transition,1
Grocery Gains Fuel Sales Beat,1
Grok Ventures,1
Groningen Gas Field Offers Opportunity,1
Groningen Gasfield News,1
Ground-Launched,1
Group,18
Group Adjusted EBITDA,1
Group-IB Co-Founder,1
Groupand,1
Groupe PSA,1
Grow European Energy Trading,1
Growing Energy Crisis,1
Growth Energy,1
Grupo Carso,2
Guangdong Energy Group,7
Guangdong Energy Group Natural Gas Co,1
Guangdong Energy Group of China,1
Guangzhou Automobile Group,2
Guardian,20
Guardianreports,1
Guggenheim Partners,1
Guidon Operating,1
Guinea Resumes Distribution of Gasoline After Fuel Depot Fire,1
Gulag,1
Guldimann,1
Gulf,3
Gulf Coast Cities Unprepared for Slow Climate Migration,1
Gulf Cooperation Council,1
Gulf Cooperation Countries,1
Gulf Council Pledge Cooperation Against Iran Threat,1
Gulf Energy,9
Gulf Energy Development,6
Gulf Intelligence's,1
Gulf Keystone,1
Gulf Keystone Petroleum,5
Gulf Keystone Petroleum Ltd.,1
Gulf Keystone Petroleumsaidthat,1
Gulf Nations Must Overhaul,1
Gulf Oil Company,1
Gulf South Pipeline Company,2
Gulf exporters &#,1
Gulf of Mexico,2
Gulfport Energy,3
Gunpowder,1
Gunvor Banks Bumper Profit Even as Energy Shocks Ease,1
Gunvor Group,3
Gunvor Group Ltd,1
Gurgen Ayvazyan,1
Gustavo Petro's,1
Guterrestoldmedia,1
Guyana - Agricultural Commodities,1
Guyana - Energy & Oil,2
Guyana Removes Wrecks to Increase Safety for Oil Supply Vessels,1
Guyana s Economic Growth,1
Guyana s Environmental Protection Agency,1
Guyana s International Energy Conference,1
Guyana s VP,1
Guyana sKaieteur News,1
Guyana sNational Procurement,1
Guyanalaunchedits,1
Gydan,4
Gyetvay,1
Gymnastics-Russia Olympic Committee,1
H egh LNG,1
H egh LNG Holdings,1
H&M,1
H&M Join Stripe's,1
H&M Sales Growth Grinds,1
H.R.,1
H1 - Energy & Oil,2
H2,1
H2Pro,1
HDF Energy,1
HDFC Bank's,1
HEPI,1
HF Sinclair,1
HFI Research,2
HGV,1
HIA,3
HIF Global,1
HIMARS,1
HK,2
HK markets watchdog,1
HM Treasury s Office of Financial Sanctions Implementation (OFSI,1
HMC,1
HOA,3
HPCL,11
HPCL-Mittal,1
HPCL-Mittal Energy,2
HPCL-Mittal Energy Ltd,2
HPPL,1
HQ,3
HSBC,21
HSBC Europe,1
HSBC Global Researchhas,1
HSFO,4
HSI,1
HTZ,1
HUF,1
HVHH,1
HY Energy,1
Haaland,1
Habeck Signals Siemens Energy,1
HabecktoldBloomberg,1
Haftar s Libyan National Army,2
HagueorderedShell,2
Haidach,1
Haifa Group - Energy & Oil,1
Half Energy Sector's,1
Halkbank,2
Halliburton,33
Halliburton Company,7
Hamaca,6
Hamas,124
Hamas Faces Few Sanctions,1
Hambro,1
Hammerfest LNG,5
Hammerhead,1
Hammerhead Energy,2
Hamms,1
Hancock,1
Hancock Prospecting,1
Hancock Prospecting Pty,1
Hancock Prospecting Pty Ltd,1
Handelsblatt,2
Handelsblatt Energy,1
Handelsblattreportedlast,1
Handelsblattreports,1
Hangzhou Energy,1
Hanna - Energy & Oil,1
Hannover Re,1
Hansa PowerBridge,1
Harbin Electric International,1
Harbor Energy,2
Harbour,2
Harbour Energy,26
Harbour Energy Stakes,1
Harbour Energy s,1
"Harbour Energy to Review UK Oil, Gas Operations",1
"Harbour, Chrysaor s",1
Hardytoldthe Energy Intelligence Forum,3
Hargreaves Lansdown,2
Hari,1
Harmony,2
Harmony Energy Advisors,1
Harmony Energy Income Trust,2
Harmony Energy Limited,1
Harness Power of Markets,1
Harrissaidat,1
Harrods Perfume Supplier,1
Hathaway Energy Renewableswill,1
Hauglie,1
Haval,1
Havana Rations Gasoline,1
Haven Demand Lifts Treasuries,1
Haven Power,1
Hawaii Supreme Court,1
Hawaiian Electric,1
Hay Point,1
Haynesville,1
Headhunter,1
"Health, Climate Goals Become Law",1
Healthy Eating Habits to Help Ease Long Covid Energy,1
Heart Hospital,1
Heartland Institute,1
Heat Wave,1
Heathrow Expansion Relies,1
Heathrow Flights Face Disruption to Avoid Queen's Cortege,1
Heatwaves,2
Heede,1
Heineken,2
Heineken Plans,1
Helima,1
Helima Crofttoldthe Australian Financial Review,1
Heliogen,1
Helion,2
Helion Energy,1
Hellenic,1
Hellenic Hydrocarbons and,2
Hellenic Petroleum,1
Hellenic Shipping News,1
Helleniq Energy,2
Help,1
Help Counter Russia Pressure,1
Help Fight Against Climate Change,1
Help Fight Climate Change,1
Help Homes With Energy Bills,1
Help Lower Climate Change Impact of Train Operators,1
Help Power Companies Fight Crisis: Energy,1
Help Power Spanish IPO Revival,1
Help Repair Electrical Grid,1
Help Ukraine Rebuild Economy,1
Hengli Group,1
Hengli Petrochemical,3
Hengli Petroleum in Dalian,1
Henkel,1
Hennesea,1
Henry Hub,1
Heraeus and SFA,1
Herald,2
Heriot-Watt University,1
Hersvik,1
Hertz,19
Hertz Global Holdings Inc,1
Hess,8
Hess Corp,11
Hess Corp s,1
Hess Corp-,1
Hess Corp.,19
Hess Corp.'s,1
Hess Corporation,8
Hess Guyana Exploration Ltd.,1
Hess s Guyana,1
Hewitt Energy Perspectives,1
Hewlett Packard Enterprise,1
Hexicon,1
Hezbollah,56
HiQ,2
HiRide,1
Hibernia,1
Hibiscus Petroleum,1
Hidalgo,1
High Energy,1
High Energy Bills Force German Industry to Eye Production Abroad,1
High Energy Costs to Persist,1
High North News,1
High Representative,1
Higher Energy,2
Higher Feed and Energy,1
Higher Food,1
"Higher Fuel, Currency",1
Highline Logistic HK Limited,1
Hilcorp Energy,1
Hilcorp Energy Co.,1
Hill,5
Hillreports,1
Hilton Food Group Singapore,1
Hin Leong Trading Pte,1
Hindenburg Research's,1
Hindustan Petroleum,5
Hindustan Petroleum Corp,1
Hindustan Petroleum Corp.,1
Hindustan Petroleum Corporation,7
Hindustan Petroleum Corporation Limited,8
Hindustan Times,1
Hinera Trading,1
Hinkley Point,2
Hinkley Point C,4
Hire Bankers,1
Hiroshima G7,1
Historic Energy Crisis,1
Historical Homes Built,1
Hitachi,1
Hitachi Capital,1
Hitachi Energy,1
HitecVision s NEO Energy,1
Hive,1
Hive Energy,1
Hobhouse,1
Hod,1
Hold Public Inquiry on China,1
Holding Natural Gas Prices Back,1
Holding Ukraine Aid ',1
Holdings,1
Holdings Inc.,1
"Holiday With Miners,",1
Hollande Rues,1
Hollub,1
Hollub - Agricultural Commodities,1
Hollub - Energy & Oil,1
HollyFrontier,2
Hollywood Pushes Climate Stories and Solutions Toward Center Stage,1
Holzmann,1
Holzmann Says Middle East Raises Risk of Higher Oil Prices,1
Home Considers Animal Heat Pads to Save on Energy Bills,1
Home Energy,1
Home Energy Efficiency,1
Home Energy Management Systems,1
Home Energy Retail Unit Sale,1
Home Guard,5
Home Insurance With Lax Oversight Hides,1
Home Ministrytoldthe Associated Press,1
Home Power Market,1
Homeland Security,1
Hon Hai Precision Industry,1
Hon Hai Technology Group,1
Honda,10
Honda Motors,1
"Hondo, Heritage",1
Honeywell,3
"Honeywell Profit Tops Expectations on Aerospace, Energy Rebound",1
Hong Kong Stock Exchange,1
Hontop Energy,5
Hope Group,1
Horacio Cartes,1
Hordern,1
Hormuzif,2
Hortense Bioy,1
Hosken Consolidated Investments Limited,1
Host Egypt Crushes Climate Crisis Activism at Home it Champions Abroad,1
Host UN Climate Summit,1
Hot Job Market Welcomes Refugees,1
"Hot London Real Estate Faces High Flood Risk, Climate Change Troubles",1
Hotel International,1
Hound Point,1
House,73
House Energy and Commerce,1
House Energy and Commerce Committee,2
House Republicans Chafe at Cost,1
House of Cards to Collapse,1
House of Representatives,3
Households,1
Households Unprotected,1
Housing of the German,1
Housing to Green Energy,1
Houston Chronicle,1
Houston Chroniclereportedthe,1
Houthi,98
Houthi Attacks,1
Houthi General,1
Houthi National Negotiation Delegation,1
Houthi Proxies Are Now,1
Houthi-,2
Houthi-controlled,1
Howard Energy,1
Howden Group,1
Howden Group Holdings,1
Huawei,16
Huawei Building Secret Chip Plants,1
Huawei Chips,1
Huawei Looks to Move Middle East HQ,1
Huawei Sales Grow Again,1
"Huayou, EVE Energy",1
Hubhit,1
Hudson Energy Supply,1
Hudson Institute,1
Huge Morocco Energy Project to Target Europe,1
Human Rights Council,1
Human Rights Watch,3
Human Rights Watchwarnedthat,1
Human Wave Tactics,1
Humble Oil and Refining Company,1
Hunan - Energy & Oil,1
Hungary Bolsters Russia Energy Links With Nuclear Plant Permit,1
Hungary Grain Lobby Urges Cabinet,1
Hungary Threatens,1
"Hunger Crisis Deepens as War, Climate Pile on Pain",1
Hunt Considers Extending Energy Support for All UK Companies,1
Hunt Considers Limiting UK Energy Profits Tax When Prices Fall,1
Hunt Extends Energy Support Ahead of Budget: The London Rush,1
Hunt Says Energy Price,1
"Hunt for Cheap Food, Fuel",1
"Hunt on Tax Cuts, Business Incentives",1
Hunts Green Energy Bets,1
Huobi,1
Hurricane Energy,1
Husi,1
Huskey Energy s,1
Husky Energy,24
Hydro,1
Hydro-Quebec,1
Hydrocarbon Demand Sustainability,1
Hydrogen,6
Hydrogen Babysteps,1
Hydrogen Cell Experience Highlights Fuel's,1
Hydrogen Energy Release Optimiser,1
Hydrogen Fuel Investments,1
Hydrogenis,1
Hydropower Special Market Report,1
Hydrotreated Vegetable Oil,1
Hyperion,1
Hyundai,19
Hyundai Motor,1
Hyundai Motor Corpis,1
Hyundai Motor Group,5
I3 Energy,1
IADB,2
IAEA,56
IAEA Nuclear Monitors Close,1
IAG,1
IAG Buys Stake,1
IATA,6
IBC,1
IBE,1
IBP,1
ICAP,4
ICC,2
ICE,3
ICE Endex,1
ICE Futures,1
ICE Futures Europe,2
ICE Gasoil,1
ICEreportedon,1
ICEsaidit,1
ICIS,7
ICIS LNG,1
ICJ,1
ICLN,1
ICSG,1
ICT,1
IDF,1
IDS,2
IEA,658
IEA - Energy & Oil,1
IEA Methane Report,1
IEA Says Energy Efficiency Must Improve Faster,1
IEA Trims Crude Oil Demand,1
IEA Trims Global Gas Demand Outlook,1
IEA s Global Energy Outlook,1
IEA s World Energy Outlook,1
IEA)saidearlier,1
IEAexpectstotal,1
IEAhas,1
IEAsaid,3
IEAsaidearlier,2
IEAsaidin,4
IEAsaidon,1
IEAsaidthat,2
IEAwrotein,1
IEC,1
IEEFA,15
IEEJ,1
IEEPA,1
IEF,6
IEIS,1
IFAD,1
IFC,1
IFC May Pool Clean Projects Globally,1
IFM Investors,1
IFP,1
IFR,1
IG,24
IGU,2
IGX,1
IHK,1
IHS,2
IHS Markit,21
IHS Markit Commodities at Sea,2
IHS Markit s Katsoulas,1
IHS Markitsaidon,1
IHS Markitshowedon,1
"IHS, Wood Mackenzie",1
IIF,1
IIF - Energy & Oil,1
IIFsays,1
IISD,4
IIT,1
IKEA,3
IKL,1
IM Motors,1
IMD,1
IMF,82
IMF Board,1
IMF Funding Bid,1
IMF Reaches Deal With,1
IMF Reserve Funds,1
IMF Say Blended Finance Key to Climate Change Fight,1
IMF Warns,1
IMF board,5
IMF-Ukraine Talks,1
IMFsaidon,1
INA,6
INE,7
INEA,1
INEOS,2
INEOS Energy,3
ING,5
INGanalystsput,1
INGsaidit,3
INGsaidon,1
INPEX,1
INPEX Energy Trading Singapore Pte,1
INR-AED,1
INSIGHT-Argentina's,1
INSIGHT-Bounceback,1
INSIGHT-China,1
INSIGHT-Race,1
INSIGHT-Rooftop revolution:,1
INSIGHT-Russia,2
INSIGHT-Russia's,2
INTERVIEW-Climate,1
INTL FCStone,1
INTL FCStone Financial Inc,2
IOC,47
IOOC,1
IP,2
IPAA,3
IPC,1
IPCC,14
IPEF,1
IPG,1
IPL,1
IPO,70
IPO Climate,1
IPhone Assembler Moves,1
IR,2
IR-1,1
IRA,11
IRA Energy Subsidies Risk Distorting Critical Metals Market,1
IRAhas,1
IRENA,1
IRENEX,1
IRGC,23
IRIB,1
IRIS,1
IRNA,9
IRNA - Energy & Oil,2
IRS,2
ISA,4
ISAB,4
ISAF,1
ISIS,1
ISM PMI,1
ISNA,4
ISO,2
ISO New England,2
ISR,1
ISS,2
ISS Backs,1
ISW,1
ITC,2
ITFC,1
ITI Trade Brokerage,1
ITM Power,1
ITN,1
ITT,2
ITV,3
Ibama,3
Iberdrola,24
Iberdrola Considers Sale of Stake,1
Iberdrola Energy,1
Iberdrola of ',2
Iberdrola s Galan,1
Icahn,9
Iceland Bonds Climb Out,1
Iceland Foods Cuts Back,1
Iceland Renewable Energy Surplus,1
Icelanding,1
Ichthys,1
Ichthys LNG,1
Ida to 10 million,1
Idemitsu,4
Idemitsu Petroleum Norway,1
Ideol - Energy & Oil,1
Idlib,2
IfW,1
Ifax,3
Ifx - Energy & Oil,2
Ig,1
Ikea,2
Il Sole 24 Orereportedon,1
Ildstad,1
Illawarra,1
Ilsky,3
Ilyichev,2
Imaz,4
Impala Platinum Holdings Ltd,1
Impax,1
Imperfect Options for Transforming Its Energy Markets,1
Imperial,2
Imperial Brands,1
Imperial College London,1
Imperial Decline,1
Imperial Oil,11
Imperial Oil Ltd.,1
Imperial Oil s,1
Imperial Oil's,1
Imperial See Canadian Crude Weakness,1
Import Indonesia's,1
Importers of Russian LNG,1
Imprisoned,1
Imsirovic,1
InDeFi Smart Bank,1
"InMay 2024,City AMreported that Octopus Energy",1
InPost,1
InSight Crime,1
InTouch,1
InTouch Holdings,1
Independence Energy,2
Independent,2
Independent Advisor Alliance,1
Independent Commodity Intelligence Services,2
Independent Petroleum Association of America,3
Independent Petroleum Company,1
Independent TV Rain,1
India - Energy & Oil,2
India Approves Climate Change Commitments,1
India Budget: Modi Government,1
India Buying More US Oil as Sanctions Stifle Russian Flows,1
India Climate Dialogue,1
India Considers New Coal Imports as Energy Supply Concern Grows,1
India Cuts Windfall Taxes,1
India Energy Companies See Growth Prospect,1
India Energy Firms',1
India Energy Summit Signals Stronger Ties,1
India Energy Transition to Top,1
India Energy Week,1
India Energy Week 2024:,1
India Heat Wave Forces Climate Adaptation,1
India Insight: Climate,1
India Needs,1
India Oil,1
"India Planning Carbon Credit Market for Energy, Steel",1
India Ratings and Research,1
India Reliance's,1
India Renewable Energy,1
India Set to Issue Rules on Climate Risk and Sustainable Finance,1
India State Elections:,1
India Warns Citizens Living,1
India s Finance Ministry,1
India s Ministry of Petroleum & Natural Gas,1
India s Ministry of Petroleum and Natural Gas,1
India s Petroleum Ministry,3
India s Reliance,1
India s Reliance Industries,2
India'sReliance Power,1
"India,""Joshi",3
Indiaare,1
Indiaexpects,1
Indiahad,1
Indiaimported,2
Indian Cities Seek Climate Funding,1
Indian Clean Energy Developer Eyes Global Push,1
Indian Energy Exchange,1
Indian Express,2
Indian Green Energy,1
Indian LNG,2
Indian Oil,6
Indian Oil COrp.,1
Indian Oil Corp,18
Indian Oil Corp's,1
Indian Oil Corp.,6
Indian Oil Corp. Plans Sustainable Aviation Fuel Plant to,1
Indian Oil Corp.andHindustan Petroleum Corp.,1
Indian Oil Corporation,31
Indian Oil to Rebalance Crude Buying,1
Indian Petroleum and Natural Gas,1
Indian Stake,1
Indian Strategic Petroleum Reserve Limited,1
Indian Unicorn Zetwerk Buys US Startup Unimacts,1
IndianOil,2
IndianOil s,1
IndianOil s second quarter,1
Indiaover,1
Indiapaid,1
Indiareportedon,1
Indiawas,2
Indigenous Environmental Network,1
Indigenous Nations,1
Indonesia - Energy & Oil,2
Indonesia Tests Climate Finance,1
Industrial & Energy Technology,1
Industrial Resources General Trading,1
Industry and Advanced Technology,2
Industry and Trade of,1
"Industry, Energy and Emissions Reduction Angus Taylor",1
Ineos,6
Ineos Energy,4
Infigen Energy,1
Infineon,2
Infinity,1
Infinity Power,1
InfluenceMap,1
Infor,1
Infosys,1
Infrastructure & Utilities Business,1
Infrastructure Cut Power,1
Infrastructure and Security of Supply Group,1
Ingosstrakh,1
Ingosstrakh Insurance Company,2
Initial Response to Crude Oil-Price,1
Inmid,1
Inner Circle,1
Inner Mongolia Energy Engineering Co,1
Inner Mongolia Energy Engineering Updates,1
Innergex Renewable - Energy & Oil,1
Innogy,1
Innovation,1
Innovation and Aerospace Industry,2
Innovative Military Gadgetry,1
Inpex,5
Inpexreporteda,1
"Input, Energy Costs Surge",1
Insatiable Need for Energy Is Straining Global Power Grids,1
Inside EVS,1
Insight,1
InstaShop,1
Instagram,3
Instagram Post,1
Install Early Warning Systems for Climate Disasters,1
Institute,2
Institutional Asset,1
Instituto Nacional de los Espacios Acuaticos e Insulares,1
Insuramore,1
Insurance Group Holdings Inc.,1
Insurance Industry,1
Integrated Gas,6
Integrated Green Energy Solutions,1
Integrated LNG,1
Integrated Power,1
Intel,4
Intel Arm IPO,1
Intelligence,6
Intelligence Agency,1
Intelligencefrom,1
Intelligenceon,1
Intelligent Speed Assistance,1
Intellinews,1
Inter Far East Energy To Urgently Eliminate Grounds For Delisting,1
Inter Pipeline,1
Inter RAO,2
Inter-American Development Bank,1
InterGen,1
Interconnector,1
Intercontinental Exchange,4
Intercontinental Exchange Inc,1
Interfax,21
Interfax - Energy & Oil,2
Interfax Ukraine,2
Interfax last week,1
Interfax news,1
Interfax s,1
Interfaxnews,1
Interfaxreportedon,2
Interfaxsays,1
Interfaxshowed,1
Interfering With Drone Missions,1
Interior,23
Interior Department,2
Interior Ministry,1
Intermediateremained,1
International Affairs,1
International Affairs and,1
International Air Transport Association,1
International Atomic Energy Agency,5
International Aviation,1
International Carbon Action Partnership,1
International Chamber of Commerce,1
International Climate Action,1
International Cooperation of South Sudan,1
International Criminal Court,1
International Energy Agency,15
International Energy Agency's,1
International Energy Forum,9
International Energy Week,2
International Energy Week Returns,1
International Finance for,1
International Gas Union,1
International Institute for Strategic Studies,2
International Institute for Sustainable Development,2
International Maritime Organization,1
International Relations for Energinet,1
International University of Japan,1
Intersect Power,1
Intertek Group,1
Intilion,1
Into Climate Tech,1
IntroductionThe Belt and Road,1
Invanhoe,1
Invasion Kicked,1
Invasion of Ukraine,10
Invasion of Ukraine Latest News,1
Inventor Chemical Tankers,1
Invest &#xA3;300,1
Invest India,1
Investing.com,2
Investment,1
Investment Climate Boost,1
Investment Drops,1
Investment Minis,1
Investopedia,1
Investors Demanding Science-Based Climate Goals,1
Investors Digest,1
Investors Mull,1
Investors Over Oil Giant's,1
Invictus Energy,2
Invictus Energy Makes Gas Find,1
Ipsos,1
Iran - Agricultural Commodities,1
Iran - Energy & Oil,4
Iran Electrical Industry Syndicate,1
Iran Front News,1
Iran International,2
Iran Military Partnership,1
Iran Press News Agencyreported,1
Iran sMehr News Agency,1
Iranaims,1
Iranbegan,1
Irancut,1
Iranian Foreign Ministry,2
Iranian Heavy,1
Iranian Revolutionary Guard,1
Iranian Sepehr Energy,1
Iranian Students News Agency,1
Iranian Students' News Agency,1
Iranian Trade Involvement,1
IranianPress TV,1
Iraniantankers,2
Iranin,1
Iranresumed,1
Iranseeks,1
IranslappedSouth Korea,2
Iransupplyingfive,1
Iraq Newsreports,1
Iraq Petroleum Company,1
Iraq s Oil Ministry,2
Iraqearlier,1
Iraqhadn,1
Iraqi News,1
Iraqi Supply Disruption Continues,1
IraqiNewsreports,1
Iraqmay,1
Iraqsuspendedcrude,2
Ireland Denies LNG Port Despite Energy Security Concerns,1
Iris Energy Tumbles,1
Irish Firms,1
Irpa,1
Irpin,1
Irregular Forces Feud,1
Irving,1
Irving Oil,1
Ishpingo,1
Islam,1
Islamic Development Bank,2
Islamic Jihad,1
Islamic Revolutionary Guard Corps,3
Islamic Revolutionary Guard Corpskilleda,2
Islamic Revolutionary Guards Corps,2
Islamic State,13
Israel - Energy & Oil,1
Israel Aid,1
Israel Chemicals,1
Israel Spark,1
Israel Tensions Soar,1
Israel s Channel 12,1
Israel) Electric Company,1
Israelcontinuesto,1
Israeli Energy Ministry,1
Israeli Energy and Infrastructure,1
Israeli NewMed Energy,1
Israelsaidit,1
Isramco,2
Issa Shipping FZE,1
Isuzu,3
Isuzu Motors,1
Italian Energy,6
Italian Energy and Environment,1
Italvolt,1
Italy - Energy & Oil,1
Italy Approves &#x20AC;27.4 Billion Plan,1
Italy Election Rivals,1
Italy Energy Aid Package,1
Italy Freezes Assets of,1
Italy Green-Lights &#x20AC;9 Billion,1
Italy Readies G-7 Plan,1
Italy Readies New Energy Aid Package,1
Italy Scales Down Energy Relief With New &#x20AC;4.9 Billion Package,1
Italy Secures Enough Gas Supplies,1
Italy Seeks,1
Italy Signs Gas Deals,1
Italy Wants NATO,1
Italy s Central Bank,1
Italy s Energy,1
Italy s Energy Ministry,1
Italy s Ministry of Environment and Energy,1
Italy s Saipem,3
"Italy s Saipem, Energy Transfer Partners",1
Italyis,1
Itau BBA USA Securities,1
Ithaca Energy,24
Ithaca Energy Studies,1
Ithaca Energy s Executive,1
Itochu,2
Itochu Corp,1
ItreportedFriday,1
Its Climate Protection Efforts,1
Its Russia Sanctions Largely Spared Its Own Economies,1
Its Tactics Live On,1
Its Treatment of Navalny,1
Ivanhoe Mines,1
Ivano-Frankivsk,1
Iveco,3
Ives,1
Izmail,1
J-Arc and,1
J-Power,1
J.P. Morgan Securities LLC,1
J.P. Morgan Securities plc,1
JA Solar,1
JANAF,1
JATO Dynamics,1
JBC Energy,2
JBLU,1
JBS,2
JCC,1
JCOPA,1
JCPOA,3
JDAM,1
JE Energy,1
JERA,8
JETP,1
JLC,6
JLR,2
JMK Research & Analytics,1
JMMC,23
JMMC- source - Energy & Oil,1
JNE,1
JOCAP,1
JODI,57
JOGMEC,2
JOVO s Dongguan Terminal,1
JP Morgan,31
JP Morgan Chase,2
JP Morgan s,4
JPM,4
JPMorgan,42
JPMorgan Chase,8
JPMorgan Launches Climate Note,1
JPMorgan Sees Oil Prices Climbing as Alternatives Fall Short,1
JPMorgan Touts Methane Curbs,1
JPY,1
JPY/USD,1
JSA,1
JSW Energy,1
JTD Energy Services,2
JTF,3
JV,11
JV with Confidence Petroleum India,1
JX Nippon,1
JX Nippon Oil and Gas Exploration Corporation,1
JXTG,1
Jadwa Investment,1
Jagdeo,2
Jaguar,2
Jaguar Land Rover,2
Jaguar Task Force,1
Jalen Hurts Signs Deal,1
Jamnagar,3
Januarycalled,1
Januaryfell,1
Japan - Agricultural Commodities,1
Japan Avoids Energy Conservation Measures,1
Japan Concern of China Military Activity,1
Japan Considers Emissions Cuts,1
Japan Depends on Energy Imports,1
Japan Emissions Rise,1
Japan Gas Imports Hit,1
Japan Inks LNG Deals With,1
Japan LNG Investment,1
Japan Mull Defense Cooperation That Could,1
"Japan Oil, Gas and Metals National Corp. Carbon",2
"Japan Oil, Gas and Metals National Corporation",1
Japan Petroleum Exploration,2
Japan Petroleum Exploration Co.,3
Japan Petroleum Exploration Co. Ltd,1
Japan Power,1
Japan Reconsiders Nuclear Power During Energy Crisis: Big Take,1
Japan Renewable Energy,2
Japan Revises Climate Target,1
Japan Set to Import First Crude Shipment,1
Japan Ski Resorts,1
Japan Tourists Helping Economy Grow,1
Japan Trade Gap Narrows,1
Japan Trade Under Pressure,1
Japan Urges LNG Buyers,1
Japan s Mitsui & Co.,1
Japan sNikkei,1
Japanese Startup Josys,1
Jaramillo,1
Jask,4
Jefferies,4
Jefferies Financial Group,1
Jeffries,1
Jera Global Markets,1
Jersey Sanctions Probe Blown Open,1
JetBlue,4
JetZero,1
Jilin Jinguan,1
Jindal Power Ltd,1
JinkoSolar Holding,1
Joaquim Chissano University,1
Joby,1
Joby Aviation,1
Jodi,1
Joe Manchin Withdraws Energy-Permitting Bill,1
Johannesburg Tambo International Airport Flights,1
Johnson Controls,1
Join G-7 Climate Forum,1
Join NATO,1
Join OPEC+ Alliance Charter,1
Joint Ministerial Monitoring Committee,4
Joint Operating Company,1
Joint Technical Committee,1
Joint Ventures,2
Joint War Committee,1
Jokowi,3
Jornal de Angola Reports,1
Journal,34
Jourova,1
Julyand,1
Julywas,1
June - Energy & Oil,2
Junior Bankers Log,1
Junta,1
Just Energy Transition Partnership,6
Just Energy Transition Partnerships,1
Just Transition Fund,1
Just-Started Exchange,1
Justice,1
Juventus,1
K Line,1
K Line's,1
K&L Gates LLP,1
KAPSARC,1
KBMT TV,1
KBS-3,2
KEBCO,4
KEDS,2
KFC,2
KGB,1
KGHM,1
KHL Face Difficult Decisions,1
KHNP,1
KIPIC,6
KKR,15
KKR Co-,1
KKR Energy Real Assets,1
KKR Offers,1
KLM,1
KLM Faces Trial Over Climate Ad Greenwashing Allegations,1
KLP,2
KMG,3
KMI,2
KNOC,4
KOC - Energy & Oil,1
KOMO,1
KPC,2
KPMG,3
KPMG Global Head,1
KREMLIN,1
KRG,39
KROC,1
KTF,1
KUFPEC,4
KUNA,4
Kaduna - Energy & Oil,1
Kahkewistahaw First Nation,1
Kakhovka,2
Kakhovka Dam Collapse,1
Kaneva,1
Kangan,1
Kanou Capital,1
Kansai Elec's,1
Karabakh,1
Karachaganak Petroleum Operating,2
Kaskida,1
Kataib Sayyid al-Shuhada,1
Katona,1
Kavkaz,1
Kazakh Energy,3
Kazakh Export Blend Crude Oil,1
Kazakh Oil Deal Wo,1
Kazakhstan Energy,5
Kazakhstan s Agency,1
Kazakhstan s Energy Ministry,2
Kazakhstanhas,1
Kearney,2
Kearns Warns Climate Change Set to Impact Financial System,1
Kedia,1
Keep Deeper Supply Cuts,1
"Keep Energy Bills Below &#xA3;2,000",1
Keep Europe's,1
Keep Nuclear Plants in Reserve to Ease Energy Crisis,1
Keep Oil Output Steady,1
Keep Oil Prices Under,1
Keeping Climate Change Under Control Needs Six Times More Ambition,1
Keeps State TV,1
Kemp - Agricultural Commodities,12
Kemp - Energy & Oil,20
Kenkiyak-Kumkol,2
Kenney,1
Kenya - Agricultural Commodities,1
Kenya Deepen Partnership on Climate and,1
Kenya Electricity Generating's,1
Kenya Revenue Authority,1
Kenya s Ministry of Energy and Petroleum,1
Kenyans - Energy & Oil,1
Keppel Data Centres,1
Kern County Planning,1
Kerry China Climate Talks,1
Kerry Pitches Carbon Credit Plan,1
Kerry's Climate Credit Plan Risks Payouts for Carbon-Cutting Mirage,1
Key China Route Slump,1
Key Crude Exports to Plunge,1
Key Partners,1
Keystone,9
Keystone Oil Pipeline,1
Keystone Oil Pipeline Spill Was Caused,1
Keystone Oil Spill: TC Energy Boosted Flows Just Before,1
Keystone Oil Spill: TC Energy Delays Full Pipeline Restart,1
Keystone Oil Spill: TC Energy Restarts Part of Pipeline,1
Keystone Pipeline,2
Keystone Pipeline System,5
Keystone XL,32
Keystone XL Pipeline,1
KfW,2
Khafji,2
Kharkiv,12
Kherson,1
Khm,1
Khuraison,2
Kia,4
Kiel Institute,2
Kiev - Energy & Oil,1
Kimmeridge Energy Managementproposedon,1
Kimsuky,1
Kinder,1
Kinder Morgan,18
Kinder Morgan Energy Partners,1
Kinder Morgan s,2
Kinect Energy,1
Kinetiko Energy,1
King,1
King & Spalding LNG,1
King Abdullah University of Science and Technology,1
Kingdom Futures,1
Kingdom Holding,2
Kingdom s energy ministry,1
Kingdomsays,2
Kingfisher,2
Kiyv,2
Klayman & Toskes,1
Klesch Group,2
Knock Out Iran Sanctions Claim,1
KoBold,2
KoBold Metals,3
Kobayashi,1
Kobre & Kim,1
Koch Industries,3
Kohler,1
Kohler Energy Unit,1
Kolanovic,1
Kolanovic Says Sell Energy,1
Kolanovic Warns on Pricing Power,1
Kommersant,12
Kommersant daily,1
Kommersantreportedon,1
Komolafe,2
Kona EVs,1
Koninklijke Nederlandsche Petroleum Maatschappij,1
Kontrolmatik,1
Korea Electric Power Corporation,1
Korea Energy Materials Plant Making Nickel Products for EVs,1
Korea Gas Corp.,1
Korea National Oil Corporation,1
Korean Battery,1
Korean Clean Energy Firms,1
Kosmos Energy,9
Kotak Securities,1
Kotin,1
Koye,1
Kozmino,3
Kpler Ltd.,1
Kpler s Smith,1
"Kpler, Cold Lake",1
"Kpler, Rystad Energy",1
Kplercitedby Reuters,2
Kraft Heinz,1
Kraken,2
Kremlin,247
Kremlin Agents,1
Kremlin Oil Revenue Under Pressure as Crude Price,1
Kremlin Renews,1
Kremlinblamedsanctions,1
Kretinsky s EP Corporate Group,1
Krone Leads Commodity FX,1
Krymsk,2
Kukies,2
Kuleba,2
Kumba Iron Ore Limited,1
Kumul Petroleum,1
Kurdistan Regional Government in Northern Iraq,1
Kurds & Turkey,1
Kuwait Export Crude,1
Kuwait Exports First Shipment of Jet Fuel,1
Kuwait Foreign Petroleum Exploration,1
Kuwait Foreign Petroleum Exploration Company,2
Kuwait Fund for Arab Economic Development,1
Kuwait Integrated Petroleum Industries Company,5
Kuwait National Petroleum Co,3
Kuwait News Agency,2
Kuwait Oil Co,2
Kuwait Oil Co.,1
Kuwait Petroleum,6
Kuwait Petroleum Co.,1
Kuwait Petroleum Corp.,1
Kuwait Petroleum Corporation,7
Kuwait Petroleum International,1
Kuwait State Petroleum Company,1
Kuwait s Supreme Petroleum Council,1
Kwarteng Says Energy Bills Bailout Costs &#xA3;60bn,1
Kwarteng-BOE,1
Kwarteng-Truss,1
Kyari,5
Kyiv Air-Defense Aid,1
Kyiv Blasts Boost Risks to,1
Kyodo,4
Kyushu Elec,1
Kyushu Electric Power Company,1
L pez Obrador,2
L&G,2
L.P.,2
L.P. Fear,1
L4 Venture Builder,1
L7,1
LA Fires,1
LBRT,1
LCFS,1
LCO,1
LEAG,3
LEC,3
LFB,2
LFP,6
LG,6
LG Chem,5
LG Electronics,1
LG Energy,12
LG Energy Pins,1
LG Energy Solution,28
LG Energy Solution Ltd,1
LG Energy Solution Profit Exceeds,1
LG Energy Solution Q1,1
LG Energy Solution's,1
LG Energy Solutions,2
LG Energy to Invest $3 Billion,1
LG Polymers - Energy & Oil,1
LGA,2
LGIM,1
LIHEAP,1
LIbya,1
LLC,8
LLNL,2
LME,11
LME Blocks New Metal,1
LME Russia Metals Sanctions to Drive Sales,1
LMI,1
LMT,1
LNA,13
LNG,1754
LNG -Gassco - Energy & Oil,1
LNG Allies,3
LNG Canada,7
LNG Canada's,1
LNG Canadais,1
LNG Demand to Keep,1
LNG Energy News,1
LNG Expansion,1
LNG Export Approvals,1
LNG Exports: Cost of,1
LNG Felix Booth,1
LNG Future of Energy Conference,1
LNG Imports,1
LNG Japan,1
LNG Pipeline,1
LNG Plant,1
LNG Plant Stake,1
LNG Project,1
LNG Readies Tanker Berth Amid Europe Energy Crisis,1
LNG Risks Span From,1
LNG Supplies,1
LNG Talks End,1
LNG Terminal,1
LNG imports &#x2013;energy,1
LNG pr,1
LNGand,1
LNGand half,1
LNGfor,1
LNGto,1
LNR,1
LON,2
LPG,35
LPG - Energy & Oil,1
LPO,5
LR2,1
LRS,1
LSEG Eikon,1
LSEG Oil Research,7
LTO,1
LUV,1
LVMH,2
La Camera,1
La Liga Seeks Sanctions,1
La Porte,1
La Stampa,1
Labor,3
Labor Department,1
Labor Shock and Pay,1
Labour,20
Labour Calls For ',1
Labour Caves,1
Labour Party,3
Labour Promises,1
Labour Sees &#xA3;17 Billion Hole,1
Labrador Offshore Petroleum Board(C-NLOPB,1
Lahadalia,3
Lakach,1
Lance,4
Lance Project,1
Landmark Carbon Levy,1
Landmark Climate Bill Lures,1
Landmark Dutch Court,1
Landmark UN Study Shows Widespread Failure to,1
"Lane, Clark & Peacock",1
LanzaJet,1
Lapid,1
Largest Battery Energy Storage Facility,1
Largest Party,1
Largest Zinc Smelter Bets,1
Last Big EU Gas Consumers Turns Off,1
Last Energy Signs Deals,1
LatAm,1
LatAm - Energy & Oil,1
Latest Dare Reveals Sustainable Aviation Fuel Challenge,1
Latest EU Nation,1
Latest News,1
Latest Oil Market News,1
Latest Oil Prices,136
Latest Oil Prices Market News,4
Latest Ukraine Contracts Tally Sees,1
Latest Wave of Climate,1
Latigo Petroleum s,1
Latin American Summit After Tussle,1
Latvia Deploys Finance Tools to Fight Russian Sanctions Evasion,1
"Laundering, Sanctions Probe",1
Lavrov,19
Law of the Sea,1
Lawrence Berkeley National Lab,1
Lawrence Berkeley National Laboratory,1
Lawyers Over Suit,1
Lazard,2
Le Galles,1
Le Monde,2
Le Pen,1
Le Peuch,4
Lead Americas Crude Trading,1
Lead Left Alliance,1
Leaders Talk Poland Missile,1
Leading House,1
LeapFrog,1
Left Oil Markets,1
Legal & General,1
Legislature,1
Lego,7
Lehman Brothers,5
Lehman Warning,1
Lekander,3
Lekela Power,1
Lekoil,3
Lemonis,1
Lendlease,1
Lendlease Corp.,2
Leopard Tanks,1
LetterOne,1
LetterOne Boosts Private Lending Bet as Sanctions Fears,1
Letzte Generation,1
LevelTen,1
LevelTen Energy,1
Leviathan,23
"Levin, Climate and Energy Program",1
Lewis,1
Lewis Energy Group,3
Lexus,2
Li CIF China,1
Li-Fe-P,1
Liberia Maritime Authority,1
Liberty,2
Liberty Energy,6
Liberty Oilfield,1
Liberty Oilfield Services,1
Liberty Petroleum Corporation,1
Liberty to Cut UK Output and Idle Sites on Energy Costs,1
Libre Abordo,5
Libya - Energy & Oil,2
Libya Herald,3
Libyadeclared,3
Libyan Foreign Bank,1
Libyan National Army,7
Libyan Oil,1
Libyan Prosecutor s Office,1
Libyasaidit,1
Lift Battery Energy Storage,1
Lifting Ukraine Aid Veto,1
Lightcrude,1
Lightloading,1
Lightrock Raises &#x20AC;860 Million,1
Lightsource,2
Lightsource BP,2
Ligovsky Prospect,3
Limit Fed's,1
Limited,2
Limited (CATL,2
Limited FSD,1
Limited Liability Company,1
Limited U.S.,1
Limousine Commission,2
Linde,3
Lindner,1
Lindner Tells Deutschlandfunk,1
Line 5for years,2
Lingoe Process Engineering,1
Liontown,2
Liontown Resources,3
Liontown Resources Ltd,1
Lipow Oil Associates,2
Lipper,1
Liquid Air Energy System To Store Power,1
Liquid Bulk Principal,2
Liquids Pipelines,1
Lisagor,1
Litasco,6
Litgrid,3
Lithium,1
Lithium Americas Corp,2
Lithium Energy,1
Lithium Iron Phosphate,1
Lithuanian Energy,1
Liu,1
Live Mini-Budget,1
Live News & Updates From Energy Conference,2
"Live News & Updates From Energy, Climate Conference",1
Liverpool,1
"Living, Energy Crisis",1
Liz Truss Energy Support Plan,1
Liza-1,1
Lloyd s RegistertoldReuters,1
Lloyd's,2
Lloyd's Register,1
Lloyd's of London,3
LoI,1
Loan Guarantees for Energy Firms,1
Loan Programs Office,3
Loan Ukraine &#xA3;2.3 Billion Using,1
Loan-Guarantee Talks,1
Lobby,1
Lobby Says Stricter Fuel Economy Would Cost Billions,1
Local Management,1
Lock in Cheaper Energy Deals as,1
"Lock in Energy, Climate Rules as Danger Zone Looms",1
LockBit,1
Lockdowns Deepen China Slide,1
Lockheed Martin,2
Loma Campana,1
London Commercial Courts,1
London Economics Limited,1
London Energy Event,1
London International Energy (IE,1
London Sadiq Khan Backs Cars for Ukraine Scheme,1
London Stock Exchange Group,1
London s High Court,2
London s International Energy (IE,1
Lone Star,2
Lone Star Mineral Development,1
Long-Range Weapons,1
Long-Term Strategic Plan,1
Longer Gamesa Turnaround,1
Longer Now,1
Longi Green Energy Technology,7
Longi Green Energy Technology Co.,2
Lonsdale Energy,1
Lonsdale Energy Corporation,4
Loop 1 LNG,1
Lordstown Motors,3
Lordstown Motorsfiled,1
Los Angeles Climate Tech Startup Aims,1
Los Angeles Timesreports,1
Losers of Australia Budget,1
Lotte Chemical,1
Lotte Energy Aims,1
Lotus,2
Lotus Midstream,3
Lotus Midstream's,1
Louisiana Insurance Market In Crisis From Climate-Fueled Storms,1
Louisiana LNG,1
Louisiana LNG s,1
Louisiana Natural Gas Exports,1
Louisiana Natural Gas Exports Inc,1
Louisiana Offshore Oil Port,2
Louisiana Pipeline,1
Louisiana State University,1
Louisiana council,1
Louisianaare suingthe Biden Administration,1
Louisianasuedthe Biden Administration,1
Louvre Museum,1
Low Carbon Solutions,7
Low Emissions Technology,1
Lower Energy,1
Lower Energy Bills,1
Lower Energy Costs,1
Lower Energy Prices,3
Lower Fuel,1
Lower Oil Prices,1
Lower Oil Production to Compensate,1
Lowest Level Since War Began,1
Lucid Motors,4
Lucrative Family Office,1
Lucrative Oil Enterprise,1
Lucrative Pacific Trade,1
Luetzerath Pits Energy Security Against Climate,1
Lufthansa,7
Lufthansa Group,1
Lufthansa Rescue,1
Lukashenko - Agricultural Commodities,1
Lukashenko - Energy & Oil,1
Lukoil,75
Lukoil - Agricultural Commodities,1
Lukoil Neftohim Burgas,1
Lukoil Overseas,1
Lukoil and,1
Lukoil s Litasco,1
Lukoil s Norsi,1
Lululemon Faces Pressure From Yoga Community Over Climate Action,1
Luma Energy,1
Lumber Marine SA,1
Luna,1
Lundin,2
Lundin Energy,21
Lundin Energy Q2,2
Lundin Energy s,1
Lundin Energysaidon,1
Lundin Petroleum,7
Lure Climate Investors,1
Lux Research,1
Luxembourg Climate Fund,1
Lyman,2
LyondellBasell,4
"LyondellBasell s268,000",1
Lysekil,1
M tis Nation-Saskatchewan,1
M&A - Energy & Oil,1
M&P,1
M/M,3
M/T Strinda,1
M/V Maersk Detroit,1
MADO,1
MAGA,1
MAN Energy Solutions,1
MAS,1
MAS Pumps $6 Billion Into Climate Transition,1
MASDAR,2
MBI Energy Services,1
MBS,1
MCC,1
MCD,1
MCI,1
MDAX,1
MEA,1
MED-RED Land Bridge Ltd,2
MEDIA-HSBC,1
MEDIA-India's,1
MEDIA-Russia's,1
MEG Energy,2
MENA,4
MEPs,1
MERO,1
METALS-Aluminium,1
METALS-Copper,1
METALS-London,5
MEU,2
MFT Energy's,1
MINING.COM EV Metal,1
MIT,4
MMBtu,21
"MMBtu, Rystad Energy",2
MMG,1
MNRL,1
MOL,3
MOLsaidon,1
MOMR,40
MOU,3
MOVES Citi,1
MOVES-Aramco Trading Company,1
MOVES-Boutique,1
MOVES-JPMorgan,1
MP Materials Corp,1
MPC,12
MPCA,3
MPLX,5
MPLX LP,1
MRPL,8
MS&AD Insurance Group Holdings Inc.,1
MSC,1
MSCI,1
MSCI Carbon Markets,1
MSCI launches climate,2
MSFT,3
MSNBC,2
MSP,1
MST Marquee,1
MSU,1
MT Arman 114,1
MT Chios Lion,1
MT Pola,1
MTA,1
MTAor,1
MTN Sells,1
MTS Bank,1
MU,1
MUFG,4
MUFJ,1
MVM,2
MVM - Energy & Oil,1
MW,59
MW Guney Wind Farm,1
Mabasa,1
MacGregor,2
Macau Kingpin's,1
Macchiarolatoldthe Financial Times,1
Mach-E,1
Machar,1
Machin,1
Macquarie,3
Macquarie Climate Fund,1
Macquarie Commodities Trading US,1
Macro Oils,1
Macro-Advisory,1
Macron,31
Macron Climate Summit,1
Macron Invites,1
Macron Pressures French Government on Budget While Funding Ukraine Aid,1
Macron Urges Energy Suppliers to Cut 'Excessive',1
Macron Warns European Security,1
Mad Men,1
Madanjoo Company,1
Maduro,92
Maersk,10
Maersk CFO Patrick Jany,1
Maersk Sells,1
Maersknoted,1
Maerskpickedits,1
Magellan,1
Magellan Midstream,1
Magellan Midstream Partners,2
Magellan's Board,1
Magnis Energy,1
Magnolia Oil & Gas Corporation,1
Magnum Development,1
Maharashtra,3
Mahoney,1
Main Oil Company Raises Crude Production Capacity,1
Main Oil Firm Sets Tougher Climate,1
Main Oil Flows Signal Output,1
Main S. Africa Power Union Seeks Climate Finance Pact Suspension,1
Mainline,2
Majid Takht Ravanchi,1
Majiya,1
Major Economies Forum,1
Major Energy Asset,1
Major Energy Hub,1
Major Grain Exporter Sees,1
Major Oil Refinery Set Ablaze,1
Major Projects & Offshore,1
Make Berlin Climate Neutral,1
Make Climate Risk Disclosures Mandatory,1
Malawi Seeks,1
Malaysia Air Looks,1
Malaysia Bans Citizens of US,1
Malaysia Renews Backing,1
Malaysia Team Up on Gas Amid Global Energy Crisis,1
Malaysian Aviation Group,1
Malaysian Power Firm Leader,1
MalaysianTapis,1
Man Group Plc,1
"Man, Volvo",1
Man-Made Energy Island,1
Manage Russia Unit,1
Manas Satapathy,1
Manatee,1
Manchin,3
Manchin Appeals,1
Manchin Climate,1
Manchin's Energy,1
Mandara Capital,1
Mangalore,1
Mangalore Refinery,7
Manganese X Energy Corp Key Developments,1
Mania Threatens Crude's,1
Manifa,1
Mann Says Climate Change Poses Persistent Inflation Threat,1
Mann Says Energy Price Caps,1
Mansfield Energy,1
Mansuriya,1
Manufacturers Say Soaring Energy Costs,1
Marathon,2
Marathon Digital Holdings,2
Marathon Oil,11
Marathon Oil Corp,2
Marathon Oil Corp.,1
Marathon Oil Corporation,1
Marathon Petroleum,19
Marathon Petroleum Corp,8
Marathon Petroleum Corp s,2
"Marathon Petroleum Corp,",1
Marathon Petroleum Corp.,2
Marathon Petroleum Corporation,1
"Marathon Petroleum Supply and Trading, Motiva Enterprises",1
Marathon Petroleum s Partee,1
Marathon Petroleum's,2
March - Energy & Oil,1
MarchBrent,1
Marchpress,1
Marex Spectron,1
Marine,1
Marine Energy Firm Lines Up Funding for,1
Marine Holdings Inc.,1
Marine Rescue Service,1
MarineTraffic,1
Maritime,1
Maritime & Trade,2
Maritime Authority,1
Maritime Media s,1
Mariupol,11
Market,1
Market Forces,1
Market News,136
Market Report,2
Market Reportfor,9
Market Reportlast,2
Market Reporton,1
MarketWatch,9
MarketWatchreports,2
Marketing at AUDI AG,1
Marketlink,1
Maroil Trading,1
Mars See Business Boom,1
Marshall Islands,1
Marszalek,1
Martelo,1
Martin Linge,1
Marubeni,6
Masdar,21
Masdar Energy,1
Masela PSC,1
Mason,1
Massa Threatens,1
Master Gas System,1
Matador,1
Matador Economics,2
Matador Resources,1
Match Climate's,1
Materials & Lightweighting,1
Math Olympiad Elite Through New Fund,1
Matias Ship Management s,1
Matterhorn,3
Maui Wildfires Show Climate Disasters Are an Affordable Housing Problem,1
Maurel & Prom,3
Maurel & Promhad,1
Maxar Technologies,1
Maximum Generation Alert,1
Maximum Sustainable Capacity,1
Maxvolt Energy Industries,1
May - Energy & Oil,2
Maybank,1
Maywhen Conoco,1
Mazars Wealth Management,1
Mazda,1
Mazzagatti,1
McCaul Plans Spring,1
McDonald,1
McDonald's,2
McDonald's Signs Solar Energy Deal to,1
McKinsey,1
McKinsey & Company,2
Mcfd,1
Med,2
Med Crude-Urals,17
Media Office,1
Medicare,1
Mediterranean - Agricultural Commodities,1
Meduza,1
Meduza Media Organization,1
Meet Energy Firms,1
Meet House,1
Meet Its Climate Aim,1
Meet NATO Spending,1
Meet OPEC+ Supply Cuts,1
Mega Rally,1
Mega Refinery Takes,1
Megapack,1
Mehr News Agency,1
Mellita,1
Melrose Industries,1
Meme-Stock Traders,1
Memorial University,1
Men Fleeing Ukraine War Conscription,1
Mercantile & Maritime Group,1
Mercedes,5
Mercedes-Benz,5
Mercedes-Benz Group AG,1
Mercedes-Benz's,1
Mercenary Mutiny Bad News for Oil Markets,1
Mercom India,1
Mercosur Tensions Rise,1
Mercuria,8
Mercuria Energy,1
Mercuria Energy Group,1
Mercuria Energy Group LTD,1
Mercuria Energy's,1
Mercury,1
Merey,9
Merey 16,4
Merging Woodside,2
Meridian Energy,4
Merit Energy Partners L,1
Merkley,1
Mero,2
Merosaidon,2
Merrill Lynch,2
Mesoblast,1
Mesquite Energy,1
Mester,1
Met Energy,1
Meta,4
Meta Blocks 'Inauthentic' Pages,1
Metal Miner,1
Metal Miner Nickel,1
Metal Miner Steel,2
Metal Miner TheStainless,1
Metal MinerTheStainless Steel Monthly,1
MetalMiner,5
MetalMiner Insightsdata,2
Metallon,1
Metals and Power Fuel Imports Firm,1
"Metals, Minerals",2
Metro Bank,1
Mewbourne Oil Company,1
Mexican Energy,2
Mexican Energy Dispute,1
Mexican Oil Giant's,1
Mexican Trade Chiefs to Meet,1
Mexico Cabinet,1
Mexico Energy,1
Mexico Energy Dispute,1
Mexico LNG,1
Mexico News Daily,1
Mexico Oil Project,1
Mexico Pacific,1
Mexico Tightens Grip,1
Mexico Trade,1
Mexico s Energy,1
Mexico s Energy Ministry,1
Meyers,2
Michelin,1
Michie,1
Michigan - Enbridge Pipeline War Hits Climax,1
Michigan Challenge Lithium's,1
Michigan State University,1
Micron,1
Microsoft,31
Microsoft Invests,1
Microsoft Join Power Grid Decarbonization Group Trading Energy,1
Microsoft Rolls Out Automatic Energy-Saving Mode for Select,1
Microsoft Signs First Renewable Energy Purchase,1
MidOcean Energy,11
Midas Ressources,1
Middle East Business Intelligence,1
Middle East Insurance Board,1
Middle East League,1
Middle East Monitor,1
Middle East Sovereign,1
Middle Eastern,1
Middle Eastern Eyereported,1
Middle Eastern Oil Market Dynamics,1
Midland Oil Company,1
Midstream for Chevron Corp,1
Midwest Heat Wave,1
Migas - Energy & Oil,1
Milavous Group Ltd,1
Milei,4
Milei s,2
Miliband,3
Military Aid,1
"Military, Energy Sites",1
Military-Industrial Complex',1
Milken:,1
Millennium Post,1
Miller,1
Mills,2
Minera de Chile,1
Mineral Resources,5
Mineral Resources Limited,1
Mineral Resources and Petroleum,1
Minerals Market Reviewlast summer,1
Miners Need an Energy Revolution,1
Mines and Energy,4
Mines and Energy Ministry,1
Mini,1
Mining,1
Mining Bitcoin Climate Impact Similar,1
Minister for Energy and Emissions Reduction,1
Minister of Environment and Climate Change,1
Ministro Hales,1
Ministry,3
Ministry of Coalsaidlast week,1
Ministry of Commerce and Industry,1
Ministry of Defense,2
Ministry of Economy and Planning,1
Ministry of Energy,5
Ministry of Energy Transition,3
Ministry of Energy and Petroleum,1
Ministry of External Affairs,1
Ministry of Finance,2
Ministry of Foreign Affairs,1
Ministry of Industry and Information Technology,1
Ministry of Investmentsaid,1
Ministry of Natural Resources,1
Ministry of Natural Resourcessaidthis week,1
Ministry of Petroleum,5
Ministry of Petroleum and Energy,1
Ministry of Petroleum and Mineral Resources,1
Ministry of Petroleum and Natural Gas,5
Ministry of Petroleum and Natural Gassaidlast,1
Ministry of Petroleum and Natural Gassaidon,1
Ministry s,1
Minnesota Climate Suit,1
Minnesota Pollution Control Agency,1
Minority New Democratic Party,1
Minsk - RIA,1
MintGreen,5
Minuscule Climate Progress,1
Mirny,2
Miro Oil Refinery,1
Mirtchev,2
Mishcon,1
Mishor Rotem,1
Mishustin,2
Miss 2030 Climate Target,1
Miss NATO Military Spending GDP Target,1
Mississippi - Agricultural Commodities,1
Mitsubishi,14
Mitsubishi Corp.,3
Mitsubishi Corporation,2
Mitsubishi Power,1
Mitsubishi UFJ Financial Group,2
Mitsubishi s,1
Mitsui,20
Mitsui & Co,2
Mitsui & Co.,1
"Mitsui & Co., Ltd.",1
Mitsui & Codoesn,1
Mitsui Group,5
Mitsui OSK Lines,2
Mixing Cheap Russia Crude,1
Mizuho,10
Mizuho Bank,2
Mizuho Bank s,1
Mizuho BanktoldBloomberg,1
Mizuho Securities,3
Mnuchin,2
MoU,7
Mobil,4
Mobil Caspian Pipeline Company,1
Mobil Corp.,3
Mobil Corp. s,1
Mobil Producing Nigeria Unlimited,1
Mobil s,1
Mobil(NYSE,1
Mobilize Climate Finance,1
Mobilize Ukraine's Recovery Effort,1
Mobin International,1
Modec,1
Model 3 Performance,1
Model 3was,1
Model S,14
Model Y Performance,1
Moderna,1
Modi Offers India,1
Modi to Discuss Climate Change,1
Modi's Climate Change Goal,1
Moelis & Co.,1
Moldova - RIA,1
Moldova Faces Energy Crisis as Result of Russia's,1
Moldovanmedia,1
Moller-Maersk,2
Monaco Royals,1
Monch General Trading,1
Mondaycut,1
Mondayit,2
Mondaynote,1
Mondayrejected,1
Mondaysaidit,1
Mondayurgedthe European Union,1
Mondelez,3
Money and Politics Put World's,1
MoneyGeek,1
Moneyplus Energy,1
Monitor Russia Nuclear Arms Activity,1
Monroe Capital LLC,1
Monroe Energy,2
Montana Aerospace,1
Montana Court Ruling in Kids' Climate Suit,1
Montel News,1
Monthly Energy Review,3
Monthly Oil Market,1
Monthly Oil Market Report,9
Moody s,5
Moody s Investor Service,1
Moody s Investors Service,1
Moody s Senior,1
Moody s.,1
Moody s. Iraq,1
Moody ssaidin September,1
Moody ssaidthat Russia,1
Moody's,10
Moody's - Energy & Oil,1
Moody's:,1
Moorburg - Energy & Oil,1
Moore,1
Morality Police,1
More Aggressive Stance,1
More Gas Power Plants to,1
More NATO Troops,1
More Nuclear Energy,1
More Oil and Gas Investment Is Good for the Climate Fight,1
More Than &#x20AC;200 Billion,1
Morgan Stanley,47
Morgan Stanley & Co.,1
Morgan Stanley & Co. International plc,1
Morgan Stanley Fined,1
Morgan Stanley Follows Citi,1
Morgan Stanley Investment Management,1
Morgan Stanley Research,1
Morgan Stanley Shuts,1
Morgan Stanley Signal,1
Morgan Stanley Wealth Management,1
Morgan Stanley s,3
Morgan Stanleyrevised,1
Morgan Stanleyrevisedits Brent,1
Morganreported,1
Morgenecho,1
Morningstar,7
Morningstar Inc,1
Morocco Farmers,1
Morrison,1
Morrow Batteries,2
Morrow Industrialization Centre,1
Morse,2
Moscow Exchange,1
Moscow Times,2
Moscowfor,1
Most Oil Drilling,1
Mostr,1
Motiva,1
Motiva Enterprises,4
Motiva Enterprises LLC,2
Motortraderreported,1
Mottley,1
Mounting Energy Crisis,1
Move Forward,1
Move to Energy Self-Reliance,1
Mozambique LNG,5
Mozambique Plans Climate,1
Muajjiz,2
Mubadala Energy,7
Mubadala Investment Company,2
Muddy Fields Are Latest Climate Threat to,1
Muhandis,1
Muhit Maritime,1
Mull,1
Mull M&A Options With Marathon,1
Multiple Recalls,1
Munich Conference a Backdrop for Europe,1
Munich Re,2
Munich Re Lifts Target,1
Munich Re Quits,1
Murban Futures,1
Murmansk LNG,1
Murphy Oil,4
Murphy Oil Corporation,1
Murray Energy,1
Musk,2
Musk & Co.,1
Muskagreed,1
MusksaidTesla,1
Musktried,1
Mustang,1
Muthoot Finance,1
Mutiny,3
Myanmar Energy Ties Are Flying Under the ESG Radar,1
Mykhaylo Mudryk Cheslea FC,1
Mystery Buyer,1
Mytilineos Energy & Metals,1
N.Korea,1
N.Sea - Energy & Oil,1
NACP,1
NACS,2
NAFTA,4
NAMCOR,1
NAOC,1
NAOC Ltd,3
NASA,12
NASA Goddard,1
NASD,1
NASDAQ,9
NAT,1
NATO,200
NATO Kosovo Mission as Serbia,1
NATO Mulls,1
NATO Need for Weapons for Ukraine War Offers Hope,1
NATO Races,1
NATO Summit Latest News,1
NATO Summit Seeks,1
NATO Ukraine Fund to,1
NATO-Ukraine Council,1
NATO-Ukraine Council to Review Black Sea Security,1
NATO-Ukraine Deal Cements Presence,1
NBC,9
NBC News,6
NBI,1
NBIM,3
NBK,1
NBS,2
NCA,2
NCAI,1
NCOC,5
NCQG,1
NCS,3
NCUD,1
NDC,1
NDDC,2
NDP,2
NDRC,3
NDX,1
NE2 Group,3
NE2 Group's,1
NEA,11
NEADA,2
NEE,1
NEITI)saidat,1
NEO Energy,3
NEOM,4
NEPA,5
NERC,6
NESO,9
NESR.O - National Energy Services Reunited Corp Key Developments,1
NEV,2
NFE,10
NFL,1
NFS,2
NG Energy,1
NG Energy to Boost Natural Gas Production,1
NGC,1
NGEL,1
NGESO,4
NGL,7
NGN USD,1
"NGN/USD Nigeria to Save $28 Billion on Fuel Subsidies End, Weaker Naira",1
NGN/USD:,1
NGO,1
NGO Centre for Research on Energy and Clean Air,1
NGO Global,1
NGO Global Witnesssaidlast,1
NGO Global Witnessshowedon,1
NGO R seau Action Climat,1
NGO Tax Justice Network,1
NGO Urgewald,1
NGO the Centre for Research on Energy and Clean Airanda Global Witness,1
NGO the Institute for Energy Economics and Financial Analysis,1
NGO the Regulatory Assistance Project,1
NGP,1
NGSR,3
NH Investment and Securities,1
NHC,7
NHK,1
NHS,2
NHTSA,14
NIF,1
NIGC,4
NIO,3
NIO s,1
NIOC,12
NIORDC,2
NIOrevised,1
NIS,1
NITC,4
NJ Ayuk,1
NJJ Capital,1
NK Rosneft,1
NKorea-Russia,1
NLMK,1
NMC,1
NMED,6
NMFS,1
NNPC,47
NNPC Exploration,1
NNPC Limited,1
NNPC Ltd,2
NNPC Ltd.,1
NNPC Ltdis,1
NNPC Trading,1
NNPCL,6
NNPCpress,2
NOAA,8
NOC,82
NOC s,2
NOCannouncedon,1
NOCs,7
NOCsaidin,1
NOCsaidon,1
NOIA,1
NOIAsaid,1
NOPEC,4
NORDIC POWER-Forward,20
NORDIC POWER-Front,1
NORDIC POWER-Front-quarter,10
NORDIC POWER-Front-year,3
NORDIC POWER-Prices,3
NORDIC POWER-Rising,1
NORSI,3
NPC Standing Committee,1
NPCC,1
NPD,13
NPP,1
NPR,5
NPR-A,3
NRDC,2
NREL,1
NRG Energy,6
NRG Energy's,1
NRL,1
NS Business,1
NS Century,4
NS Trading,1
NS2,2
NSA,2
NSO,2
NSR,3
NSTA,1
NSW,1
NTPC,8
NTPC Green,2
NTPC Green Energy Limited,1
NTPC Ltd,4
NTPC Plans Nuclear Expansion as Nation Chases Climate Goals,1
NTPCsaidon,1
NTSB,3
NTT,3
NTV,2
NUPENG,2
NUPRC,14
NUPRC s,1
NUPRC s Komolafe,1
NUS Consulting Group,1
NV Energy,2
NVDA,2
NVE,3
NVIDIA,2
NWF,7
NWS,2
NWSA,1
NY AG,1
NYC Adopts Climate Budgeting to Factor in Building Efficiency,1
NYC Landlords Bracing,1
NYC Pension Funds Are Sued for Cutting Fossil-Fuel Stake,1
NYCB Problems Fuel Investor,1
NYMEX,7
NYMEX RBOB,1
NYPD Boosts Police Security,1
NYSE,196
NYSEAMERICAN,2
NYSEARCA,8
NYT,6
NYTimes,1
NZ Reviews Its Controversial Climate,1
NZ Steel,1
NZ Windfarms,1
NZBA,4
NZIA,1
Naberezhnye Chelny,2
Nabors Industries,1
Naftogaz,9
Naftogaz Group,1
Nagorno-Karabakh,14
Nagorno-Karabakh - old,1
Nairametrics,1
"Nakamura, Octopus Energy",1
Nanyang Technological University,1
Naptha Trades,1
Narrow Canada's,1
Narrow Data Gap,1
Nasdaq,4
Nassersaidthat,1
NatGas,1
NatWest,5
NatWest Tops Ranking of Banks Backing Green Energy,1
Natanz,2
Natanz Plant,1
Nation,3
Nation's Energy Crisis,1
National,3
National Agency of Petroleum,1
National Australia Bank,1
National Bank,1
National Bureau of Statistics,9
National Climate,1
National Climate Effort,1
National Climate and Energy,1
National Commission of Hydrocarbons,1
National Development and Guarantee of Human Rights,1
National Economy,1
National Electricity Policy,2
National Energy Action,4
National Energy Administration,11
National Energy Administrationshowedon,1
National Energy Council,1
National Energy Security Fund,1
National Energy System Operator,3
National Food and Strategic Reserves Administration,1
National Fuel Gas Supply,1
National Gas,6
National Gas Transmission,1
National Gas Transmission s,1
National Green Bank,1
National Grid,23
National Grid ESO,1
National Grid ESOannouncedon,1
National Grid Electricity System Operator,1
National Grid Electricity Transmission,1
National Grid Grain LNG,1
National Grid plc,1
National Grid s EMR,1
National Grid s Grain LNG,1
National Grid s Project,1
National Gridsaid,1
National Gridwarnedof,1
National Health Commission,1
National Hydrocarbon Commission,1
National Hydrocarbons Commission,2
National Iranian Gas Company,1
National Iranian Oil Company,3
National Iranian Oil Refining and Distribution Company,1
National Media for Russia Rollout,1
National Mining Society,1
National Nuclear Security Administration,1
National Oil Co. Total,1
National Oil Company,5
National Oil Corp,1
National Oil Corporation,24
National People's Congress,1
National Petroleum Agency,3
National Petroleum Authority,1
National Petroleum Company(NNPC,1
National Petroleum Construction Co.,2
National Petroleum Construction Company,1
National Petroleum Construction Company Co.,1
National Petroleum Corp.,1
National Petroleum Corporation,1
National Petroleum Institute,1
National Projects,1
National Renewable Energy Laboratory,2
National Representative,1
National Security,3
National Security Council,3
National Statistics Institute,1
National Wealth Fund,3
Nationally Determined Contribution,1
Nationalreported,1
Nationalreports,2
Nations,1
Nationwide,1
Nato,1
Natref,3
Natrium,2
Natur og Ungdom,1
Natur og Ungdom (Nature and Youth,3
Natural Gas Futureshave,1
Natural Gas Intelligence,5
Natural Gas Pipelines,1
Natural Gas Rescues Energy,1
Natural Gas Weekly,1
Natural Gas World,1
Natural Gas and Energy News,1
Natural Law Energy,1
Natural Oilfield Services Ltd,1
Natural Resources Defense Council,1
Nature Climate Change,1
Naturgy,2
Naturgy Energy,1
Nautica,1
Navalny,1
Navios Maritime Acquisition Corporation,1
Navy,4
Nayara Energy,8
Nayara Energy Limited,1
Near Eastern Affairs,3
Near-Record Diesel Exports Help Lift Refined Fuel Flows,1
Near-Term Climate Risk as Damage Grows,1
Nearshoring Must Fuel Mexico Development,1
Nebraskaresumed,1
Necsa,1
Nedbank,2
Nedbank Sees R10 Billion Green Energy Projects,1
Need for Arms,1
Needs UN Climate Summit,1
Neglected Network and Climate Change,1
Nemaska,1
Nemaska Lithium,1
Nembe,8
Nembe Creek Trunk Line,1
Nembe Crude Oil Export Terminal (NCOET,1
Nemzet Reports,1
Neo Energy,1
Neoen SA,1
Neom,3
Neom Green Hydrogen Company,1
Neon Reef,1
Neon Reef and,2
Neptune,1
Neptune Energy,15
Neptune Energy Group,2
Neptune Energy Group Ltd,1
Nest Wise,1
Nest Wise Petroleum LLC,1
Neste,4
Neste Bets,1
Nestle,4
Nestle Factories,1
Net Zero Roadmapon,1
Net-Zero Banking Alliance,1
Net4Gas,1
Netflix,1
Netherlands Buys Up Diesel,1
Network Of Hospitals,1
Neurath,2
New Advanced Recycling Facilities Across,1
New Aid,1
New Books on Climate Change,1
New Breed of Traders:,1
New Carbon Removal,1
New China Climate,1
New Climate,1
New Climate Data,1
New Climate Fund,1
New Climate Funding Program,1
New Climate Program,1
New Climate Rules Pose Fresh Challenge for Small Hong Kong,1
New Climate Tech Investment Fund,1
New Climate-Related Financial Tools,1
New Crypto Mixer After Sanctions,1
New Discoveries Brings UAE,1
New Dubai Office,1
New EU Russia Sanctions Still Stuck Over Enforcement,1
New Electric-Home Startup,1
New Energies,1
New Energy,5
New Energy Aid to Help,1
New Energy Department,1
New Energy Holdings Ltd.,1
New Energy Outlook,1
New Energy Shift,1
New Energy Team,1
New Energy Tech,1
New Energy Vehicle,2
New Faces,1
New Fortress Energy,6
New Fortress Energy Cuts London,1
New Global Weapons Race,1
New Green Building Energy Standards for Housing,1
New House,1
New Intel,1
New Iran Oil Sanctions,1
New Iran Sanctions Over Human-Rights,1
New Jersey,1
New Petrobras,1
New Power Deals,1
New Power Plant,1
New Rich Fuel Brand Expansion,1
New Rules for Carbon Offsets Aim to Clean Up Company Climate,1
New Russia Import Bans,1
New Russia Sanctions After Proposals Weakened,1
New Russia Sanctions Over Death,1
New Sanctions Bar UK Entities From Trading Most Russian Metals,1
New Singapore Model: Financing Survival Against Climate Change,1
New South Wales Energy Coal and Cerrejon,1
New Stratus Energy,1
New Tech,1
New US Energy,1
New US Sanctions,1
New World Bank,1
New York Draws,1
New York Fed,2
New York Fuel Supply,1
New York Gasoline Shortage Brews,1
New York Radiators Get Climate-Friendly Upgrade,1
New York Startup Dandelion Energy,1
New York State Energy Research and Development Authority,1
New York Times,6
New Yorker,1
New Yorkmay,1
New Zealand,1
New Zealand Announces Climate Funding for Samoa Amid China,1
New Zealand House,1
New Zour Refinery,1
New-Energy Vehicles,1
NewMed,2
NewMed Energy,6
NewMed Energy and Ratio Energies,1
Newco,1
Newcrest,1
Newmont,2
News Corp Australia,2
Newsom,2
Next,1
Next Clean Energy Breakthrough,1
Next Climate,1
Next Congress,2
Next Crisis,1
Next Energy,1
Next Energy Hurdle,1
Next Energy Moves,1
Next Energy-Efficiency Target,1
Next Government Halts Wind Energy,1
Next Summit,1
Next Tranche,1
Next Twist,1
NextDecade,6
NextDecade Corporation,1
NextDecade Corporation s,2
NextDecadehas,1
NextDecadesigned,1
NextEra,13
NextEra Energy,20
NextEra Energy Inc,1
NextEra Energy Inc.,1
NextEra Energy Partners,5
NextEra Energy Partners LP,1
NextEra Energy Resources,7
NextEra Energy's,1
NextEra s Midstream,1
Nexta,2
Nexta Capital Partners,1
Nghi Son,1
NiSource,1
Nicol s Maduro,2
Nicol&#xE1;s Maduro Seeks,1
Nicolas Maduro,1
Nifty,11
Niger,9
Niger Coup,2
Niger Delta Development Commission,1
Niger Months,1
Niger junta's,1
Niger s,2
Niger's Agadem,1
Nigeria,2
Nigeria Energy Company,3
Nigeria Eurobonds,1
Nigeria LNG s,1
Nigeria National Petroleum Corporation,1
Nigeria Owes Nigerian National Petroleum $6 Billion,1
Nigeria Petrol,1
Nigeria Pitches Debt Forgiveness for Climate-Change Funding Plan,1
Nigeria Plans,1
Nigeria s,1
Nigeria s Dangote,3
Nigeria s Dangote Group,1
Nigeria s Dangote Petroleum Refinery,1
Nigeria s Ministry of Petroleum Resources,7
Nigeria s National Petroleum Corporation,1
Nigeria s Petroleum,1
Nigeria s Petroleum Motor,1
Nigeria s foreign exchange,1
Nigeria sBusiness Daily,1
Nigeriadiscountedits,1
Nigeriadropped,1
Nigerian Agip Oil Company Ltd,4
Nigerian Bonds Tumble on Fears Energy Subsidies,1
Nigerian LNG,3
Nigerian National Petroleum Company,1
Nigerian National Petroleum Company Limited(NNPCGROUP,5
Nigerian National Petroleum Corporation,2
Nigerian PetrolAfrik Energy Resources,1
Nigerian Petroleum Development Company Limited,1
Nigerian South Atlantic Petroleum,1
Nigerian State Energy Firm,1
Nigerian Upstream International Investment and Financial Roadshow,1
Nigerianmedia,1
Nikkei - Agricultural Commodities,1
Nikkei - Energy & Oil,1
Nikkei Asiareports,1
Nikola,11
Nikola Corp.,1
Nikolacome,1
Nikolaichuk,1
Nile Petroleum Corp.,1
Nile Petroleum Corporation,1
Nilepet,2
Ninepoint Energy Fund,1
Ninepoint Partners,3
Nio's,1
Nippon Steel,2
Nippon Steel Calls,1
Nissan,8
Nissan Motor,1
Nix Rust Belt Label With,1
Njord,2
No House Speaker Means Delays,1
No Sign India Tensions Are Impacting Military Ties,1
No US Crude Going,1
Nobel Foundation,1
Noble,2
Noble Corporation,1
Noble Energy,27
Noble Energy - WSJ,1
Noble Energy s,1
Noble Energy's,4
Noble Energyand,1
Noble Group - Agricultural Commodities,1
Noble Resources,4
Noble Resources Trading Limited,2
Nodal Exchange,1
Nogayev,1
Nokia,1
Nokian,1
Nokian Tyres,2
Nomura,3
Non-Crude Commodities,1
Non-OPEC,5
Non-Salary Pay Is Now,1
Nonferrous Metals Co,2
Nonprofit ShareAction,1
Nonprofits to Set More Ambitious Climate,1
Norco,1
Nord,3
Nord Axis,1
Nord Axis Ltd,1
Nord Steam,1
Nord Steam 1,1
Nord Stream,173
Nord Stream -NOS,1
Nord Stream 1,47
"Nord Stream 1""",1
Nord Stream 2,142
Nord Stream 2 - Energy & Oil,3
Nord Stream 2 AG,8
Nord Stream 2 Gas Link,1
Nord Stream 2 s,1
Nord Stream 2's,1
Nord Stream AG,2
Nord Stream Gas,1
Nord Stream Hit,1
Nord Stream Latest,1
Nord Stream Leak,1
Nord Stream Repair: Energy,1
Nord Stream Turbines,1
Nord Stream s,3
Nord Stream's,2
Nord Streamshowed,1
Nord Streamwould,1
Nord Strem 2,1
Nordic,2
Nordic Energy Systems,1
Nordic Wind Power Output Surges to Record in Relief From Energy Crisis,1
Nordics,4
Norfolk Boreas,1
Norfolk Southern,2
Norges Bank,2
Norges Bank Investment Management,3
Norges Bank s,1
Norges Bank's,1
Norin Mining Ltd.,1
Norinchukin Research Institute,1
Norinco,1
Norine,1
Norsi,2
North American Coal Corporation,1
North American Crude Oil Markets,1
North American Crude Oil Markets Celina Hwang,1
North American Electric Reliability Corporation,2
North Carolina,1
North Caspian Operating Company,3
North Jeddah Bulk Point,1
North Mining Limited,1
North Oil Company,3
North Oil Refinery,1
North Reports,1
North Rhine-Westphalia,2
North Rhine-Westphaliaruled,1
North Sea Gas Infrastructure,1
North Sea Project,1
North-Bond,1
North-Rhine Westphalia,2
Northeast,1
Northern Ireland Energy Payments,1
Northern Oil & Gas,1
Northern Oil and Gas Inc.,1
Northern Trust,1
Northrop Grumman,1
Northview Apartment,1
Northvolt,4
Northwest,3
Northwest Europeandthe,1
Norway Armed Forces Raise Readiness to Protect Energy Links,1
Norway Asset Sale,1
Norway Boosts Climate Finance,1
Norway Energy,1
Norway Energy Strike to End After Government Proposes Wage Board,1
Norway Fund,1
Norway Gas Field Highlights Tensions as Climate Talks Open,1
Norway Parties Considering 'Significant' Boost,1
Norway Renames Oil and Energy Department,1
Norway Wind Crisis Forces Energy,1
Norway s Energy Ministry,1
Norwayannouncedon,1
Norwayin,1
Norwayposted,1
Norwaysignedtoday,1
Norwayto,1
Norwaywasn,1
Norwaywent,1
Norwegian Energy's,1
Norwegian Offshore Directorate,1
Nournews,1
Nouvelle d Affinage des M taux,1
Nov,1
Nov.5-Dec.4,1
Nova,1
Nova Kakhovka,1
Novak,45
Novartis,2
Novatak,1
Novatek,43
Novatek Green Energy,1
Novatek Russia s,1
Novatek s,2
Novatek s Arctic LNG 2,2
Novatekincreasedits,1
Novavis For Construction Of Isolation Hospital,1
Novemb,1
Novo Nordisk,2
Novo Nordisk Stand Out,1
Novo Oil & Gas Holdings,1
Novorosiisk,1
Novorossiysk,22
Novoshakhtinsky,1
Novum Energy Trading,1
Now Energy Transition Ventures,1
Nowtensions,1
Npower,1
NuStar,2
NuStar Energy,6
Nuclear Powerhouse,1
Nuclear Regulatory Commission,1
Nuclear Safety Authority,1
Nuclear-Powered Spacecraft Project,1
Nuclearelectrica,2
Nuscale Power,1
Nuttal,2
Nuttallsees,1
Nvidia,6
Nyhamna and Polarled,1
Nymex,5
O Shea,1
O'Hanley,1
O'Melveny & Myers,1
OA,2
OANDA,3
OAPEC,2
OBG,1
OBRIST,1
OCC,7
OCCfinalized,1
OCCreleasedearlier,1
OCI,2
OCP,1
OCS,1
OECD,34
OECD Americas,2
OECD Asia Pacific,1
OECD Europe,1
OEDP,1
OEUK,14
OEUK Sustainability,1
OFAC,26
OFS,1
OFS Technologies,1
OFZ,2
OGA,5
OGCI,1
OGMT,5
OGUK,9
OGUKsaidon Monday,1
OGUKsays,1
OIES,1
OKEA,1
OKX crypto exchange,1
OML,3
OMR,2
OMV,2
OMV Gas Marketing & Trading GmbH,1
OMV Petrol,1
OMV Petrom,1
OMV s Seele,1
OMV's Energy Future at Stake With,1
OMVsaidit,1
ONEOK,10
ONGC,49
ONGC Videsh,5
ONGC Videsh Limited,1
ONOMM,1
ONS,5
OP Group,1
OPEC,2553
OPEC & OPEC+,1
OPEC - Energy & Oil,1
OPEC Climate Warming Activists,1
OPEC Correspondent,1
OPEC Crude Oil Output Stays Steady,1
OPEC Crude Oil Production Stays Steady,1
OPEC Cuts,1
OPEC Efforts to,1
OPEC Fund for International Development,1
OPEC Giant Slashes Production,1
OPEC International Seminar,1
OPEC Nation,1
OPEC Plus,1
OPEC sWorld Oil Outlookdiscussed,1
OPEC+ Cut's Impact on Oil Prices,1
OPEC+as,1
OPEC-13,2
OPECcitedin,2
OPECforecastoil,1
OPECsaidafter,3
OPECsaidat,1
OPECsaidin,2
OPECsoared,1
OPIS,2
OPL,6
OPL-245 offshore Nigeria,2
OPmobility,1
OPmobility s,1
OQ,8
OQ Alternative Energy,1
OQ Gas Networks,3
OQ Group,1
OQEP,4
ORD,1
ORLEN Unipetrol,1
OSCE,4
OSN,1
OSP,21
OSPfor,1
OTCPK,5
OVO,2
OVO Energy,3
OXY,13
OZ Minerals,2
Oanda,4
Oando,1
Oando PLC,4
Oasis Petroleum,3
Oasis Petroleum Inc,1
Oasis Petroleumsaidthey,1
Oatly Launches Climate Footprint Labels,1
Obama Energy,2
Obari,2
Obrador,4
Obsidian Energy,1
Ocasio-Cortez,1
Occidental,30
Occidental Petroleum,69
Occidental Petroleum Corp,3
Occidental Petroleum Corp.,4
Occidental Petroleum Corporation,2
Occidental Petroleum Drops,1
Occidental Petroleum and Apache Corporation,1
Occidental Petroleum in Talks,1
Occidental Petroleum s,1
Occidental Petroleum's,4
Occidental Petroleumbookeda,1
Occidental Petroleumreporteda,1
Occidental Petroleumreportedsecond-quarter,1
Occidental Petroleumtold,1
Ocean Speedstar Solutions,3
Ocean Talks,1
Ocean Tankers',1
Ochakiv,1
Octopus Energy,22
Octopus Energy (Octopus,2
Octopus Energy Development Partnership,1
Octopus Energy Generation,5
Octopus Energy Group,6
Octopus Energy Posts &#xA3;161 Million,1
Octopus Energyand Kona Energy,1
Ocyan,1
Odfjell Drilling,1
Off Largest U.S. Crude Build,1
Off Texas Muni Deal After It's,1
"Offer Oil, Gas and",1
Offer Rwanda $310 Million Credit Under New Climate Tool,1
Office of Energy Project,1
Office of Foreign Assets Control,7
Office of Foreign Assets Controlsanctionedsix,1
Office of Maritime Trade Operations,1
Office of Petroleum Reserves,4
Offload Citrix Debt,1
Offset Energy Revenue Drop,1
Offshore,5
Offshore Alliance,1
Offshore Energies,2
Offshore Energy,3
Offshore Energy Boss,1
Offshore Engineer,1
Offshore LNG,1
Offshore Oil Drilling Expands for,1
Offshore Technology,1
Offshore Technology Conference,1
Ofgem,45
Ofgem Strengthens Ban,1
Ofgem Warns Energy Suppliers,1
Ofgemloweredon,1
Ofgemsaidon,1
Ofwat,2
Ogale,3
Ohio Capital Journal,1
Ohio Supreme Court,1
Oil,1
Oil & Gas,1
Oil & Gas Equipment & Services,1
Oil & Gas Exploration & Production,1
Oil & Gas Journalreports,1
Oil & Gas Refining & Marketing,1
Oil Advances,1
Oil Buyers Make a Push,1
Oil Cargoes Surge With Pipe Down,1
Oil Change International,4
Oil Corp.,1
Oil Demand to,1
Oil Edges Higher,2
Oil Edges Higher Ahead,1
Oil Edges Lower as Slowdown Concerns Eat,1
Oil Exploration Company,1
Oil Giants',1
Oil Glut Trade,1
Oil Halts Tumble,1
Oil Holds Biggest Gain,1
Oil Holds Decline Before,1
Oil Holds Gain,1
Oil Holds Surge as Supply Disruption,1
Oil Imports From,2
Oil India,2
Oil Industry and Markets Division,3
Oil Market,1
Oil Market Reporton,1
Oil Mining Lease,2
Oil Ministry,2
Oil News Latest,1
Oil Options Pricing In Smaller Risk of Middle East Escalation,1
Oil Price Information Service,1
Oil Prices Boost Canadian Province,1
Oil Refineries,4
Oil Refinery,1
"Oil Refining Cash Crunch Leaves Fuel Consumers Exposed to Heat, War",1
Oil Researchcitedby Reuters,1
Oil Rich Kuwait Falls,1
Oil Search,2
Oil Set for Worst Week After Banking Crisis as Traders Watch,1
Oil Supply Chain,1
Oil Venture From Firm,1
Oil and Gas Committee,1
Oil and Gas Development Company Limited,2
Oil and Gas Industry,1
Oil and Gas Markets,1
Oil and Gas Workers,1
Oil and Gas at,1
Oil and Natural Gas Corp.,1
Oil and Natural Gas Corporation,13
Oil and Natural Gas Corporation Limited,4
Oil and Natural Gas New Source Performance Standards,1
Oil and Petroleum Products,2
Oil as Goldman Lifts Outlook,1
Oil for Reconstruction and Investment,1
Oil's Boost,1
Oil(NYSE,1
"Oil, Products & Gas",1
Oil-Drilling Unit,1
OilChem,5
OilPrice,1
OilX,3
OilX Research,1
Oilandgasjobsearch.com,1
Oilcapital.ru,1
Oilfield Development Project,1
Oilfield Service Professionals,1
Oilfield Services,5
Oilprice,8
Oilprices,1
Oklahoma State University,1
Oklima,1
Olive Branch,1
Olive Oil Prices Surge,1
Olive Oil Prices Weigh on Costs of Traditional Italy,1
Olive Oil Prices:,1
Olive Oil Producers Turn to Tourists to Combat Effects of Climate Change,1
Olivier Le Peuch,5
Olmeca,2
Olombendo,1
Olympics-Athletics-Ukraine's,1
Olympics-Rowing-Russia,1
Olympics-Rugby-More,1
Olympus,2
Oman Electricity Transmission Company,1
Oman Energy,1
Oman LNG,2
Oman State Energy Firm,1
Oman s Energy,1
"Omega Acquisition, Inc.",1
Omicron,30
Omsk,2
Omsk Refineries,1
On &#xA3;300 Million Climate Package,1
OnTelegramon,1
Onagawa Nuclear Power Unit,1
Ontario May Face Energy,1
Opec,11
Opec Correspondent,1
Opec Correspondent &,1
Opedal,2
Open Climate Club,1
OpenSecrets,1
Opens Oil and Gas Licensing Round as Energy Crisis,1
Opens UK Office Ahead,1
Operation Prosperity Guardian,1
Operational Efficiency:,1
Operators,1
Opinionthe London exchange,1
Opinium,1
Opportune LLP,1
Opportunitiesand,1
Optimization of JERA,1
Optimus Prime Asset Management,2
Options Run Low,1
Orange Order,1
OranjeWind,1
Orano,4
Orano Halts Uranium Ore Processing,1
Orascom Construction,1
Orban Urges 'Deal',1
Orbit,1
Orcadian Energy,1
"Order Fuel, Steel Truckers",1
Oregon - Agricultural Commodities,1
Oregon - Energy & Oil,1
Oregonthat,1
Oreo,1
Oreshnik,1
Organisation for Economic Co-operation and,1
Organization,1
Organization for Economic Co-operation and,1
Organization for Economic Cooperation and Development,1
Organization of Arab Petroleum Exporting Countries,1
Organization of the Petroleum Exporting Countries,1
Origin,1
Origin Energy,27
Origin Energy Limited,2
Origin Energy Takeover At Risk as AustralianSuper,1
Origin Energy s,1
Origin Energy's,1
Orinoco,1
Orlando Mudumane,1
Orlen,3
Orlen Says Russia Cuts Oil,1
Orlen Trading Switzerland,1
Orsted,4
Orsted Green Fuel Plant Gets Backing,1
Orsted and Shell,1
Orsted s Group,1
"Orsted, Siemens Energy",1
Orthodox Church,1
Osaka Gas,1
Osaka Gas s,1
Osh,1
Other Gas Export Bonanza,1
Otkritie,1
Ottawa,2
Oudalle,1
Oun,1
Outgoing Nigeria,1
Outlook,1
Ovako,1
Overseas Crude Shipments Slump,1
Overseas Development Institute,1
Oversee Energy Boom,1
Oversee State Power Utility Eskom,1
Ovintiv,2
Ovo,2
Ovo Energy,5
Own Clean Energy Assets Through State,1
Own Energy Hedge Fund,1
Owned Energy Firm,1
Oxfam,3
Oxfam Scotland,1
Oxford,2
Oxford City Council,1
Oxford Climate Tech Report,1
Oxford Economics,2
Oxford Institute for Energy Studies,1
Oxford MINI,1
Oxfordshire County Council,1
Oxxio,1
Oxy,32
Oxy Energy Services,3
Oxy Low Carbon Ventures,1
Oxy Low Carbon Venturessaid,1
Oxy/Anadarko,1
Oxysaidon,1
Ozempic Risk,1
P&G,1
P&I,2
PA Media,1
PAA,1
PAJ,7
PANN.OL - Panoro Energy ASA Key Developments,1
PAU,1
PBF,1
PBF Energy,14
PBF Energy Inc,1
PBF Energy's,1
PBR,7
PCAF,1
PCB,1
PCE,1
PCI,2
PCIA,1
PCK,1
PCK Schwedt,4
PCM,1
PCR,1
PCS,1
PDC,2
PDC Energy,10
PDO,2
PDV Holding,2
PDVSA,191
PDVSAsaidon,1
PE,2
PE Wheatstone Pty Ltd,1
PE-Backed Power Capital Renewable Energy Put Up for Sale: Times,1
PEMEX,3
PERN,6
PERNsaidon,1
PESA,2
PETRONAS,3
PETROS,1
PFA,1
PFD,2
PFG,12
PG&E,2
PGE,6
PGE - Agricultural Commodities,1
PGE - Energy & Oil,1
PGF,1
PGM,1
PGPICC,1
PHEV,2
PHMSA,4
PIF,7
PIK,1
PJM,8
PJM Interconnection,2
PJM Interconnection LLC,1
PJSC Gazprom,1
PJT Partners,1
PKK,1
PKN,3
PKN ORLEN,1
PKN Orlen,2
PKN Orlensaidat,1
PKR,1
PLA,3
PLI,1
PLN,5
PLN Aims,1
PLTR,1
PM,1
PM - Energy & Oil,1
PMF,1
PMI,12
PMI Comercio International's,1
PMI Data,1
PML,1
PMT,2
PMV,1
PMs - Energy & Oil,2
POE,1
POLITICOreports,1
PPA,3
PPE,1
PPP,1
PREVIEW-COVID,1
PRRT,1
PRefChem,1
PSE,2
PSE Healthy Energy,1
PSO,1
PSX,4
PTI,2
PTT,2
PTTEP,2
PUC,3
PUCT,4
PURA,1
PVM,1
PVM Oil Associates,1
PWA,1
PXP Energy,1
PXP Energy In Sea Exploration Talks,1
PacWest,1
Pacific,1
Pacific Energy,1
Pacific Equity Partners,1
Pakistan Buys LNG Cargo,1
Pakistan Exports Fuel Oil as Economic Crisis Pummels Power Usage,1
Pakistan Facing Health Emergency as Climate Change Cause Floods,1
Pakistan Floods Worsened,1
Pakistan LNG,1
Pakistan Petroleum Limited,2
Pakistan State Oil (PSO,2
Palaceafter,1
Paladin Energy,1
Palantir Signs Ukraine AI,1
Palantir Technologies,1
Palisades,1
Palladium Market,1
Palm Oil Conference,1
Palm Oil Prices Retreat,1
Paltel Group,2
Pan American,1
Pan American $475 million,1
Pan American Energy,2
Pan American Energy to Explore Lithium,1
Pan-Arab,1
Pan-Canadian Grid Council,1
Panama Anti-Inflation Protests Block,1
Panama Canal Drought Threatens Disruption,1
Panasonic,3
Panel,1
Panera,1
Panetta,3
Panghegar Energy,1
Panipat,1
Panmure Liberum,1
Pannier-Runacher,2
Panoro Energy,1
Pantheon Macroeconomics,1
Panyu,1
Papa,1
Papa - Energy & Oil,1
Par Pacific Holdings,1
Paragon Flags Disruption,1
Paramount Energy & Commodities DMCC,1
Paramount Energy & Commodities SA,1
Parana - Energy & Oil,1
Parched Rhine Flashes Trade Disruption,1
Parent's,1
Parfitt,1
Paris - Agricultural Commodities,1
Paris Agreement,2
Paris Agreement Goals,1
Paris Agreement's,1
Paris Climate,1
Paris Climate Finance Summit,1
Paris Meeting,1
Paris Olympics,1
"Paris Summit in Push for Debt, Climate Reforms",1
Parliament,46
Parliament of Iraq,1
Parliamentary State,1
Parsley,2
Parsley Energy,13
Participating Countries,1
"Partner, Power & Utilities Tax",1
Parts of Amazon Face Higher Climate Risk,1
Party,1
Pasqua First Nation,1
Passenger Car Association,3
Passport Control Strikes,1
Patchwork LNG Cargoes,1
Pathways Alliance,1
Patrick De Haan,1
Patriot,5
Patriot Energy Oil and Gas,2
Pattern Energy,1
Pavilion Energy,11
Pavilion Energy LNG,1
Pay For Carbon Removal,1
Pay State Workers More,1
PayPal,1
Payakha,2
Payara Gold,1
Paytm,1
PdVSA,11
Peabody Energy,2
Peabody Energy Corp.,3
Peabody Energy's,1
Pegasus,2
Pegasus Spyware,1
"Peirce on Crypto Regulation, Climate Disclosure",1
Pembina,9
Pembina Institute,1
Pembina Pipeline Corp,1
Pembina Pipeline Corporation,3
Pemex,212
Pemexin,3
Pemexreportedon,1
Pena Nieto,1
Pengerang Energy Complex,1
"Penguins, Starling, Fram",1
PennEast,1
PennEast Pipeline Co.,1
PennEast Pipeline Company,1
Pensacola,1
Pensioenfonds Metaal & Techniek,1
PensionDanmark,1
Pentagon,35
Pentagon Contract,1
Pentagon Readies,1
Pentagon Revs,1
Pentagon Speeds Up Shipping Ukraine Air Defense Systems,1
Pentagonannounced,1
People Move,1
People Really Need,1
People s Energy,4
People s Energy and Utility Point,1
Pepperstone Group,2
Pepsi,4
PepsiCo,2
Per Energy Information,1
PerBloomberg,1
PerReuters,1
Perenco,1
Performance Award,1
Perla Field,1
Permanent,6
Permanent Court,1
Permanent Court of Arbitration,1
Permanent School Fund,1
Permian,1
Permian Express,1
Permian Express 2,1
Permian Highway,1
Permian Resources,2
Permira Hires Kerogen Capital's,1
Pernis,2
Pernod,1
Persefoni,2
"Persistent Heat, Drought",1
Pertamina,2
Pertamina - BBG - Agricultural Commodities,1
Pertamina - Energy & Oil,1
Pet Sauber,1
Petkova,1
Petoro,1
Petr leos Mexicanos,3
Petr leos de Venezuela,3
Petro,1
Petro Kotin,1
Petro Pursues Energy Transition Despite Economic Cost,1
Petro-Logistics,18
Petro-Logistics - Energy & Oil,1
Petro-Logisticscitedby,1
Petro-Logisticssaidon,2
Petro-Logisticssaidthat Saudi Arabia,1
PetroChina,100
PetroChina Considering Spinoff of Energy Marketing Business,1
PetroChina Fuel Oil Co Ltd,1
PetroChina International,1
PetroChina International Corp Ltd.,1
PetroChina Set to Take Venezuelan Oil After US Sanctions,1
PetroLogistics,2
PetroRio,1
PetroSaudi International,1
PetroVietnam,2
Petroboscan,1
Petrobras,229
Petrobras Eyes Opening Mideast Unit,1
Petrobras Faces Calls to,1
Petrobras Global Finance,1
Petrobras S.A.,1
Petrobras Team Goes to Venezuela Despite Oil Sanctions Threat,1
Petrobrasexpects,1
Petrobrasswungto,1
Petrochemical,1
Petrochemical Ltd,1
Petrochemicalhas,1
Petrochemicals,4
Petrochemicals Limited,1
Petrochina,1
Petrofac,1
Petrofac Facilities Management,2
Petroineos,1
Petrol,1
Petroleos Mexicanos,2
Petroleos de Venezuela SA,1
Petroleos de Venezuela s,1
Petroleum,1
Petroleum & Chemical Corp.akaSinopec,1
Petroleum & Coal Products,1
Petroleum Analysis,2
Petroleum Authority of Uganda,1
Petroleum Development Oman,5
Petroleum Directoratesaid,1
Petroleum Engineering,2
Petroleum Equipment and Services Association,1
Petroleum Exploration Permit,1
Petroleum Exporting Countries,1
Petroleum Facilities Guard,1
Petroleum Industry,1
Petroleum Mining Lease,1
Petroleum Ministry,1
Petroleum Pipeline Corporation,1
Petroleum Products,1
Petroleum Refinery,1
Petroleum Reserve,1
Petroleum Resources,1
Petroleum Safety Authority,1
Petroleum Sarawak Berhad,1
Petroleum Sarawak Exploration and Production,1
Petroleum Timipre Sylva,1
Petroleum and Energy,18
Petroleum and Energy Ministry,2
Petroleum and Energy Ministry to Energy Ministry,1
Petroleum and Energy of Western Europe,1
Petroleum and Geoenergy,1
Petroleum and Mineral Resource,1
Petroleum and Mineral Resources,4
Petroleum and Natural Gas,4
Petroleum and Natural Gas Hardeep Singh Puri,1
Petroleumbook,1
Petroliam Nasional Berhad,1
Petromidia,1
Petronas,39
Petronas - Energy & Oil,2
Petronas 2Q Profit More,1
Petronas Dagangan,1
Petronas EVP,1
Petronas Energy Canada Ltd.,1
Petronas Second-Quarter,1
Petronas-Aramco,1
Petronet,2
Petropars Group,1
Petroperu,1
Petropiar,3
Petropiar oil JV,1
Petroregional del Lago,1
Petrovietnam,1
Pew,2
PfP Energy,1
Pfizer,1
Pharos Energy,1
Philip Lane,1
Philippine Central Bank Wants to Score Lenders on Climate Assets Disclosures,1
Philippine Central Bank to,1
Philippine Energy,2
Philippine Military Drills,1
Philippines Energy,1
Philippines Energy Department,1
Philippines Not A Pawn in Geopolitical Tensions:,1
Philippines Turn,1
Phillippine,1
Phillips,22
Phillips 66,25
Phillips 66 Company,3
Phillips 66 s Alliance,1
Pick Banks,1
Pick Nigerian Energy Firm,1
Pick for Energy,1
Pickering,1
Pickering Energy Partners,1
"Pickering, Holt & Co",1
Pictet,1
Piedmont Ni Co JV,1
Piedra Resources,1
Pieridae Energy,1
Pikka,3
Pilipinas Shell Petroleum Corporation,1
Pimco,2
Pink Hydrogen Plans Hinge on Fine Print,1
Pinnacle Renewable Energy Announces Agreement With,1
Pioneer,36
Pioneer Natural,3
Pioneer Natural Resources,30
Pioneer Natural Resources Co.,1
Pioneer Natural Resourcessaidit,1
PipeChina,2
Pipeline Authority,1
Pipeline Gas,1
Pittsburg Post-Gazettewrites,1
Pivot,1
Pivot Energy's,1
Pivot on Climate,1
Plains All American Pipeline LP,1
Plan of Development,1
Planet Lab,1
Plant Hatch,1
Plant Vogtle Units 1&2,1
Plant and Equipment of,2
Plaquemines,1
Plaquemines LNG,3
Platon Gas Oil Ghana Ltd,1
Platte River,1
Platts(part of S&P Global Commodity,1
Pledge 'Substantial' Sum to Climate Loss,1
Pledge Over &#x20AC;400 Million,1
Pledges Ukraine Funding,1
Plug Power,1
Podesta,3
Pohang University of Science & Technology,1
Point Energy Partners,2
Poland Inc. Goes Where Government Ca,1
Poland Mulls Handing Out Anti-Smog Masks as Energy Crisis,1
Poland Rocket Explosion,1
Poland Set to Break Russia Oil Pledge With Piped,1
Poland Shuns Gas,1
Poland s Climate and Environment Minister,1
Polestar,5
Polic,1
Police Clear Climate Activists,1
"Policy, Economics and Regulatory Affairs",2
Polish Energy Company Orlen's,1
Polish Energy Group,1
Polish Government to Extend Ban,1
Polish Oil Refiner,1
Polish Oil and Gas Company,2
Politico,14
Politicoreported,3
Polo Potiguar,1
Pols,1
Polymetal,1
Polymetal International,1
Polyus,2
Pomini Long Rolling Mills,1
Pompeo,4
Pompeo Faces Contempt Case for Snubbing House,1
Pompeo Imposes New Limits,1
Ponzi,1
Poor Climate Planning Risks 'Cascading Failures',1
Poorest Face a Combined Housing and Climate Crisis,1
Porcupine Caribou Herd,2
Porsche,9
Porsche IPO,1
Porsche SE,1
Porsche Taycan,1
Port Arthur,9
Port Harcourt,1
Port Said,1
Portland Pipe Line Corporation,1
Portovaya LNG,1
Ports,1
Portugal s Energy Giant EDP,1
Portuguese Energy Giant EDP Partners,1
Positive,1
Post,1
Post-Brexit EU Climate,1
Post-Brexit IT System Error Causes Disruption,1
Post-EU Energy Trading,1
Post-Russia,1
Postpone Mega IPO of Energy Trading Unit,1
Postreportedearlier,1
Potemkin Future,1
Poten & Partners,2
Potential Combination,2
Potential Power Cuts and Travel Disruption,1
Potential Running Mates Stand on Climate Change,1
Potiguar Cluster,1
Potomac Economics,1
Pouyann,4
Poverty Spread,1
"Powell, Wood",1
Power Co,1
Power Exports,1
Power Forward Communities,1
Power Lines Are Energy Challenge,1
Power Magazine,1
Power Rate as Energy Crisis,1
Power System Operations at Fingrid,1
Power US Supply Chain,1
Power and Energy,1
Power and New & Renewable Energy,1
Power of Siberia,2
Power of Siberia 2,2
"Power of Siberia 2,is",1
Power-Plant Climate Plan,1
PowerOutage,1
Powertrain,1
Pradhan,9
PradhanslammedOPEC,1
PradhantoldParliament,1
Prates,4
Pravdaand theKyiv Independent,1
Prax Group,1
Pre-Ukraine War Level,1
Precise Intelligence,2
Precise Intelligence s,1
Preem,3
Prelude,1
Premier Energy Plans,1
Prepayment Energy Meters,1
Press,1
Press Assault,1
Press TV,1
Press Trust of India,2
Pressreported,1
Pressure Builds,1
Price,1
Prigozhin,8
Prigozhin Challenges Putin,1
Prigozhin Mutiny,1
Prigozhin Takes,1
Primergy Solar,1
Primergy Solar and,2
Princeton Plans,1
Princeton University,3
Principal Asset Management,1
Principal Threat to Euro-Atlantic Sphere,1
Prioritize Europe Energy Supply,1
Prisoners After UAE Mediation,1
PrivatBank,3
Pro-Climate Labor Government,1
Pro-Russia,2
Pro-Russia Fico Returns,1
Pro-Russia Group Killnet,1
Pro-Russia Parties Gather,1
Pro-Ukraine,2
Pro-Ukraine Alliance,1
Pro-Western,1
Proceedings of,1
Process Nigerian Crude,1
Proco Commodities,1
Produce Clean Energy From,1
Produce Sustainable Aviation Fuel,1
Producers Association of Canada,1
Producing Nigeria Unlimited,1
Production Guyana Limited,1
Production Guyana Ltd.,1
Production Limited,1
Production Outlook,1
Production Sharing Contract,1
Proekt,1
Profit Levy,1
Profit as Rate Moves Fuel Trading,1
Program,2
Project,1
Project Committee,1
Project Reconciliation and Chinook Pathways,1
Projects of Common Interest,1
"Projects, Drilling & Procurement",2
Prony Resources,1
Proofpoint,1
Propaganda,1
Property,2
Propose &#x20AC;40 Billion Fund to Mitigate Energy,1
Propose Limited Sanctions,1
Propose New Training Mission to Boost Ukraine's Military,1
Prosecutor General,1
Protect Coffee from Climate Threat,1
Protect Grain as Ukraine Tensions Rise,1
Protek FY Net Profit,1
Protest Group,1
Proton Energy,1
Province Boosts Energy Development,1
Prysmian,1
Psaki,3
Public Utilities Fortnightly,1
Publicis Sapient,1
Pubs Over Energy Bills,1
Puerto Rico Hotels Find New Way to Climate-Proof Tourism,1
Pulau Bukom,2
Pulitzers for Ukraine,1
Puma,1
Puma Energy,5
Pump,4
Punto Virtual de Balance,1
Pure Lithium,2
Pure Planet,1
Puriurged OPEC,1
Pursue Petro's,1
Pursue Work,1
Pursuit of Market Stability,1
Push Congress,1
Push Into Key Markets of,1
Push UAE,1
Put Energy Targets,1
Putin - Agricultural Commodities,1
PwC,2
PwC Review,1
Pyattsaidon,2
Q&A,1
Q-Cells,1
Q1,11
Q1 - Energy & Oil,2
Q1 2022,1
Q2,78
Q2 - Agricultural Commodities,1
Q2 - Lukoil,1
Q2 Brent Crude,1
Q3,33
Q3 2023,1
Q3 Profit,1
Q4,1
QCLN,1
QCLNG,1
QEP,2
QEP Resources,1
QIA,1
QT,1
Qantas,3
Qatar Barclays Sale,1
Qatar Energy,7
Qatar Fertiliser Co,1
Qatar Fund for Development,1
Qatar LNG,2
Qatar Petroleum,24
Qatar Petroleum International Upstream LLC,1
Qatar Petroleum s,1
QatarEnergy,33
QatarEnergysaidon,1
QatarEnergysigned,1
QatarEnergysignedon,1
Qatarand,1
Qatari Energy,2
Qatari LNG,1
QoQ,2
Quad,1
Quanta,1
Quantum,3
Quantum Energy Partners,4
Quasi-Bank,1
Quds,1
Quds Force,2
Quebec Energy Shortfall Hurts EV Supply Chain,1
Quest to Process Own Crude Oil,1
"Quick Ukraine Aid, Border Deal Unlikely",1
Quinbrook Infrastructure Partners,1
Quinbrook Infrastructure Partnersannouncedthat,1
Quitting Climate Group,1
R-WI,1
RAC,1
RAC Fuel Watch,1
RACsaidearlier,1
RAO,1
RBA,6
RBC,21
RBC Capital,2
RBC Capital Markets,10
RBC Capital Markets Helima Croft,3
RBC Capital's,1
RBC TV,1
RBCreported,1
RBI,5
RBJ Strategies,1
RBN,1
RBN Energy,4
RBNZ,2
RBOB,1
RC,1
RCC,1
RCL,1
RDIF,5
REC Solar Holdings AS,1
REFILE-Green Investment Group,1
REN21,1
REPowerEU,1
REUTERS,20
REintegrate,2
RFE,1
RFE/RL,11
RFS,2
RIA,6
RIA - Agricultural Commodities,2
RIA - Energy & Oil,1
RL,2
RLNG,1
RMI,3
RMX Resources,1
RNG,1
RNW.O - Renew Energy Global PLC Key Developments,1
ROFR,2
ROG,1
RPP LLC,1
RPT-Alaska Airlines,1
RPT-Back,2
RPT-COLUMN,7
RPT-COLUMN-,2
RPT-COLUMN-Asia's,2
RPT-COLUMN-Asian LNG,1
RPT-COLUMN-Australia,1
RPT-COLUMN-Australia's,1
RPT-COLUMN-Australian,1
RPT-COLUMN-China,8
RPT-COLUMN-Coronavirus,1
RPT-COLUMN-Hedge,4
RPT-COLUMN-India's,1
RPT-COLUMN-Iron,1
RPT-COLUMN-LNG,1
RPT-COLUMN-Learning,1
RPT-COLUMN-Low,1
RPT-COLUMN-Middle East,1
RPT-COLUMN-Mixed,1
RPT-COLUMN-Oil,10
RPT-COLUMN-Priced,1
RPT-COLUMN-Rio Tinto's,1
RPT-COLUMN-Saudi Arabia,1
RPT-COLUMN-The,1
RPT-COLUMN-U.S.,4
RPT-COLUMN-Which,2
RPT-China,4
RPT-China's,2
RPT-Coal India's,1
RPT-Defying,1
RPT-FOCUS-Canada's,2
RPT-FOCUS-Record,1
RPT-Fifteen,1
RPT-Founder,1
RPT-GLOBAL LNG-Asian LNG,1
RPT-Hong Kong,1
RPT-ING,1
RPT-India,1
RPT-Indian,1
RPT-Japan's,1
RPT-Losing,1
RPT-Norway,2
RPT-OBITUARY-Sultan Qaboos,1
RPT-Oil,2
RPT-Refineries,1
RPT-Russia,3
RPT-Russia's,1
RPT-Saudi Arabia,1
RPT-U.S.,4
RPT-UPDATE,2
RPT-UPDATE 1-Asia,1
RPT-UPDATE 1-BP,1
RPT-UPDATE 1-China's,3
RPT-UPDATE 1-EXPLAINER,1
RPT-UPDATE 1-India,1
RPT-UPDATE 1-Indian,1
RPT-UPDATE 1-Kuwait,1
RPT-UPDATE 1-Mercuria,1
RPT-UPDATE 1-Ships,1
RPT-UPDATE 2-China,1
RPT-UPDATE 2-Coronavirus,1
RPT-UPDATE 2-Oil,2
RPT-UPDATE 2-Russia's,1
RPT-UPDATE 2-Shell,1
RPT-UPDATE 3,1
RPT-UPDATE 3-Cairn Energy,1
RPT-UPDATE 6-Oil,1
RPT-UPDATE 7-OPEC,1
RPT-Woodside,1
RRC,2
RRR,3
RSF,1
RT,1
RT Russia,1
RT news agency,1
RT-Komplekt,1
RTE,5
RTIFF,1
RTL Luxembourgreported,1
RTSA,4
RUSADA,2
RWC,1
RWE,43
RWE Seeks Debt Funding,1
Rabo,1
Rabobank,3
Race For,1
Radio Azzatyk,1
Radio Free Europe,3
Radio Frequencies,1
Radio Mozambique,1
Raiffeisen Bank to,1
Raiffeisen Delays AT1 Sale,1
Raiffeisen Expects,1
Raiffeisen Eyes Russia Unit Sale,1
Raiffeisen Rallies,1
Raiffeisen Tumbles,1
Raimondi,1
Raimondo,1
Rainforest Action Network,1
Rainforest Alliance,1
Raise Aid Caps for Firms Facing Energy Crisis,1
Raise Energy Supply,1
Raise Energy Windfall Tax to Finance &#x20AC;35 Billion Budget,1
Raises Oil Prices,1
Raising Fears of a Bubble,1
Raising Pump Price,1
Raju,1
Rakuten Securities,1
Rally Builds,1
Rally Tops,1
Rally US Support,1
Rally as Market Counts Down,1
Rally in Oil Prices Under Threat,1
Rally: Stocks Outside,1
Ramaphosa Affirms Climate Target,1
Ramaphosa Energy,1
Ramaphosa Races Home,1
Rand,2
Range Resources,1
Range Resources Corporation,1
Ranger Oil Corp,1
Ranger Oil Corporation,2
Rapidan Energy,2
Rapidan Energy Advisors,1
Rapidan Energy Group,14
Rapidan Energy Groupsays,1
Rare Earth Metals,1
Rare Move,1
Rare-Earths Miner Eyes,1
Rasmussen Reports,1
Rasmussensurveyrated,1
Raspadskaya Recommends Dividend,1
Ratchet Up Opposition,1
Ratio Guyana Limited,1
Rauramo,2
Raytheon Executives,1
Razoni,1
ReNew Energy,2
ReNew Energy Global,1
ReNew Energy Secures,1
Reassess Gas Levy,1
Reboot Relations to,1
Rebuff,1
Rebuff Supreme Court,1
Rebuild,1
Reclaim Finance,8
Reclaim Finance s,1
Reclaim Financesaidthat,1
Reclamation,1
Recognize Climate Health,1
Recommend Opening Ukraine Membership Talks With Conditions,1
Record &#x20AC;100 as Economy Rebounds From Energy Crisis,1
Record &#xA3;2.6 billion,1
"Recreation, Information and Communications, Retail",1
Recruit,1
"Recruit 137,000 More Troops as War Drags",1
RecycleMat,2
Red Cross,3
Red Cross ',1
Red Sea Tensions,2
Red Sea Wind Energy,1
Red Tape Holding,1
Red Willow,1
Red',1
Reddit,1
Reduce Bucharest Embassy Staff,1
Reduce Energy Costs in Bid for Competitiveness,1
Reduce Fuel Subsidy for Refiners,1
Reducing Food's Climate Impact Means Cleaning Up Asia Farms,1
Rees-Mogg,1
Refined Fuel Analytics,1
Refinery,10
Refinery Work Starts,1
"Refining, Chemicals and Oil Markets",1
Refinitiv,27
Refinitiv Eikon,22
Refinitiv Eikon s,1
Refinitiv Oil Research,3
Refnitiv,1
ReforMiner Institute,1
Reform Electricity Security Program,1
Reformsaidlast week,1
Regulatory Affairs,1
Rehabilitation,2
Reima Paivinen,1
Reinvent Technology Partners,1
Related Video:,1
Release More Fuel With Rhine Traffic Near,1
Reliance,57
"Reliance Beats Profit Estimates on Energy, Retail",1
Reliance Industries,52
Reliance Industries(NSE,1
Reliance Industriesalso,1
Reliance Industriesis,1
Reliance Industriessignedearlier,2
Reliance New Energy Ltd,1
Reliance Power,1
Reliant on Markets to Tackle Climate Crisis,1
Remco Fischer,1
Remote Deserts,1
Renaissance,1
Renaissance Capital,2
Renaissance Energy Advisors,1
Renaissance Group,1
Renaissance Macro Research,1
Renaissance Oil,1
Renault,6
Renewable Energy,3
Renewable Energy Champion,1
Renewable Energy Country,1
Renewable Energy Group,2
Renewable Energy Group Inc Files For Potential Mixed Shelf,1
Renewable Energy India Expo 2023,1
Renewable Energy Jobs for Oil and Gas Workers,1
Renewable Energy Market,1
Renewable Energy Projects Are Held Up,1
Renewable Energy and Energy Efficiency,1
Renewable Fuels Association,1
Renewables & Electricity,1
Renewables Energy,2
Renewables Giants,1
"Renewables, Carbon Free Energy",1
Renk,1
Replacementprojectwill,1
Reportreported,1
Repsol,70
Repsol's,1
Repsol-NEO,1
Repsolsold 25%of Repsol Renovables,1
Republic of Congo,1
Republican Party,1
Republican Support for Energy Project,1
Republicans Demand Speedy Energy Permits,1
Republicans Pitch 'Clean',1
Republika Srpska,1
Require Landlords to Boost Energy Efficiency of Housing,1
Research & Analysis,1
Research Analyst,1
Research Centershowed,1
Research and Analytics,1
Research at Energy Aspects,2
Researchcitedby Reuters,1
Resecurity,1
Resolution Foundation,1
Resolve Divisions,1
Resolve Energy Row,1
"Resources(OTCPK:PRMRF),Crescent Point Energy Corp.(NYSE:CPG),Vermilion Energy",3
Restart Buying Currency,1
Restaurants Retaining Workers,1
Resume After Inspection Setback,1
Resume Via Ukraine Grain Corridor,1
Rethink Financing Climate Projects,1
Reunidas,1
Reuters,1716
Reuters Clyde,1
Reuters Summit,1
Reuters andMarketWatch,1
Reuters/Ipsos,1
Reuterscited,2
Reuterscited Again Capital,1
Reuterscited Energy Aspects,1
Reuterscitedtanker,1
Reuterscites Oanda,1
Reuterscitingunnamed OPEC,1
Reutersestimates,1
Reutershasreported,1
Reutersnotedearlier,1
Reutersnotes,1
Reutersquoted,5
ReutersquotedBOK Financial,1
ReutersquotedKishida,1
ReutersquotedRaymond James & Associates,1
ReutersquotedTradition Energy's,1
Reutersreport,20
Reutersreportciting,5
Reutersreportciting Indian,1
Reutersreported,5
ReutersreportedMexico,1
ReutersreportedSunday,1
ReutersreportedTuesday,1
Reutersreportedearlier,1
Reutersreportedlast,1
Reutersreportedlast month,1
Reutersreportedlast week,3
Reutersreportedon,68
Reutersreportedthat Magellan Midstream Partners,1
Reutersreportedtoday,6
Reutersreports,59
ReutersreportsLibre Abordo,1
Reutersreportthat,5
Reuterssaysin,1
Reuterssurveyof,1
Reuterswrites,1
Revel,1
Review,1
Review Energy Price Cap,1
Review Energy Storage Standards,1
Revival of Winter Travel,1
Revive Take-Private,1
Revolut,1
Revolutionary Guard,2
Revolutionary Guards,2
Reynolds,1
Rezaei,1
Rheinmetall,1
Rhine,10
Rhine River Water Level,1
Rhine Water Level: Cost of Moving Fuel to Upper Rhine Rises,1
Rhodium Group,6
Rice Investment Group,1
Rice University s Baker Institute for Public Policy,1
Rice University s Center for Energy Studies,1
Rice University's,2
Rich Nations,2
Rich Nations Lagging on Climate Goals,1
Rich Nations Must Speed Up Climate Action as Carbon Budget,1
Rich Nations Use 'Dishonest' Climate Finance Claims,1
Rich Nations',1
Rich Russian Yacht Ownership,1
Richemont Set to Benefit From Middle East's,1
Richest Man,1
Richest Tycoon,1
Richmond Federal Reserve Bank,1
Right Put Climate Goals at Risk,1
Rightward Shift Threatens Climate,1
Rigzone,2
RihandMykolayiv,1
Rinehart,1
Rio Bravo,1
Rio Grande,2
Rio Grande LNG,7
Rio Grande LNG Train,3
Rio Negroreports,1
Rio Tinto,14
Rishi Sunak Energy,1
"Rising China Risk, Sanctions Over",1
Rising Energy,2
Rising Energy Prices,1
Rising Power,1
Ritterbusch and Associates,1
Ritterbusch and Associates LLC,1
Rivers Capital,1
Rivian,1
Rivian Say,1
Riyadh Cables,1
Robeco,1
Robert Gordon University,1
Roberto Castello Branco,1
Robinhood,1
Roblox Boasts,1
Roche,1
Roche Dure,1
RockCreek,1
RockRose Energy,1
Rockcliff Energy,1
Rockcliff EnergyII LLC,1
Rockecharlie,1
Rockefeller,1
Rocking US Producers,1
Rockstar,2
"Rogaland, Vestland",1
Rohner,1
Rolling Hills Energy Ltd,1
Rolls-Royce,8
Rolls-Royce Motor Cars,2
Rolls-Royce's,1
"Romania People's House Parliament, Largest Europe Building",1
Romanian Industry Faces Energy Limbo,1
Romanian Nuclearelectrica Q1,1
Rongsheng,6
Rongsheng Petrochemical,11
Rongsheng Petrochemical Co Ltd.,1
Rosatom,2
Rosatom After Nuclear Theft,1
Roscosmos,1
Rosebank,9
Rosebank Oil Field,1
Rosehill Resources,1
Rosneft,188
Rosneft - Energy & Oil,3
Rosneft Deutschland,1
Rosneft Germany,1
Rosneft Oil Company,1
Rosneft TNK Trading International SA,1
Rosneft Trading,20
Rosneft Trading S.A.,3
Rosneft Trading s,1
Rosneft s Novokuibyshevsk Refinery,3
Rosneftcancelledseveral,1
Rosneftset,1
Rosprirodnadzor,1
Rossiya,2
Rosstat,3
Rostelecom,1
Rostock - Agricultural Commodities,1
Rostock - Energy & Oil,1
Roszarubezhneft,2
Roszarubezhneft after Rosneft,1
Rotem Amfert,1
Rouble,1
Rough,1
Rouhani,3
Row With Ukraine Risks Business Ties,1
Rowland,1
Royal,1
Royal Bank of Canada,3
Royal Caribbean's,1
Royal Dutch Shell,6
Royal Dutch Shell PLC,1
Royal Dutch Shell Plc,1
Royal Mail,1
Royal Mail Disruption,1
Royal United Services Institute,2
Royalties Corp.,1
Rubicon,1
Ruby,2
Rule Out Ukraine Gas Transit Deal With,1
Rumaila,1
Run State Energy Company,1
Running Out of Steam,1
Rupee Advances,1
Rupkey,1
Rush Clean Energy Transformation,1
Rush for Energy,1
Russell - Agricultural Commodities,6
Russell - Energy & Oil,23
Russia - Energy & Oil,4
Russia - RIA,1
Russia Aeroflot,1
Russia Aid,1
Russia Air Bases,1
Russia Arms Deal,1
Russia Attack Ukraine Grain Port,1
Russia Blocks Ports,1
Russia Business,1
Russia Court,1
Russia Cuts Gas,1
Russia Cuts Grid Access,1
Russia Cuts Supplies,1
Russia Cuts Supply,1
Russia Dominates Front,1
Russia Energy,1
Russia Exits Grain,1
Russia Export Windfall Finds Sanctions Haven,1
Russia Gas,1
Russia Gas Crisis,1
Russia Gas Giant Warns of Sanctions Risk for Ukraine Energy,1
Russia Gas Transit 'Hostile Step',1
Russia Halts Involvement,1
Russia Invasion,1
Russia Invasion of Ukraine Moves Toward 'War of Drones',1
Russia LNG,1
Russia Mulls Buying,1
Russia News,1
Russia Non-Energy Sanctions,1
Russia Oil Flow Via Northern Druzhba,1
Russia Oil Products,1
Russia Oil Refineries as Risk to Oil Markets,1
Russia Oil Sanctions Are Affecting Trading Already,1
"Russia Oil, Gas Revenue Drops",1
"Russia Oil-Export Revenues Drop on Sanctions, Cheaper Crude",1
Russia Oil-Output Cuts Once Again,1
Russia Orders Forces,1
Russia Pipeline Maintenance Sends,1
Russia Ports Risk Attack,1
Russia Provisions Surge,1
Russia Pumps More Crude,1
Russia Reports Explosion,1
Russia Rosneft,1
Russia Sanctions Package,1
Russia Sanctions Spur Buying Frenzy for Ice-Breaking Oil Tankers,1
Russia Sanctions Work as Designed With Oil Flow Up,1
Russia Securing Chips,1
Russia Security Partners,1
Russia Threatens,1
Russia Threatens Ships Headed,2
Russia Ties,1
Russia Ties Risk Quad Partnership,1
Russia Tycoons,1
Russia Urals Crude Oil Tops,1
Russia War Latest News,3
Russia Win,1
Russia Work Dumped by Big Banks,1
Russia s Energy Ministry,1
Russia-Business Sanctions News,1
Russiaand,1
Russiaas,1
Russiacaught,1
Russiafell,1
Russiahad,1
Russiahas,1
Russiahave,2
Russiahit,2
Russiais,5
Russiamore,1
Russian Army,1
Russian Budget Surplus More Than,1
Russian Budget Swings,1
Russian Business Owners,1
Russian Corporate,1
Russian Crude Exports Surge,1
Russian Crude Oil,1
Russian Crude Oil Imports With Chinese Yuan,1
Russian Crude Processing,1
Russian Diesel,1
Russian Direct Investment Fund,1
Russian Energy,8
Russian Energy Climbs,1
Russian Energy Cuts,1
Russian Energy Imports Balloon,1
Russian Energy Ministry,2
Russian Energy Week,1
Russian Factories Rush,1
Russian Fertilizer Tycoon Mazepin,1
Russian Finance Ministry,1
Russian Forces Flee,1
Russian Foreign Ministry,2
Russian Fuel Exports Climb,1
Russian Fuel Exports Climb on Bigger Diesel,1
Russian Fuel Exports Drop,1
Russian Fuel Exports Slip,1
Russian Gas Flow,1
Russian Gas Glut Shows,1
Russian Grain Exports Boom,1
Russian International Investment Bank,1
Russian Invasion,1
Russian LNG,1
Russian LNG ',1
Russian LNG Expansion Plan,1
Russian LNG Projects,1
Russian LNGaccounted,2
Russian LNGin,2
Russian Lukoil,3
Russian Mobile Internet Slows as Sanctions Over Ukraine Hit Tech Hardware,1
Russian Natural Gas as,1
Russian Oil ',1
Russian Oil Exports,1
Russian Oil Exports Defy Red Sea Chaos,1
Russian Oil Facilities,1
Russian Oil Logistics,1
Russian Oil Refinery,1
Russian Oil Transfers At Sea in Sanctions Enforcement,1
Russian Oil to India,1
Russian Petroleum Exports Decline,1
Russian Refineries Send,1
Russian Refiners Lift Oil Processing Ahead,1
Russian Rosneft,2
Russian Sakhalin Energy Investments Co,1
Russian Security Council,2
Russian Sovcombank's,1
Russian Tech,1
Russian Urals,3
Russian Uranium Import Ban Following Ukraine Invasion,1
Russian Volunteer Corps,1
Russian Weapon Supplies,1
Russian Windfall Plunges,1
Russian Yacht Alfa Nero,1
Russian's Oil Projects,1
Russian-Ukraine Latest News,1
Russian-Ukraine War Shapes Worldview,1
RussianPresident,1
Russiandatashow,1
Russiangovernment,1
Russians Sabotaging Energy,1
Russiaover,3
Russiapartially,1
Russiasaidat,1
Russiaslashed,1
Russiathreatenedit,1
Russiavetoedon,1
Russiawas,1
Russkaya,1
Russwurm,3
Rustanker LLC,1
Rutowas,1
Ruwais,4
Ruwais LNG,4
Ruwais Refinery-West,2
Ryanair,14
Rystad,9
Rystad Energy,134
Rystad Energy A/S,2
Rystad Energy SVP,1
Rystad Energy s,3
Rystad Energyforecastthat,1
Rystad Energyhas,1
Rystad Energysaidlast year,1
Rystad and Wood Mackenzie,1
Rystad s Middle East Upstream Research,1
Ryze Hydrogen,1
S ddeutscher Zeitung,1
S&P,15
S&P Capital,1
S&P Dow Jones Indices,1
S&P Global,11
S&P Global Commodities Insightssaid,1
S&P Global Commodity,19
S&P Global Commodity Insight,1
S&P Global Commodity Insights,2
S&P Global Commodity Insightsshowedon,1
S&P Global Market Intelligence,4
S&P Global Market Intelligence MENA,1
S&P Global Mobility,3
S&P Global Platts,9
S&P Global Platts Analytics,2
S&P Global Plattsreported,1
S&P Global Plattsreports,1
S&P Global Ratings,1
S&P Global s,1
"S&P Global, Energy Aspects",1
S&P Globalcited,1
S&P Globalreporteddisappointing,1
S&P Globalspeculated,1
S&P Lifts Ukraine Rating From Default After Debt Restructuring,1
S&P Ratings,1
S-K 1300,1
S-Oil's,1
S. Africa Mulls,1
S.Korea,2
S.Korea - Agricultural Commodities,1
S.Korea - Energy & Oil,1
S3 Partners,3
SA-H2,1
SABIC,3
SADC,1
SAF,37
SAFcould,2
SAIC,5
SAIC Motor,1
SAIC Motor s EV,1
SAIL,1
SANA,1
SAP,2
SAPI,1
SAPP,1
SASAC,1
SATORP,2
SB Energy,3
SBF,1
SBU,5
SCI,1
SCO,2
SCORPIO,1
SCOTUS,1
SDE.TO,1
SDF,1
SDN,1
SDRS,1
SEB,6
SEB Group,1
SEBIN,1
SEC,60
SEC Climate Rules: More,1
SEC Rule on Climate Risk Disclosures Is Good for Investors,1
SECin,1
SEFE,9
SEI Novus,1
SEIA,6
SEIS,3
SEMA,2
SEMA Coalition,1
SEP,1
SERL,1
SEUK,2
SFC,1
SG Americas Securities,1
SH130,1
SHEL,9
SHIP,1
SHOPC,1
SHPGX,1
SI Securities,1
SIA Energy,2
SISP.BO - Southern Ispat and Energy Ltd Key Developments,1
SITC,2
SInpec,1
SK E&S,1
SK Energy,2
SK Group,1
SK Innovation,7
SK Innovation Co.,1
SKF,1
SKK Migas,1
SLB,41
SLBin,1
SLBreportedon,1
SLNG,2
SLR,1
SLR Consulting,1
SLR Consultingsaidearlier,1
SM Energy,1
SMA,1
SMBC Nikko Securities America,1
SMBC Nikko Securities Americas,1
SME,1
SMIC,2
SMMT,9
SMR,5
SNAM,1
SNB,3
SNB Coalition and Climate Alliance,1
SNB Faces Day of Discord With Venting on Climate,1
SNB Policy to Fuel Franc Gains,1
SNB Shuns Climate Activists,1
SNC-Lavalin,1
SNL,1
SNP,1
SOCAR,19
SOCAR - Ifax - Energy & Oil,1
SOCARstarted,2
SOHR,1
SOLEK,1
SOMO,15
SOMOdenieda,1
SPA,4
SPA - Energy & Oil,1
SPAC,9
SPAC Winter Spreads,1
SPB,1
SPDR Gold Shares,1
SPIC,3
SPM-2,2
SPP,11
SPR,452
SPR Oil Sales,1
SPRcame,1
SPX,2
SQM,1
SR,1
SRF,1
SRMC,1
SRU,1
SS WealthStreettoldReuters,1
SSAB,1
SSB,1
SSE,16
SSE Energy,1
SSE Energy Services,1
SSE Generation,2
SSEN,4
SSEN Transmission,1
STANLIB,1
STAR,4
STEO,9
STNG,1
STS,5
SU,1
SU)reportedlate,1
SUMED,3
SUMED Pipeline,1
SUN,1
SUN Ship Management Ltd,1
SVB,11
SVB Financial Group,2
SWF,3
SWIFT,2
SWN,1
SYU,1
SaaS,1
Saab,2
Sabah Shell Petroleum Company Limited,1
Sabah Shell Petroleum Company Ltd,1
Sabic,6
Sabine Pass,2
Sabine Pass s,1
Sachdeva,1
Sachson,1
Saco Bank's,1
Sados,1
Saeta Yield,1
Safaniya,2
Safety Regulations for Electrochemical Energy Storage Stations,1
Saga LNG Shipping,2
Sagard Joins Middle East Rush,1
Sailors Are Collecting Climate Data,1
Saipem,1
Saipemsaid,1
Sakhalin Energy,11
Sakhalin Energy Investment,1
Sakhalin Energy Investment Co,5
Sakhalin Energy Investment Co.,13
Sakhalin Energy Investment Co. Shell,1
Sakhalin Energy Investment Company,1
Sakhalin Energy Investments Co.,3
Sakhalin LNG,1
Sakhalin Oil and Gas Development Co,3
Sale of Bulb Energy,1
Salesforce,1
Salt Lake Tribune,1
Samarco,1
Samsung,7
Samsung Heavy Industriesflaggedearlier,1
Samsung SDI Co Ltd,1
San Francisco Fed,1
Sanction Chinese Satellite Firm,1
Sanctioned Russian Tycoon Returns,1
Sanctions,1
Sanctions Against Russia Risk Ensnaring More,1
Sanctions Challenge,1
Sanctions Ex-US,1
Sanctions Office Probes Companies Over Chips,1
Sanctions Redraw Trade,1
Sandia National Laboratories,1
Sandworm Linked,1
Sangomar,1
Sankofa,3
Santos Energy,2
Santosreportednet,1
Santosreportedtoday,1
Sao Tome,2
Sapura Energy,1
Saras,1
Sarasin & Partners,1
Sarawak Shell Bhd,1
Sare e,1
Sasol,12
Sasol Oil,1
Sasol Seek,1
Satellite Model,1
Saudi - Agricultural Commodities,1
Saudi Arabia - Energy Department,1
Saudi Arabia Climate Goals,1
Saudi Arabia Crude Oil Exports Plummet,1
Saudi Arabia Cuts Oil Prices,1
Saudi Arabia Cuts Oil Prices for Asia Amid Signs of Weak Demand,1
Saudi Arabia Energy,1
Saudi Arabia Hosts Talks,1
Saudi Arabia Imports Millions,1
Saudi Arabia Lifts Oil Price,1
Saudi Arabia Lowers Oil Prices for,1
Saudi Arabia Relations,1
Saudi Arabia s,1
Saudi Arabia s Energy,10
Saudi Arabiaconfirmedon,1
Saudi Araibian Mining Co.,1
Saudi Aramco - Energy & Oil,1
Saudi Aramco Buys Fuel,1
Saudi Aramco Eyes Stake,1
Saudi Aramco Trading Company,1
Saudi Aramcoraisedlast,2
Saudi Basic Industries Corp,1
Saudi Crude Oil Exports Drop,1
Saudi Cut Oil Prices,1
Saudi Economic Boost,1
Saudi Energy,1
Saudi Fund for Development,1
Saudi Oil Cuts See Top Buyers Looking at Crude,1
Saudi Press Agency,5
Saudi Wealth Fund,1
Saudi s Energy,2
Saudis Raise,1
Saudisannounceda,1
Saudisreiterated,1
Savage,4
Savannah Energy,4
Savannah Petroleum,1
Save Energy,1
Save Energy and Revive,1
Save Moldova,1
Sawan,4
Sawan Says Energy Crisis,1
Saxo,2
Saxo Bank,28
Saxo Bank A/S,1
Saxo Bank s,1
Saxo Bank's,1
Saxo Banksaidtoday,1
Saxo Capital Markets,1
Saxo Groupsharedby H,1
Saxo Markets,1
Sayer Energy Advisors,1
Sazanov,1
Sberbank,20
Scale of Europe's,1
Scania,3
Schieldrop,1
"Schiphol, Climate Change",1
Schlager,2
Schlumberger,25
Schlumberger New Energy,2
Schlumbergersaidit,1
Schnabel Sees Climate Change,1
Scholz,19
Scholz Seals Deal With States to Pave Way for Energy Aid Package,1
Scholz Warns Energy Crisis,1
Scholz s Social,1
Scholz's Coalition,1
School of Energy and Chemical Engineering,1
Schroders,2
Schwartz,1
Schwarzman Fuel,1
Science,2
Science Advisory Board,1
Scope 3 Carbon and Climate,1
Scorn for Clean Energy Grew,1
Scotia Capital (USA,1
Scotiabank,1
Scotland Retreats on ',1
Scotsman,1
Scott Sheffield,1
Scottish Power,8
Scottish Renewables,1
ScottishPower,6
Scrap Bank of England's,1
Sea-Intelligence,1
SeaNews,2
Seaborne Oil Exports Edge Lower Ahead,1
Seal Australia Climate Pact,1
Sealing Leaky HVAC Systems,1
Sechin,9
Second Assault,1
Second Belgium Power,1
Second Energy Transition Fund,1
Second Large US Offshore Wind Farm,1
Second Place for,1
Second-Largest Stock,1
Secondhand Semiconductor Market,1
Secret Climate Projections,1
Secretariat,2
Section 232 Theinaugural Trade and Technology Council,1
Secure Energy,1
Secure Fuel Supply,1
Secure LNG Deal,1
Secure Ukraine Aid Left Out,1
Securing Energy for Europe,12
Securing Energy for Europe GmbH,5
Securities Regulator For Violation Of Information Disclosure,1
Security Council,4
Security Services,2
Seeking New Deals Venezuela,1
Sees China Challenge Ahead,1
Sees Energy Sales Rebuilding Wealth Fund,1
Sees European Supplier Shift,1
Sees Oil Prices,1
Sees Opportunity,1
Sees Prices Rising With Demand,1
Sees Russia Escalating Moves Against it After,1
Sees Sustainable Energy World,1
Sees Ukraine Aviation Opportunity Once War Ends,1
Sefe,1
Segezha,1
Seize Boeing,1
Seize Moment,1
Sell Home Energy Unit,1
Sell Stake,1
Sells Business to Local Franchisee,1
Sembcorp,2
Sembcorp Energy,3
Sembcorp Industries,1
Seme,1
Sempra,1
Sempra Energy,6
Sempra Infrastructure,2
Sempra Infrastructure Senior Communications,1
Senate,95
Senate Budget,3
Senate Energy Committee,1
Senate Energy and Natural Resources Committee,2
Senate Talks,1
Senatorssaidearlier,1
Send Anti-Aircraft Missiles,1
Send Cluster Bombs to,1
Send First Venezuelan Crude Shipment,1
Send Leopard 2 Tanks,1
Send More Arms to Ukraine,1
Send More Leopard-2 Tanks,1
Send Oil Prices Lower,2
Send Ukraine 178 Older Leopard 1 Tanks,1
Send Ukraine Ammunition,1
Send Ukraine Arms Despite Aid,1
Send Ukraine Boeing's,1
"Send Ukraine More Tanks, Weapons",1
Send Ukraine Saab Recon Aircraft,1
Send Ukraine Seven More,1
Sending Ukraine Armored Vehicles,1
Senegal Lifts Fuel Prices as Subsidies Strain Government Budget,1
Senegal Pitches,1
Senex,1
Senex Energy,2
Senior Energy & Climate,1
Sensaidat,1
Seojeong University,1
Seoul Ships Arms,1
Separate,1
Sepehr,1
Sepehr Energy,3
Seplat,1
Seplat Energy,1
Seplat Energy Plc,1
Seplat Energy Set to Double Gas Production From Anoh Plant,1
Septemb,1
SeptemberMonthly Oil Market,1
Septemberthat,1
Sequitur Energy Resources,1
Sera - Energy & Oil,1
Serbia Army,1
Serbia-Kosovo Tensions: What You Need,1
Sergio Chapanotes,1
Serica Energy,1
Serica Energy s,1
Serie A,1
Serum Institute,1
Set to Press UAE,1
Settle Climate Finance,1
Settle Tensions,1
Seven Stars Energy Project,1
Sevens Report Research,3
Several Democratic Representatives,1
Several Israeli Settlers Over Violence,1
Severin Borensteintold CBS News,1
Seychelles Aims,1
Seychelles Takes Issue With Climate Financing Support Criteria,1
Shadow Energy,1
Shadow-Fleet,1
Shafaq News,1
Shale Boom China,1
Shale Executive,1
Shale Giant Devon Is Investing in Geothermal as Energy Transition Gains Pace,1
Shale Oil Output Threatens to Peak,1
Shale Tycoon,1
Shandong Molong Petroleum Machinery,1
Shandong Port Group,1
Shandong Yulong Petrochemical,1
Shanghai Gigafactory,2
Shanghai Offshore Petroleum Company,1
Shanghai Petchem,1
Shanghai energy exchange,1
Shanxi Coal Energy Group,2
Shapps,5
Sharjah - UKMTO - Energy & Oil,1
Shed Fuel,1
Sheffield Taps DC Lobbying Firm,1
Sheinbaum,2
Shell,628
Shell - Energy & Oil,1
Shell -exchange - Energy & Oil,1
Shell Australia,1
Shell Big Oil s Big 5,1
Shell Board,1
Shell Buys Nature Energy,1
Shell CFO,1
Shell Canada,1
Shell Chair,1
Shell Climate,1
Shell Convent,1
Shell Deutschland GmbH,2
Shell Energy,7
Shell Energy Americas,1
Shell Energy Europe Limited,1
Shell Energy North America(US,1
Shell Energy Retail,2
Shell Energy Retail GmbH,1
Shell Energy Retail Limited,1
Shell Energy Transition Strategy,1
Shell Energy and Chemicals Park Rheinland,1
Shell Energy and Chemicals Park Rhineland,1
Shell Energy and Chemicals Park Rotterdam,1
Shell Esso,1
Shell LNG,1
Shell Launches Strategic Review of Home Energy Retail Unit,1
Shell Midstream Partners LP,1
Shell Mulls Australia Wind Expansion Amid Clean Energy,1
Shell Nederland Raffinaderij,2
Shell Neft,2
Shell Neftowns,1
Shell Nigeria,1
Shell Nigerian,1
Shell Norco,2
Shell Petroleum Development Company of Nigeria Limited,2
Shell Pipeline Company,1
Shell Plc,4
Shell Plc s,1
Shell Technology Ventures,1
Shell Trading,2
Shell Trading Company,1
Shell U.K. Limited,1
Shell USA,1
Shell Upstream Director,1
Shell plc,1
Shell s Board,1
Shell s Capital Markets Day 2023,3
Shell s Chair,1
Shell s Downstream Director,1
"Shell s Downstream, Renewable and Energy Solutions",1
"Shell s Downstream, Renewables and Energy Solutions",2
Shell s Energy and Chemicals Park Rheinland,2
Shell s Graff,2
Shell s Integrated Gas and Renewables and Energy Solutions,1
Shell s Jackdaw,1
Shell s Lynch,1
Shell s Nigerian,1
Shell s Pernis,1
Shell s Powering Progress,1
Shell s Singapore,1
Shell s l,1
Shell/Gulf,1
Shellagreed,4
ShellannouncedThursday,1
Shellare,2
Shellenberger,1
Shellsince World War II,1
Shellsmashed,1
Shellunveiledits,5
Shellwas,1
Shenghong Petrochemical,2
Shenhua Energy Co.,1
Shenzhen Energy Group,1
Shenzi,3
Shenzi North,1
Shield Energy Links,1
Shield Russia Nuclear Deal With Regulator Overhaul,1
Shifa,1
Shikoku Electric Power,1
Shikun & Binui,1
Shipbuilder Damen,1
Shipping,1
Shipping Data,1
Shipping Giants,1
Shipping Regulator,1
Shizen Energy,1
Shkurko,3
Shmyhal,1
Shoigu,3
Shoigu - TASS,1
Short Term Energy Outlook,2
Short-Term Energy Outlook,32
Shulginov,1
Shushufindi Quito,1
Siberian Light,3
Siccar Point,5
Siccar Point Energy,4
Siegfried Russwurm,1
Siemens,20
Siemens Energy,90
Siemens Energy ',1
Siemens Energy AG,1
Siemens Energy Confronts Investors,1
Siemens Energy Group,1
Siemens Energy In Talks,1
Siemens Energy Looks to Delay Turbine Orders,1
Siemens Energy Order Books Are Overflowing,1
Siemens Energy Prepares,1
Siemens Energy Reviews Wind Business on Seeing &#x20AC;4.5 Billion,1
Siemens Energy Secures &#x20AC;15 Billion Deal to Shore Up Finances,1
Siemens Energy Secures Provisional,1
Siemens Energy Sees Profit,1
Siemens Energy Sets Up Twin Taskforces,1
Siemens Energy Stock Drops,1
Siemens Energy Struggles,1
Siemens Energy Takes,1
Siemens Energy Talks,1
Siemens Energy Warning Hurts Sector,1
Siemens Energy Weighs New Turbine Design,1
Siemens Energy Wind Turbine Breaks,1
Siemens Energy's,7
Siemens Energyexplainedlast week,1
Siemens Energyexplainedthat,1
Siemens Gamesa,21
Siemens Gamesa - Handelsblatt,1
Siemens Gamesa Renewable Energy,1
Siemens Generates Big Accounting Gain on Energy Investment,1
Siemens Turns to Bond Market,1
Sierra Club,3
Sierra Leone,1
Sigma,1
Sigma Lithium,3
Sigma Lithiumsaidon,1
Sign Long-Term Deals,1
Signal,1
Signal Group,1
Signature Bank,5
Signs Worst of Energy Crisis,1
Sikela,1
Sikka,3
Silicon Valley Bank,6
Silicon Valley Bank's,1
Siluanov,2
SilverBow,2
SilverBow Resources,8
Silvergate,1
Simonelli,5
Simsonsaidon,1
Sinaloa Cartel,1
Sinbad,1
Sindh Energy Holding Limited,1
Singapore Airlines,1
Singapore Climate Disclosures Off to Slow Start as,1
Singapore Core,1
Singapore Defends Climate Commitment After Kempen ESG Exclusion,1
Singapore Energy Market: No Nationalization to,1
Singapore Energy and Chemicals Park,1
Singapore Inflation Rate at Highest,1
Singapore s Energy Market Authority,1
Single-Family American Home Rentals Become More Energy,1
Sinks Energy Absolute,1
Sinochem,18
Sinochem Group,3
Sinochem Group of China,1
Sinopec,4
Sinopec Economics and Development Research Institute,1
Sinopec International Petroleum Services Corporation,1
Sinopec Oilfield Service Corporation,1
Sinopec's Commercial Petroleum Reserve Co,1
Sinopecreducedits,1
Sinopecstarted,1
Sinovensa,1
Sintana Energy,2
Sintez,1
Sirius,1
SiriusXM,1
Sirte,2
Sistema,1
Sitharaman,2
Sitio and Brigham,1
Situational and Analytical Center,1
Six Nations Energy Development LP,1
Sizewell,1
Sizewell C,1
Sizewell C.,1
Skip Climate Summit,1
Skip G-20 Summit,1
Skip Military Drill,1
Skip United Nations Meeting,1
Skugors,1
Sky News,6
Sky Zone Trading FZE,1
Slack Safety,1
Slap Climate Change Tax on Billionaires,1
Slash Energy Subsidies for Low-Income Argentines,1
Slash Wholesale Prices of,1
Sleipner,1
Sleipner B,1
Slim,2
Slimmer Siemens,1
Slovakia - Energy & Oil,2
Slovakiathreatened,1
Slovakiathreatenedto,2
Smallest,1
Smart Energy Use Draws Big Money From Private Equity,1
Smead,1
Smead Capital Management,1
Smer-SD,1
Smith,3
"Smith on Climate Change, Recession",1
Smoke Put Climate Change Pressure,1
Smoke Signals Another Dire Climate,1
Sn,3
Snam of Italysigneda,2
Snam s,1
So Energy Offers Customers Fixed,1
Soaring EV,1
Soaring Energy,1
Soaring Energy Costs Squeeze Operations,1
Sobogun,1
SocGen,2
SocGen Sells Rosbank Russian Unit,1
Soccer-Italian,1
Soci,1
Social Energy,3
Social Media,1
Socially Responsible Investment (SRI,1
Sociedad Qu,1
Societe Generale,2
Sodium Batteries,1
SoftBank,4
SoftBank Group Corp.,1
Softbank,1
Sokhranovka,1
Sokol,2
Sokol Crude Back on Move,1
Sokol Crude Backlog Clears,1
Solar,2
Solar Energy,1
Solar Energy Firm,1
Solar Energy Firm Nextracker,2
Solar Energy Firms Join,1
Solar Energy Industries,1
Solar Energy Industries Association,3
Solar Energy Market Issues,1
Solar Fund,1
Solar Industry Supply Chain,1
Solar Market Insight,1
Solar Panel Orders Point to,1
Solar Switch,1
Solar and,1
Solar and Energy Demand,1
Solar to Cut Energy Reliance,1
SolarPow,1
SolarPower Europe,1
SolarWinds,2
Solarium Green Energy,1
Solo Production Cut,1
Solution Management for Climate 21,1
Solutions,1
Some Dutch Greenhouses Fear Bankruptcy as Energy Crisis Deepens,1
Some Russian Fuel,1
Sommers,3
Sompo Holdings Inc.,1
Sonagas,1
Sonangol,1
Sonatrach,10
Sonatrachsignedan,2
Sonko,1
Sonoma Pharmaceuticals Announces Asset Purchase,1
Soros Arts Fellows,1
South Africa &#x20AC;500 Million,1
South Africa Backs Energy Plan,1
South Africa Blueprint Sets Out Options to Tackle Energy Crisis,1
South Africa Budget: Tax Breaks Offered Amid Energy Crisis,1
South Africa Considers National State of Disaster for Energy Crisis,1
South Africa Defends Naval Exercise With,1
South Africa Energy Transition: Netherlands,1
South Africa Fuel Markets Rout,1
South Africa Gets Climate Finance,1
South Africa Green Energy,1
South Africa Inflation Rate Fall Expectations Fuel Interest Rate Cut Bets,1
South Africa Military Delegation,1
South Africa Power: Energy,1
South Africa Secures Climate Loans at,1
South Africa Shuns Pressure,1
South Africa Tackles Biggest Growth Hurdle After Energy:,1
South Africa Trucks Block Road,1
South African Energy Department,1
South African Party,1
South Bow Spinoff Readies,1
South Caucasus Pipeline,1
South China Morning Post,1
South China Morning Postreports,1
South Korea Mulls Arms,1
South Pipeline Company s,1
South Stream Transport,2
South Texas Hub,1
Southern,1
Southern California Edison,3
Southern California Edison s,1
Southern California Gas Co,1
Southern California Gas Cois,1
Southern Company,2
Southern Company s,1
Southern Company's,1
Southern Copper,1
Southern Electricity Networks,1
Southwest Air,1
Southwest Airlines,1
Southwest Inks,1
Southwestern Energy,9
Sovcomflot,5
Space Program Reels,1
SpaceX,19
SpaceX Support,1
Spain Food,1
"Spain Readies New Energy Relief for Ceramic, Fertilizers Sectors",1
Spain Renewable Firm Capital Energy,1
Spainpassed,1
Spanish Climate,1
Spanish Energy,7
Spanish Q1,1
Sparks Energy,1
Sparrows Offshore Services,2
Sparta Commodities,2
Spartan Capital Securities,1
Spartan Delta Corp.,1
Speakingto the Financial Times,1
"Special Presidential Representative for Environmental Protection, Ecology",1
Speed Ukraine's,1
Speedway,5
Spend &#x20AC;83.3 Billion to Subsidize,1
Spend &#xA3;20 Billion on Carbon Capture,1
Spending on,2
Spherical Tokamak for Energy Production,1
SpiceJet,1
Spiegel,1
Spiegel - Energy & Oil,1
Spieker,1
Spies Hacked,1
Spinu,1
Spirit Energy,1
Spirit Energy's,1
Spokesman-Review,1
Spotify,1
Spotlight Shines on Clean Energy Themes,1
Spouse,1
Spraberry,1
Spring,1
Spur Climate Adaptation Finance,1
Spur Climate Tech,1
Spur Climate Technology Breakthroughs,1
Spur Energy Access,1
Spur Hydrogen Demand,1
Sputnik,51
Sputnik V,2
Sputnik-V,1
Sputnikreports,2
Spy Agency,1
Squadron Energy,1
Sri Lanka s Board of Investment,1
St le M,1
St. Croix Energy,1
St. Kitts & Nevishas,1
St. Kitts & Nevisstripped,1
Staatsolie,4
Stable,1
"Stable Energy, Food Costs",1
Stadt-Anzeigerpublished,1
Stadtwerke M,1
Staff Committee,1
StanChart,28
Standard Bank,4
Standard Bank Climate Smart Agriculture,1
Standard Bank Group,4
Standard Bank to,1
Standard Chartered,24
Standard Chartered Fights Allegations,1
Standard Chartered's,1
Standard Charterednoted,1
Standard International Trade Classification,2
Standard Model Y,1
Standard Oil Company of Brazil,1
Standard Range Model Y,1
Stanford,3
Stanford University,1
Star Scientific,1
Starbase,1
Starbucks,1
Starlink Service,1
Starmer,1
Starmer Sets Out Energy Plan,1
Start Consulting,1
Start Factory Energy-Efficiency Plan,1
Start Preparing for Kyiv Inclusion,1
Starwood Energy,1
State,76
State Climate Change Body Slams National Energy,1
State Council Information Office,1
State Daily,1
State Department,11
State Departmentdesignatedseveral,2
State Dept,4
State Energy Firm Rules Out Equity Boost,1
State Farm,3
State Farm and Berkshire,1
State Grid,2
State Grid of China,1
State Grid of China Corp Energy Research Institute,1
State Mineral Resources,1
State Oil Marketing Organization,1
"State Oil, Gas Revenue Falls",1
State Petroleum Resources,1
State Power Investment Corp,1
State Scrutiny,1
State Sponsored Terrorism Fund,1
State for Business and Energy,1
"State for Business, Energy and Industrial Strategy",2
"State for Business, Enterprise",1
State for Energy Affairs,16
State for Energy Resources,4
State for Energy Security and Net Zero,4
State of African Energy,1
State of Climate,1
State of Energy Report,1
State of the Nation Address,1
State-Run Company,1
State-Run Conglomerate Seeks Partners,1
Static Oil Supply Strategy,1
Statista,4
Statistadata,1
Statistical Review,1
Statistical Review of World Energy,4
Statistical Review of World Energyshowedon,1
Statistics Canada,7
Statistics Canadasaidon,2
Statistics Norway,4
Statistics Norwaysaidon,3
Statisticsshowedon,1
Statoil,3
Stats Bureau,1
Staunovo,1
Staunovotweeted,1
"Stavropolneftegaz, Ingushneft",1
Staying Despite Ukraine War,1
Steady Bangladesh Finances,1
Stellantis,12
Stellantis Forks,1
Stem Crisis,1
Sterling,2
Sterling Oil Exploration & Energy Production Company Ltd,1
Steward Upson,1
Stewardship,1
Stick With Climate Ambitions Despite Mounting Backlash,1
Stifel,1
Stifel FirstEnergy,1
Stifle Oil Development,1
Stiftung OFFSHORE-WINDENERGIE,1
Stirrup,1
Stock Falls,1
Stock Market Sees Energy Industry Deepen Its Dominance,1
Stockholm Drills Enormous Tunnel for,1
Stockholm Environment Institute,1
Stocks Records,1
"Stocks, Energy,",1
Stoere,1
Stoking AI Disruption,1
Stoking Energy Power Output Fears,1
Stoltenberg,9
Stop Carbon Credit Exports Until Climate Goals Are Met,1
Stop Harboring Iranian Petroleum,2
Stop the Energy Shutdown,1
Strabag Deal Brings Russia Profit Home,1
Strategic Petroleum Reserve,15
Strategic Petroleum Reserve - Agricultural Commodities,1
Strategic Petroleum Reserves,1
Strategic Storage Partners,3
Strathcona,1
Strathcona Resources Ltd,1
Strathcona Share Sales,1
Street Journal,1
Strengthen Energy,1
"Strike, Energy Group",1
Stripe-Backed Frontier Bets,1
Strong Crude Oil Prices,1
Strong Demand for EVs,1
Strong Energy Market,1
Strong LNG,1
Strong Oil Prices Counter Covid,1
Strong-Arming Ukraine,1
Stronger Australian Ties,1
Stronghold Digital Mining,2
Sturgeon,1
Subei,1
Subsurface Compressor System,1
Success,1
Success 9,1
Such a Pivotal Front,1
Sucre Energy Group,1
Sudan Civil War Fueled,1
Sudan Faces Food Insecurity Amid Ukraine War,1
Sudan s Energy Ministry,1
Sudandeclared,6
Sudanerupted,7
Sudzha,3
Suez,1
Suez Canal Disruption,1
Sugih Energy,2
Sullivansaidat,1
Sultanate,1
Sumas,1
Sumed,1
Sumitomo,2
Sumitomo Mitsui Banking Corporation,1
Summer Outlook,1
Summer Risks for Gas,1
Summer Travel,1
Summit Group,1
Sun,9
Sun Cable,3
Sun Cable s,2
SunChase Power,1
SunCoke Energy Inc Profile,1
SunPower,5
SunPower Corp.,1
Sunak Demotes Climate Ministers,1
Suncor,20
Suncor Energy,33
Suncor Energy Inc.,1
Suncor Energy's,3
Sundance Energy,3
Sunday Telegraph,1
Sungrow Ousts Longi,1
Suniva,1
Sunnova Energy Huddles,1
Sunoco LP,5
Sunoco-NuStar,1
Sunrun,2
Superior Energy,2
Superior Energy Auctions,2
Supermajor BP,2
Supermajor Total,2
Supermajors Shell,1
Supply & Trading,1
Supply Air Defenses,1
Supply Chain & Technology,1
Supply Chain Latest,11
Supply Chain Latest:,4
Supply Chain Latest: Climate Change Means World Needs More Sustainable Food,1
Supply Chain Latest: Climate Change Slows Repair of Global Supply Chains,1
Supply Chain Latest: Farming Fund,1
Supply Chain Latest: Food Production to Suffer,1
Supply Chain Latest: Food Trade Curbs and Climate Change Threat,1
Supply Chain Latest: How,1
Supply Chain Latest: Salad and Onion Shortages Fuel Healthy Diet Worries,1
Supply Chain Latest: Shipping Sanctions,1
Supply Chains,1
Supply Grip,1
Supply Halts,1
Supply Risks Ease,1
Supply SA,1
Supply Starlink,1
Support Mozambican Gas,1
Support for Coal Undermines Its Climate Goals,1
Suppy Chain Crisis,1
Supreme,4
Supreme Allied,1
Supreme Court,16
Supreme Court Climate Ruling Could Impact Nuclear Waste Case,1
Supreme Court on Climate Change Lawsuits,1
Supsa,2
Surging Power Demand Creates a Climate,1
Surgutneftegaz,5
Suriname - Energy & Oil,1
Suriname Total,1
Surinamepeakingat,1
Surprisingly Strong Retail Sales Fuel RBA Interest Rate Hike Bets,1
Surrey,1
Surrey Clean Energy,1
Surveillance State,1
Surveillanceon,1
Surviving Energy Bills Forces Drastic Steps,1
Sustainability,1
Sustainability & Climate Presentation,1
Sustainable Aviation,3
Sustainable Aviation Fuel,2
Sustainable Energy Fund,1
Sutherland,1
Suvro Sarkar,1
Suzlon Energy,1
Svenska Kraftn,1
Swan LNG,2
Swatch,2
Sway,1
Swedensaidon,1
Swedish Brothers Convicted of Spying,1
"Swedish Housing Market Slump Deepens on Rate, Energy Worries",1
Sweeps Climate,1
Swiss Aim to Host Conference,1
Swiss Citizens Prepare for Rare Vote on Net-Zero Climate Law,1
Swiss Climate Activists Target the Rich With New Tax,1
Swiss Companies Cut Production on High Energy,1
Swiss Energy,1
Swiss Energy Company Axpo,1
"Swiss Failed Citizens on Climate, Human Rights Court",1
Swiss Industry Less Energy-Intensive,1
Swiss National Bank,1
Swiss Office Heat to Cut Soaring Energy,1
Swiss Oil Trading and,1
Swiss Parliament,1
Swiss Pass OECD Minimum Tax,1
Swiss UBS,1
Swiss bank,1
Swissquote,1
Switch From Coal Power to Nuclear Energy,1
Switch to Diesel Comes,1
Switzerland Announces Summit,1
Switzerland Backs EU Sanctions Against,1
Switzerland Backs Sale,1
Switzerland sGlencore,1
Sydney Airport Holdings,1
Sylva,3
Symbio,1
Sync,1
Syria - Agricultural Commodities,1
Syria - Energy & Oil,1
Syrian Democratic Forces,1
Syrian Observatory for Human Rights,1
Szijjarto,3
T - Energy & Oil,1
T - RIA,1
T&E,1
T-4,1
T2,1
T20 World Cup,1
TAAG,1
TAL,4
TALO,1
TAQA,9
TASS,46
TASSreported,3
TASSreportedon,2
TB,1
TC Energy,105
TC Energy Coastal GasLink Pipeline Soars,1
TC Energy Corp.,1
TC Energy Corporation,5
TC Energy Dives,1
TC Energy Group,1
TC Energy Is Exploring Stake Sales of Assets Worth,1
TC Energy Keystone XL,1
TC Energy Pipeline Is,1
TC Energy Seeks,1
TC Energy s,1
TC Energy to Spin Off Oil Unit,1
TC Energy's,7
TC PipeLines,2
TCF,1
TCLC,1
TCO,3
TCS Group,2
TD Ameritrade,1
TD Investors Meet as Probe,1
TEPCO,1
TEPCO Renewable,1
TEU,1
TF International Securities,1
TFG Marine,1
TG Natural Resources,3
TG Natural Resources LLC,1
TG Octopus Energy,1
TGNR,5
TIME,1
TIPRO,3
TLC,2
TMC,2
TMEP,3
TMH,1
TNK,1
TNK Trading International SA,1
TNK Trading s,1
TNP,1
TOI,1
TOTSA,3
TOTSA Total Oil Trading SA,1
TOTSA TotalEnergies Trading SA,1
TPAO,1
TPG,4
TPG Rise,1
TPG Rise Climate,4
TPP,1
TRB,2
TRI) Union,1
TRP,1
TRP Energy,2
TSA,2
TSB &#xA3;49 Million,1
TSMC,11
TSX,132
TTE,7
TTF,2
TTI,3
TTITR,1
TV - Energy & Oil,1
TVA,1
TVE,1
TVEL,4
TVin,1
TWh - Energy & Oil,1
TXO Energy Partners,2
TXOGA,2
TXOGA Communications,1
TYC Energy,1
Tabas,1
Tabasco,1
Tabu Redevelopment,1
Tackle Climate Change,1
"Tackle Climate Change, Corporate Culture",1
Tackle Energy Bills,1
Tackle Energy Crisis,3
Tackle Yawning Climate Funding Gap,1
Tadawul,1
Tado,1
Taesa,1
Tailwind Energy,1
Taiwan Arms,1
Taiwan Arms Deal,1
Taiwan Arms Sales,1
Taiwan CPC,1
Taiwan Chip Exports,1
Taiwan Fish Deepens,1
Taiwan Labor Supply Pact While China,1
Taiwan Semiconductor Manufacturing Co.,1
Taiwan Tensions Spark New Round of US War-Gaming on Risk,1
Take Didi Global Inc.,1
Taliban,22
Talks With Nuclear Fuel Producers,1
Talks for &#x20AC;20 Billion Military Aid Package,1
Talks to Buy Energy Firm Encavis,1
Tallgrass Energy,1
Talon Logistics,1
Talos,2
Talos Energy,14
Talos Energy Ventures,1
Talos Energy's,1
Talos Mexican,1
Talos Mexico,1
Tamam Bayatly,1
Tamar Investment 2,2
Tamarack Valley Energy Ltd,1
Tame Soaring Energy,1
Tamil Nadu,1
Taneco,1
Tango FLNG - Energy & Oil,1
Tanin,5
Tanker Trackers,1
TankerTankers,1
TankerTrackers,5
TankerTrackers.com,16
Tanks,1
Tanzania Energy Ministry,1
Tanzania Petroleum Development Corporation,2
Tanzanian Energy,1
Tap Carbon Market for,1
Tap Clean Energy Boom,1
Tap Climate Deal Funds,1
Tap Climate Fund for,1
Tap Into Green Hydrogen,1
Tap Russian Assets,1
Target Climate Mitigation,1
Targeting Energy and Tech,1
Targets Power Systems,1
Task Force on Energy Securitysaidlast month,1
Task Force on Energy Securitysaidon,1
Taskforce on Climate-Related Financial Disclosures Report,1
Tass,8
Tassreported,1
Tata,1
Tata Explores,1
Tata JLR s,1
Tata Power Renewable Energy Limited,1
Tata Power Seeks Hydro Projects,1
Tata Steel,1
Tataouine,1
Tatneft,19
Tax Justice Network,1
Tax on Energy Firms Profits,1
Taxes,1
Taxi Firm's,1
Taxonomy Complementary Climate,1
Tcf,1
Team Saved Ukraine,1
Team Up,1
Team for Ukraine Aid,1
Teapot Refiners Feast on,1
Tech,4
Tech Company,1
Tech Converge,1
Tech Dreams,1
Tech Job Cuts,1
Tech VCs Resort to,1
TechCrunch,1
TechMet,2
TechMet s Brazilian Nickel,1
Technip,1
Technip Energies,2
Technip and Middle-Eastern,1
Technology Research Institute,1
Teck,3
Teck Resources,5
Teck Resources Frontier,2
Tecnimont,1
Tedros - Energy & Oil,1
Teekay Tankers,1
Tehran Times,2
Tehran Timesreports,1
Tele2 Russia,1
TeleSur,1
Telegram,9
Telegraph,1
Telegraphclaimed,1
Televisionin,2
Tellurian s Driftwood LNG,1
Tema,1
Tencent,2
Tender Administration Board,1
Tengiz,15
Tengizchevroil,2
Tenke,3
Tenke Fungurume,1
Tennessee AG,1
Tennessee Gas Pipeline,1
Tenreyro Says Energy,1
Tepco Flagship Nuclear Plant to Load First Fuel,1
Tereos,1
Terna,5
Terna Energy,1
Terna SpA,2
Terra,1
Terra Nova,3
Terra-Gen Power Holdings II,1
TerraCom,1
TerraPower,1
Terraform Labs',1
Terrestrial Energy,2
Territorial Defence Forces,1
Terrorism and Financial Intelligence,1
Terrorist Financing and Financial Crimes,1
Tesco,6
Teskey,1
Tesla,475
Tesla & SpaceX,1
Tesla China,2
Tesla China's,3
Tesla Dismisses China Tensions After Rocky Patch in Relationship,1
Tesla Energy,1
Tesla Energy Plan,2
Tesla Facts,1
Tesla Gigafactory,1
Tesla Inc,1
Tesla Inc.,2
Tesla Inc. s,1
Tesla Investor Day 2023: Musk's ',1
Tesla Megapack,1
Tesla Model,1
Tesla Model 3,4
Tesla Model S,2
Tesla Model Y,3
Tesla Motors,2
Tesla Motors India,1
Tesla Motors Indiaand Energy Private Limited,1
Tesla Moving,1
Tesla Superchargers,1
Tesla s Gigafactory,3
Tesla s Model 3,3
Tesla s Model S.,1
Tesla s Model Y,1
Tesla'sweaponizedprice,1
Teslaannouncedit,1
Tesladeliveredits,1
Tesladid,1
Teslais,1
Teslarati,2
Teslaratireports,1
Teslareportedits,1
Teslasales,1
Teslawrote,1
Test ECB,1
Test Security of Energy Sites,1
Teva,1
Texa,1
Texas &,1
Texas Approves Payouts,1
Texas Californias Its Energy Grid,1
Texas Capital Bank,1
Texas City Orders Residents to Shelter,1
Texas Crude Output,1
Texas Energy Going Solar Brings,1
Texas Energy Insurance Program,1
Texas Field,1
Texas Intermediate,2
Texas Intermediateabove $,1
Texas Intermediateclimbed,1
Texas Intermediatefell,1
Texas Intermediatefutures,1
Texas Intermediatewas,12
Texas LNG,1
Texas Launches New Review of Big Banks Over Energy Policies,1
Texas Muni Deal Over,1
Texas Oil Patch Are More in,1
Texas Pacific Land,2
Texas Pacific Land Corporation,2
Texas Power Grid Under Stress From Energy Transfer Gas Transmission,1
Texas Railroad,4
Texas School Fund Pulls Investment,1
Texas oil &,2
Texasneeds,1
Texasprohibitsstate,1
Thai Energy,1
Thai Tycoon,1
Thailand Brightening Outlook,1
Thailand Wind Energy Holding's,1
Thales,1
Thames,1
Thames Water,3
Thames Water Tells Surrey Villagers,1
Thames Water's,1
Tharwa Petroleum Company,2
That Ukraine Drones,1
The 1962 Atomic Energy Act,1
The ACEA Board,1
The Abu Dhabi National Oil Company,2
The Action Surface Rights Association,1
The Adani Group,1
The Administration,1
The Alberta Energy Regulator,2
The American Fuel and Petrochemical Manufacturers,1
The American Gas Association,1
The American Petroleum Institute,249
The American Petroleum Institutereportedan,2
The Arab Coordination Group,2
The Arab World,1
The Aramis Renewable Energy Project,1
The Arctic LNG 2,1
The Arctic National Wildlife Refuge,1
The Army Corps of Engineers,1
The Asahi Shimbun,1
The Associated Press,6
The Associated Pressquotedan,1
The Associated Pressreports,2
The Associated Pressreportsin,1
The Association of the Petroleum Industry of Kurdistan,3
The Audit Committee,1
The Australasian Centre for Corporate Responsibility,1
The Australia UK Climate and Energy Partnership,1
The Australian Energy Market Operator,1
The Bad River Band of Lake Superior,1
The Bad River Band of Lake Superior Chippewa,2
The Baku Tbilisi Ceyhan,2
The Bank of America,1
The Bank of England,1
The Bank of Japan's,2
The Belgian National Bankhas,1
The Berlin-Brandenburg Higher Administrative Courtruledon,1
The Biden Administration,54
The Biden Administration s,8
The Biden Administration s Inflation Reduction Act,1
The Biden Administration's,2
The Biden administration's$430,1
The Biden-Harris Administration,1
The Big Climate March Returns,1
The Big Tech Company Backing Canada's,1
The Boeing Company s,1
The Brent-Dubai Exchange for Swaps,1
The British Royal Navy,1
The Bureau of Indian Affairs,1
The Bureau of Land Management,5
The Bureau of Land Management s,1
The Bureau of Ocean Energy Management,9
The Bureau of Reclamation,1
The Business Council of Canada,1
The California Energy Commission,1
The California Independent Petroleum Association,1
The California Public Employees' Retirement System,1
The California Public Utilities Commission,1
The Canada Energy Regulator,5
The Canada Energy Regulatoris,1
The Canadian Association of Petroleum Producers,2
The Canadian Energy Center,1
The Canadian Energy Centre,3
The Canadian National Energy Boardapprovedthe,1
The Canadian Press,4
The Canadian Pressreports,2
The Car Giants,2
The Caspian Pipeline Consortium,8
The Center for Biological Diversity,2
The Charge As Rig Count Climbs We,1
The China Chamber of Commerce,1
The China National Offshore Oil Corporation,1
The China Passenger Car Association,1
The Chinese Ministry of Commerce,1
The Church Commissioners,1
The Church of England,3
The Church of England Pensions Board,1
The Clara Camar o,1
The Clara Camar o Refinery,1
The Clean Energy Revolution Is Moving Too,1
The Clean Energy and Jobs Act,1
The Climate Change Bankers,1
The Climate Change Committee,1
The Climate Crisis: Take Care Before Enlisting the Oceans as Carbon Sinks,1
The Climate Emergency Fund,1
The Climate Emergency:,2
The Climate Emergency: Protecting,1
The Climate Fight's,1
The Climate Movement Needs,2
The Climate Pledges of Top Global Companies Fall Short,1
The Climate Sleuth,1
The Coal to Clean Credit Initiative,1
The Colorado Oil and Gas Conservation Commission,1
The Colorado Sun,1
The Coming Crisis,1
The Commission,1
The Committee,1
The Committee on Climate Change,1
The Commonwealth Scientific and Industrial Research Organisation,1
The Comprehensive Nuclear-Test-BanTreaty(CTBT,1
The Comptroller of Currency,1
"The Cost of Climate Change, Conflict",1
The Council of Presidential Candidates,1
The Council on Ethicshas,1
The Court of Justice of,1
The Current Trajectory,1
The Czech Finance Ministry,1
The Dakota Access,1
The Dallas Fed Energy Survey,1
The Dangote Refinery,2
The Deep Earth National Science and Technology Megaproject,1
The Defense Post,1
"The Department for Business, Energy & Industrial Strategy",1
The Department for Energy Security and Net Zero,1
"The Department of Conservation, Geologic Energy Management Divisionreleasedpre",1
The Department of Defensewroteearlier,1
The Department of Energy,15
The Department of Energy s Office of Petroleum Reserves,1
The Department of Environmental Protection of Pennsylvania,1
The Department of Treasury,1
The Department of the Treasury s Office of Foreign Assets Control,1
The Drilling Productivity Report,1
The Drive Forward Fund,1
The EU s Corporate Sustainability,1
The EU s Sustainable Finance Disclosure Regulation,1
The EV JV,1
The East African Crude Oil Pipeline,1
The Eastern Interconnection,1
The Economic Times,4
The Economy Ministrysaidin,1
The Economy Ministrysaidthat German,1
The El Segundo Refinery,1
The Electric Reliability Council of Texas,1
The Electric Reliability Council of Texas (ERCOT,3
The Electricity Grid Of The Future Is Being Built,1
The Empire Windprojectis,1
The End Fuel Poverty Coalition,1
The Energy Bills Support Scheme,1
The Energy Department,4
The Energy Efficiency Act,2
The Energy Efficiency Movement,1
The Energy Industry,1
The Energy Industry Iraq,1
The Energy Information Administration,30
The Energy Information Administration s,3
The Energy Information Administrationestimatedthe Bakken,1
The Energy Information Administrationreporteda,1
The Energy Information s Drilling Productivity Report,1
The Energy Institute Statistical Review of World Energy,1
The Energy Institute s,1
The Energy Ministry,3
The Energy Ministry s National Dispatch Center,1
The Energy Profits,1
The Energy Profits Levy,3
The Energy Select Sector SPDR Fund,1
The Energy Transition Gap,1
The Energy Weapon Will,1
The Energy and Climate Fund,1
The Energy and Petroleum Ministry,1
The Entrepreneur Leading Clean Solar Energy,1
The Environmental Protection Agency,3
The Estonian Navy,1
The European Central Bank,3
The European Commission,34
The European Commission for Energy,1
The European Commission s,2
The European Commissionhas,2
The European Commissionpresentedlast,2
The European Commissionupdatedearlier,1
The European Council,2
The European Energy Crisis,1
The European Federation of Energy Traders,1
The European Parliament,7
The European Parliamentvotedon,1
The European People's Party,1
The European Refining Margin Marker,1
The European Union,112
The European Union Agency,1
The European Union s,8
The European Union s Emissions Trading System,1
The European Union s Energy Poverty Alleviation Framework,1
The European Union's,1
The European Unionagreedon,1
The European Unionis,1
The FT recentlycitedGoldman Sachs,1
The Fair Works Commission,1
The FebruaryDutch TTF Natural Gas Futures,1
The Federal Aviation Administration,1
The Federal Bureau of Investigation,2
The Federal Constitutional Court of Germanyruledon,1
The Federal Energy Regulatory Commission,7
The Federal Energy Regulatory Commissions,1
The Federal Government,2
The Federal Network Agency,2
The Federal Reserve,5
The Federal Reserve s,1
The Federal Security Service,1
The Federal Trade Commission,1
The Finance Ministry,1
The Financial Conduct Authority,1
The Financial Times,1
The Financial Timesreportedit,1
The Financial Timesreportedlast month,1
The Foreign Subsidies Regulation,1
The Forum for Sustainable and Responsible Investment,1
The Fossil Free Finance Act,1
The Fossil Fuel Industry's,1
The Frac Spread Count,1
The Freedom Party,1
The Gas Exporting Countries Forum,1
The German Environment Agency,2
The German Ministry of Economy,2
The Global Climate Order,1
The Globe and Mail,1
The Globe and Mail's,1
The Government of Canada,1
The Government s Energy Security Strategy,1
The Great European Energy Crisis Is Now Coming for Your Food,1
The Green Climate Fund,2
The Green Energy Transition,1
The Group,1
The Group of Seven,1
The Gulf of Sirte,1
The Hague Court of Appeal,2
The Hague Court of Appealordered Shell,1
The Hague District Court,1
The Hamm Institute,1
The High Court,2
The High Representative,1
The Home Energy Nerds,1
The House Energy and Commerce,1
The House Ways and Means Committee,1
The House of Representatives,1
The Hybrid Renewable Energy Park,1
The Hydrogen Energy Supply Chain,1
The Incredible Shrinking Energy Use of a Light Bulb,1
The Independent,1
The Indian Ministry of Minessaidthat,2
The Indian Oil Ministry,3
The Indian Petroleum and Natural Gas Regulatory Board,1
The Institute for Energy Economics and Financial Analysis,1
The Institute for the Study of War,2
The Inter-American Development Bank,1
The Intergovernmental Panel on Climate Change,3
The Interior Department,3
The International Atomic Energy Agency,9
The International Atomic Energy Agencyreportedmultiple,1
The International Court of Arbitration,1
The International Energy Agency,46
The International Energy Agency(IEA,2
The International Energy AgencypredictedChina s,1
The International Energy Agencywentfurther,1
The International Maritime Organisation,1
The International Monetary Fund,6
The International Renewable Energy Agency,1
The International Transport Workers Federation,1
The Iranian Navy,1
The Iranian Oil Ministry,1
The Iraqi State Organization for Marketing of Oil,1
The Islamic Revolution Guards Corps,1
The Israeli Energy Ministry,1
The Joint Ministerial Monitoring Committee,1
The Joint Technical Committee,3
The Just Transition Fund,1
The Justice Department,1
The Kazakh Connection Shows How Europe's,1
The Keystone Pipeline,1
The Kurdistan Regional Government,4
The Kyiv Independent,1
The Kyiv Independentreportedon,1
The Labor Department,1
The Labor party,1
The Labour Party,1
The Largest Oil Exporter To,1
The Latest Russia Oil Mystery: Vostok Sale,1
The Least Developed Countries Group,2
The Liberia Register,1
The Libya Observerreportedon,1
The Libyan National Army,1
The Libyan National OIl Company,1
The Libyan Oil Ministry,1
The Loan Programs Office,3
The London Rush,2
The Los Angeles County Board of Supervisors,1
The Lower Energy Costs Act,1
The Lufthansa Group,1
The Lumberton Site,1
The MT Terra Nova,1
The Malaysian Reserve,1
The Market and Climate Implications of,1
The Mexican Economy Ministry,1
The Mexican Energy Ministry,2
The Michigan Legislatureapprovedit,1
The Ministry for Economy and Energy Affairs,1
The Ministry of Coal,3
The Ministry of Economic Affairs,1
The Ministry of Energy,1
The Ministry of Industry and Energy of the Saratov Region,1
The Ministry of Mines and Energy,1
The Ministry of Petroleum,1
The Ministry of Petroleum and Energy,1
The Ministry of Petroleum and Natural Gas,1
The Ministry of Petroleum of India,1
The Ministry of economic affairs,1
The Model S Plaid,1
The Money Rush Into Climate Startups,1
The Moscow TImes,1
The Moscow Times,3
The Moscow Timesreports,1
The Most Energy-Efficient Way to Cool Your Home,1
The Most Important Climate Job of,1
The Murban Futures Contract,1
The National Energy Assistance Directors Association,1
The National Grid,1
The National Highway Traffic Safety Administration,2
The National Hurricane Center,1
The National Iranian Oil Company,2
The National Oil Corporation,1
The National Oil Corporation (NOC)saidlast week,1
The National Transport Safety Board,1
The Natural Gas EU,1
The Nave Andromeda,1
The New Jersey Business & Industry Association,1
The New Mexico Environment Department,2
The New York City Taxi,1
The New York Times,2
The New York Timesreports,2
The Next Move in Oil Prices,1
The Nigeria Union of Petroleum and Natural Gas Workers,2
The Nigerian National Petroleum Corporation,8
The Nigerian Upstream Petroleum Regulatory Commission,7
The Nigerian Upstream Regulatory Commission,1
The Nord Stream 2,3
The North American Electric Reliability Corporation,1
The North American Energy Standards Board,1
The Norwegian Energy Regulatory Authority,1
The Norwegian Government,1
The Norwegian Oil and Gas Association,2
The Norwegian Petroleum Directorate,1
The Number of Climate Funds Out,1
The OPEC Fund for International Development,1
The OPEC Secretariatsaidlast month,1
The OPEC Secretariatsaidlast week,1
The Ocean Wind 1,1
The Octopus Energy Offshore Wind,1
The Office of Gas and Electricity Markets,3
The Office of the Comptroller of the Currency,3
The Offshore Alliance,2
The Oil & Gas 4.0,1
The Oil Demand Crisis,1
The Oil and Gas Climate,1
The Oklahoma Corporation Commission,1
The Only Thing Climate Change Is Cooling Is Growth,1
The Organization for Economic Cooperation and Development,1
The Organization of Petroleum Exporting Countries,3
The Organization of the Petroleum Exporting Countries,2
The Parliament of Sweden,1
The Pengerang Refining and Petrochemical,1
The Permian,1
The Permian Fuels America,1
The Perryman Group,1
The Petroleum Authority,1
The Petroleum Facilities Guard,2
The Petroleum Industry,2
The Petroleum and Energy Ministry,1
The Philippine Coast Guard,1
The Pipeline and Hazardous Materials Safety Administration,1
The Pohang University of Science & Technology,1
The Political Week,1
The Port of Antwerp,1
The Power of Siberia 2,1
The Powerful Weapons That Ukraine,1
The Price of Energy Security Requires More Than Just Spending,1
The Public Utility Commission,1
The Race to Arm Ukraine,1
The Railroad Commission,3
The Real Reason Russia Wants,1
The Renewable Energy Directive,2
The Renewable Energy Revolution,2
The Renewable Fuel Standard,1
The Rockefeller Foundation,1
The Russian Defense Ministry,2
The Russian Elite,1
The Russian Energy Ministry,4
The Russian Finance Ministry,1
The Russian Foreign Ministry,1
The Russian Ministry of Defense (MoD,1
The Rystad Energy Offshore Rig,1
The S&P Global Clean Energy,1
The Saginaw Trail Pipeline of Consumer Energy,1
The Sangachal Terminal,1
The Santa Fe New Mexicanreportsthat,1
The Saudi Gazette,1
The Serious Fraud Office,1
The Shandong Yulong Petrochemical,2
The Shanghai International Energy Exchange,1
The Shell Energy and Chemicals Park,1
The Shell Petroleum Development Company of Nigeria Limited,1
The Shell Transport and Trading Company,1
The Sierra Club,2
The Sixth Court of Appeals,1
The Society of Motor Manufacturers,1
The Solar Energy Industries Association,2
The Solar Impulse Foundation,2
The South African Court of Appeals,1
The St. Kitts & Nevis International Ship Registry,1
The Standard Range Model Y,1
The State Department,1
"The State Office for Mining, Energy and Geology",1
The State of African Energy 2024 Outlook,1
The State of California,1
The State of New York,1
The Statistical Review,1
The Sting in Department of Energy's,1
The Strategic Petroleum Reserve,4
The Suez Rajan,1
The Supreme Court,4
The Supreme Courtwas,1
The Supreme Labor Council,1
The Surrey County Councilsaidit,1
The Swiss National Bank,1
The Sydney Morning Herald,1
The Sydney Morning Heraldreports,1
The Technical Committee,1
The Territory Documentary Depicts the Front Lines of Climate Change,1
The Texas Blockchain Council,1
The Texas Economic Stabilization Fund,1
The Texas Energy Fund,3
The Texas Oil Production Cut Plan,1
The Texas Railroad Commission,3
The Third Energy Crisis Shows Gasoline,1
The Times of Israel,1
The Total-ledMozambique LNG Project,2
The Trading Tycoon Steering Russia's,1
The Trans Mountain Expansion,2
The Trans Mountain Expansion Project,3
The Trans-Niger Pipeline,1
The Travis County Commissioners Court,1
The Treasury Department,3
The Treasury Department's,1
The Trump Administration,7
The Turning Point on Climate Change: The New Asia Pacific Economic Engine,1
The U.S.,1
The U.S. Administration,19
The U.S. Administration s,2
The U.S. Army Corps of Engineers,2
The U.S. Bureau of Land Management,1
The U.S. Bureau of Land Managementlaunchedon,1
The U.S. Bureau of Ocean Energy Management,2
The U.S. Census Bureau,1
The U.S. Central Commandsaidthat,1
The U.S. Commerce Department,2
The U.S. Commodity Futures Trading Commission,2
The U.S. Congress,2
The U.S. Consumer Product Safety Commission,1
The U.S. Customs and Border Protection,1
The U.S. Defense Department,1
The U.S. Department of,2
The U.S. Department of Energy,31
The U.S. Department of Energy s,1
The U.S. Department of Energyannouncedon,1
The U.S. Department of Energyhas,1
The U.S. Department of Justice,1
The U.S. Department of Justiceannouncedat,2
The U.S. Department of State,2
The U.S. Department of Transportation s National Highway Traffic Safety Administration,1
The U.S. Department of Treasury,4
The U.S. Department of Treasury s Office of Foreign Assets Control,1
The U.S. Department of the Interior,6
The U.S. Department of the Interior s Bureau of Reclamationis,1
The U.S. Department of the Treasury,3
The U.S. Department of the Treasuryextendedon,1
The U.S. EIA,1
The U.S. Embassy,2
The U.S. Energy Department,2
The U.S. Energy Information Administration,11
The U.S. Energy Information Administration s,1
The U.S. Environmental Protection Agency,4
The U.S. Export-Import Bank,1
The U.S. Fed,1
The U.S. Federal Energy Regulatory Commission,5
The U.S. Federal Reserve,1
The U.S. Federal Trade Commission,1
The U.S. House,1
The U.S. House of Representatives,2
The U.S. Inflation Reduction Act,1
The U.S. Inflation Reduction Act IRA,1
The U.S. Justice Department,2
The U.S. Navy s,1
The U.S. Nuclear Regulatory Commission,1
The U.S. Office of Foreign Asset ControltightenedVenezuelan,1
The U.S. Office of Foreign Assets Control,2
The U.S. Oil & Gas,2
The U.S. Securities and Exchange Commission,3
The U.S. Senate,3
The U.S. Senate Judiciary Committee,1
The U.S. Special Presidential Envoy for Climate,1
The U.S. State,1
The U.S. State Department,2
The U.S. Strategic Petroleum Reserve,2
The U.S. Supreme Court,5
The U.S. Supreme Courtbackedon,1
The U.S. Treasury,7
The U.S. Treasury Department,2
The UAE OPEC s,1
The UAE s Energy,4
The UAE s Energy Ministry later,1
The UK Atomic Energy Authority,2
The UK Business and Energy,1
"The UK Department for Business, Energy and Industrial Strategy",1
The UK Financial Conduct Authority,1
The UK Supreme Court,1
The UN General Assembly,1
The US Department of Energy,1
The US Department of Justice,1
The US Drive,1
The US Federal Reserve,2
The US Government,1
The USO Fund s,1
The Ukraine Crisis Escalates,1
The Ukraine Crisis Escalates Meanwhile,1
The United Arab Emirates,2
The United Arab Emirates (UAE,2
The United Kingdom Maritime Trade Operations,2
The United Nations,4
The United Nations Security Council,2
The United States Department of Energy,1
The University of Michigan,1
The Verge Of Ending Production Of Its Chevy Bolt,1
The Wagner Group,1
The Wall Street Journal,23
The Wall Street Journalhas,1
The Wall Street Journalnoted,1
The Wall Street Journalreported,1
The Wall Street Journalreportedlast month,1
The Wall Street Journalreportedlast week,1
The Wall Street Journalreportedon,5
The Wall Street Journalreports,3
The Wall Street Journalreportsthat,2
The Wall Street Journalshowedon,1
The Washington Post,7
The Washington Postreportedthis week,1
The Washington Times,2
The Washington Timesreports,1
The Weight Of Sanctions Saudi Arabia s,1
The Western Dakota Energy Association,1
The Western Energy Alliance,1
The Western States Petroleum Association,1
The White House,22
The White House s Council on Environmental Quality,1
The White Houseannouncedplans,1
The White Househas,1
The White Housepostponed,1
The World Bank,5
The World Gold Council,1
The World Trade Organization s,1
The Yamal-Europe Pipeline,1
The Yemeni Armed Forces,2
The Zambian Observer,1
The energy ministry,1
The energy ministry s,2
The new Commission,1
The@iaeaorgteam,1
TheAmerican,1
TheAndaman Skiesis,1
TheAutomotive Monthly Metals,2
TheBrent,3
TheBrent Crude,1
TheCanada-Newfoundland,1
TheDallas Fed Energy Survey,1
TheEastern Mediterranean,1
TheEnergy Charter Treaty(ECT,2
TheEquatorial Marginoffshore,1
TheFedwill,1
TheGreat Sandy Desert Projectby,1
TheMurban,1
TheNational Bank of Kuwaitsaid,1
TheNigerian Armyhas,1
TheNovember,1
TheRare Earths MMI,1
TheSaudi,1
TheStreet,1
TheUK Energy Profits Levywas,1
TheUK Ministry of Defencehas,1
Theannouncement,1
Thecollapse,1
Theia Energy,3
Thepaperwas,1
Thepipeline,1
Theprojectis,1
Thermostat,1
Thinks Energy Drinks Are Bad for Teens,1
Third Circuit,1
This GOP State's,1
This Small Company Dry,1
This Small Nation Is Building The World s,1
This followsOvo,1
ThiscriticizedChevron,1
Thomas-Greenfield,1
Thomson,1
ThomsonReuters,1
Three Climate Change Challenges Where Startups Needed,1
Three Gorges Dam,1
Thunder,1
Thunder Said Energy,4
Thursdaya,1
Thursdayannouncementby,1
Thursdayimposedsanctions,1
Thursdaypress,1
Thursdayreportedadjusted,1
Thursdaysaida,1
Thursdaysigneddefinitive,1
Tianjin LNG,1
Tidal Power Can Heighten Green Energy Security,1
Tie Chip Access to Climate Action,1
Tierra Energy,1
Tighten Russia Border Controls After Immigrant,1
TikTok,5
Tikehau Capital,1
Timan-Pechora,3
Time,6
Times,8
Times of Israel,1
Timmermans,2
Tinubu,3
Titan,1
Titan Liberty Energy,1
Titov,1
Tlaib,1
Toho Gas,1
Tohoku Electric,2
Toilet Paper Prices Rise,1
Tokayevleveledfresh,1
Tokio Marine Holdings Inc.,1
Tokyo Electric Power Co.,1
Tokyo Electric Power Co. Holdings,1
Tokyo Games,2
Tokyo Gas,11
"Tokyo Gas Co., Ltd",1
Tokyo Gas Nears,1
Tokyo Gas to Invest,1
Tonik,1
Tonik Energy,1
Top Abu Dhabi Health Firm Set to Join Middle East Listing Spree,1
Top Climate Cop,1
Top Climate Finance Group,1
Top Energy Banker,1
Top Oil Explorer,1
Top Oil Refiners Seek,1
Top Spot,1
Top of EMEA Ranking,1
Top of India,1
Topsoe,1
Toptal,1
Torbjorn Tornqvist,1
Torchlight Energy,3
Torgan Co,1
Tori,1
Torness,1
Tornqvist,2
Tornqvistsaidat the Energy Markets Forum,1
Toronto - Energy & Oil,1
Torrealba,1
Tory Party,1
Torzhok,1
Total,18
Total Eren,2
Total SA,1
Total s Sustainability,1
TotalEnergies,251
TotalEnergies Australian DGR Global,1
TotalEnergies EP Norge AS,1
TotalEnergies SE,3
TotalEnergiesbought,1
TotalEnergiesreportedon,2
TotalEnergiessignedat,1
TotalEnergiessignedtwo,1
TotalEnergiessuspendedworks,2
TotalEnergieswon,1
TotalEnergy,2
TotalSaudi,1
TotalboughtAnadarko,1
Totalhas,1
Totalsaidon,1
Tough Climate Finance Negotiations,1
Tough Spot,1
"Tourism, Hospitality",1
Tourmaline Energy,1
Tourmaline Oil Corp.,1
Tout Climate Momentum With Activists,1
Toyota,35
Toyota Motor Corporation,1
"Toyota Motor North America, Inc.",1
Track Russia's,1
Tractor Supply,1
Tractor Supply Ditches Climate,1
Tractor Supply's,1
Trade,3
Trade Bank of Iraq,1
Trade Gap Narrows,1
Trade Shenanigans & Tariff,1
Trader Mercuria Wants More Assets as,1
Traders Mull Energy Woes Ahead,1
Traditions,2
Trafford Council,1
Trafford Low Carbon Energy Park,1
Trafigura,1
Trafigura Asia Power,1
Trafigura Beheer BV,1
Trafigura Group,1
Trafigura Invests,1
Trafigura Lines,1
Trafigura Offering Europe Fuel,1
Trafigura Sells,1
Trafigura Stored Gas,1
Trafigura s Luckock,2
Trafigurabought,1
Trafigurahas,1
Trail Builder,1
Train Southern African Boards on Climate Change,1
Trains,1
Trans Mountain,4
Trans Mountain Corp,1
Trans Mountain Corporation,7
Trans Mountain Expansion,2
Trans Mountain Expansion Project,1
Trans Mountain Oil Pipeline Expansion Seen Spelling,1
Trans Mountain Pipeline,6
Trans Mountain s Edmonton Terminal,3
Trans-Siberian,1
TransCanada,1
TransMountain,1
TransWest,1
Transatlantic,1
Transco,1
Transfer Arctic Council,1
Transfer LP(NYSE,1
Transfer Leopard Tanks,1
Transformation,1
Transneft,44
Transneft s Druzhba,1
"Transneft, Rosneft",1
Transneftsaidon,2
Transnet,1
Transnet SOC Ltd,1
Transnistriacut,1
Transportation Security Administration,1
Trapped Renewable Energy,1
Travel Disruption,2
Travel Disruption to Continue,1
Travel Rebound Risks Super-Charging Jet Fuel Prices,1
Treasuries,1
Treasuries Rebound,1
Treasury,105
Treasury - Energy & Oil,1
Treasury Department,7
Treasurydesignatedfour,1
Treaty,7
Tree Energy,1
Tree Energy Solutions,1
Trends,1
Tri-Ocean Energy,1
Tri-State Generation & Transmission Association,1
Triangle-Shaped Jet Aims,1
Tribal Nations,1
Tribeca Sees China Tensions Powering New Green Metals Bets,1
Tribunein,1
Tribunereported,1
Trilance,1
Triliance,1
Triliance Petrochemical Co. Ltd.,2
Trim Energy Transition Support for State Oil Firms,1
Trim Fuel Subsidies,1
Trinidad & Tobago,1
Trinidad Energy,1
Trinidad s Ministry of Energy,1
Trio,1
Trion,3
Triple Energy Prices,1
Triple Nuclear Power as Energy Demand Soars,1
Troll C,1
Tropical Forest,1
Tru Energy,1
Trudeau Faces Energy-Policy,1
True Confidence,1
Truist Securities Inc,1
Trump,352
Trump - Energy & Oil,2
Trump 2.0,1
Trump Administration,12
Trump Administrationlaunched,1
Trump Calls Zelenskiy,1
Trump Can't End Ukraine War,1
Trump Ends Climate Work Inside Agency,1
Trump Executive,1
Trump Iowa,1
Trump Lawyers Face Possible Sanctions,1
Trump Mulls Cancelling Loans Issued,1
Trump Picks Keith Kellogg,1
Trump Picks Oil,1
Trump Sanctions Weaken International Criminal Court,1
Trump Spurns UN,1
Trump Tariff Latest:,1
Trump Tells Federal Scientists,1
Trump Urges OPEC,1
Trump VP,1
Trump Wants Ukraine to Guarantee Access to Rare Earths for War Aid,1
Trump Wants Ukraine's Minerals,1
Trump Warns,1
Trump Win,1
Trump Win Upends Climate Cash Fight,1
Trump Withdraws Support,1
Trump s,1
Trump's,2
Trump's Climate Change Denial Is Scaring Republicans,1
Trump's Legal Woes Are Top Political Stories,1
Trump's Possible Win Is Shaping Policies of China,1
Trump's Sanctions,1
"Trump, Electric",1
"Trump, Trade Wars and Climate",1
Trump-Biden Climate Faceoff,1
Trump-Biden Rematch,1
Trump-Era Special,1
Trump-Russia,5
Trumpsaidon,1
Trumpurgedthe European Union,1
Truss,1
Truss's Energy Aid Boost,1
Trust Bank,2
Trustee of the Fund,1
Truth Social,1
Tsakos Energy Navigation,1
Tsinghua University,3
Tsivilev,1
Tsukioka,1
Tuapse,4
Tuapse Oil Refinery,1
Tudor,1
Tuesdaya,1
Tuesdayannounceda,2
Tuesdaynote,1
Tuesdaysaidit,1
Tullow Oil,12
Tullow Oil s,4
Tullow and Total,1
Tullow s,2
Tullow s latest,1
Tupi,3
TurkStream,12
Turkcell Signs Agreement,1
Turkcell Ukraine Unit,1
Turkey - Energy & Oil,1
Turkey Slams European Parliament,1
Turkey s Energy Market Regulatory Authority,1
Turkey sAnadolu Agency,1
Turkeyhas,2
Turkeysought,1
Turkeywelcomed,1
Turkish Energy,1
Turkish Energy and Natural Resources,6
Turkish Ice Pearl Navigation,1
Turkish State Banks Set,1
Turkish Trade Gap Widens,1
Turkishpresidential,1
Turkiye Petrol Rafinerileri,1
Turow,1
Turow - Energy & Oil,1
Tuscany,1
Tuscarora Gas Transmission System,1
Tusk Sees Clean Energy,1
Tuzandepetl,1
Twinza Oil,1
Twitter,45
Twitter Spaces,1
Twitterpost,1
Tycoons Potanin,1
Tyra,1
U-Turn,3
U-Turn on Fuel Imports After Prices Surge,1
U-turnin,8
U.K. Consultants,1
U.N,2
U.N.,114
U.N. Glasgow,1
U.N. Security Council,5
U.N.-led,1
U.S FERC,1
U.S. - Energy & Oil,1
U.S. Administration,13
U.S. Appeals Court,1
U.S. Apple,1
U.S. Army Corps,1
U.S. Army Reserve,1
U.S. Census Bureau,1
U.S. Census Data,1
U.S. Central Command,1
U.S. Chamber of Commerce,2
U.S. Commerce,1
U.S. Commerce Dept,1
U.S. Crude,2
U.S. Crude Grade,1
U.S. Crude Oil Exports,1
U.S. Department of Energy,2
U.S. Department of the Treasury,1
U.S. EIG Global Energy Partners,3
U.S. Energy,32
U.S. Energy Department,2
U.S. Energy Dept,4
U.S. Energy Information,1
U.S. Energy Information Administration,1
U.S. Energy and Employment Report,2
U.S. Export-Import Bank,1
U.S. ExxonMobil,2
U.S. Fed,2
U.S. Fuel Crisis Sparks Refiners,1
U.S. Gas Giant,1
U.S. Hess Corp,1
U.S. Hess Corporation,4
U.S. House,8
U.S. House of Representatives,1
U.S. Imports No Saudi Crude Oil,1
U.S. Interior Dept,1
U.S. LNG,18
U.S. Lower,1
U.S. Navy,2
U.S. Occidental,1
U.S. Oil Production Won t,1
U.S. Sanctions Cost Country,1
U.S. Sanctions on ICC:,1
U.S. Sempra Infrastructure,1
U.S. Senate,4
U.S. Special Representative,1
U.S. State Department,4
U.S. State Dept,1
U.S. Supreme Court,4
U.S. Talos Energy,1
U.S. Transportation,1
U.S. Treasuries,1
U.S. Treasury,20
U.S. Treasury Department,3
U.S. Treasury's Yellen,2
U.S. UnitedHealth Group,1
U.S. Vanguard,1
U.S. Venture Global,1
U.S. Wind,1
U.S. rRefiners,1
U.S.-EU Carbon Club,1
U.S.-basedArcVera Renewables,1
U.S.-person,1
U.S.Fed,1
U.S.While,1
U.S.consumer,1
U.S.gasoline,1
U.S.warnedcompanies,3
UAE,27
UAE - Agricultural Commodities,1
UAE Boosts Imports of Iraqi Crude After Oil Refinery Upgrade,1
UAE Clean Energy Firm Masdar,1
UAE Courts,1
UAE Cuts Economic Growth,1
UAE Energy,4
UAE Oil Giant Adnoc,1
UAE Oil Giant Plans Europe Trading Boost,1
UAE Turns to Satellites to Shield Region's,1
UAE s Energy,3
UAEhas,1
UAEsigned,2
UAL,1
UANI,1
UAV,2
UAVs,1
UAW,2
UAW Petitions,1
UBA,1
UBS,38
UBS Apollo Deal,1
UBS Boosts,1
UBS Global Wealth Mgmt,1
UBS Group,1
UBS Middle East Banker,1
UBS-Credit Suisse,1
UBScitedby CNN,1
UCLA School of Law,1
UCLA US Campus Protests: Tensions High as Protesters Ordered,1
UE,1
UEA,1
UFC,1
UHY Hacker Young,1
UK & Middle East,2
UK Antitrust Watchdog,1
UK Approves Pact for Octopus Energy,1
UK Bank OakNorth Reveals More on Carbon Footprint,1
UK Budget Outlook: Options for Fuel Duty and Public Sector,1
"UK Budget Risks Slowing the Energy Transition, Green Groups Say",1
UK Business,1
UK Business Energy Supplier Npower,1
UK Business Groups Warn of ',1
UK Business and Energy,3
UK Climate Adviser's,1
UK Climate Progress Runs Off Track as Target Dates Draw,1
UK Climate Retreat Risks Killing Ambition,1
UK Company,1
UK Competition,1
UK Continental Shelf,1
UK Creates &#xA3;205 Million Budget to Fund Renewable Energy Projects,1
UK Cyber-Crime Agencies Investigating Incident,1
UK Defence,1
UK E&P Limited,1
UK East Anglia 3,1
UK Economy Expected to Grow,1
UK Electricity Bills,1
UK Energy,9
UK Energy Aid to Come,1
UK Energy Bill Bailout for Businesses,1
UK Energy Bill Support Contributing to Labor Shortages,1
UK Energy Bills,8
UK Energy Bills Set to Drop as Easing Gas Costs Finally Register,1
UK Energy Bills:,1
UK Energy Bills: Power Plants Barred From Charging Extreme Prices,1
UK Energy Companies Push Back on Government Intervention in Sector,1
UK Energy Cost: Fuller's Pub Chain,1
UK Energy Crisis,4
UK Energy Crisis Risks Squeezing Households,1
UK Energy Crisis: Households Take Extreme Measures to Cut Back,1
UK Energy Crisis: Supplier Ovo Calls,1
UK Energy Debt Jumps,1
UK Energy Efficiency Policy At Risk in,1
UK Energy Explorer Waldorf,1
UK Energy Firms Meet Shapps,1
UK Energy Firms Oppose Plans for Cheaper Deals for,1
UK Energy Giant's,1
UK Energy Price Guarantee,1
UK Energy Prices Pushed to Negative,1
UK Energy Prices to,1
UK Energy Prices:,1
UK Energy Regulator,1
UK Energy Relief Plan,1
UK Energy Security,1
UK Energy Statistics,1
UK Energy Supplier,1
UK Energy Supplier Ovo Expects Homes to Delay Winter Heating,1
UK Energy Suppliers,3
UK Energy Suppliers Face Soaring ',1
UK Energy Suppliers to Repay Customers After Overcharging,1
UK Energy Suppliers: Stop Forcing Prepayment Meters,1
UK Energy Tariffs Set to Fall,1
UK Energy Trading WhatsApp Breach,1
UK Energy Users Could Save &#xA3;26 Billion on Renewables Profit Cap,1
UK Energy Watchdog Calls for Urgent Action on Social Tariff,1
UK Energy and Power,1
UK Firms See Energy Costs Doubling When Government Support,1
UK Fiscal Review,1
UK Food Prices Replace Energy,1
UK Fuel Duty Cut,1
UK Government,1
UK Government &#xA3;260 Million,1
UK Government Energy Subsidies to Reduce Inflation,1
UK Government Scraps,1
UK Green Energy Sector,1
UK Grid Issues Energy Supply,1
UK Home Buyers Seek Energy-Efficient Properties,1
UK Home Energy Supply Business,1
UK Household Energy Bills,1
UK Hydrogen Funding Model,1
UK Infrastructure Bank to Invest &#xA3;200 Million,1
UK Interest Rate Hikes,1
UK Interest Rates,1
UK Labels Nuclear Power,1
UK Launches &#xA3;1 Billion Energy Upgrade,1
UK Military to Support Ukraine,1
UK Octopus Energy Set to Buy Power Supplier Bulb,1
UK Offers,1
UK Offshore,1
"UK Offshore Energy Industry Risks 95,000 Jobs",1
UK Offshore Sites,1
UK Offshore Wind Business,1
UK Oil Drilling Boost Energy Security,1
UK Opens &#xA3;40 Billion Emergency Program for Strained Energy Firms,1
UK Opposition to Push Government,1
UK Parties' Climate Positions Are Telling for What's Left Out,1
UK Petrol,1
UK Petrol Prices: Signs Sellers Are Overcharging for Fuel,1
UK Pledges &#xA3;350 Million,1
UK Real Estate,1
UK Regulator Warns Power Grid Red Tape Puts Climate Goals Out of Reach,1
UK Retail,1
UK Review,1
UK Sanctions,1
UK Sanctions Against Russian Assets Bolstered,1
UK Sanctions China Individuals Over Hacks to Vote Watchdog,1
UK Sanctions Dubai-Based Paramount Energy,1
UK Sanctions Gold Trader,1
UK Sanctions Target Russia Metals,1
UK Sanctions on,1
UK Set to Cut Business Energy Support,1
"UK Set to Halve Energy Support for Businesses,",1
UK Shell,1
UK Space Mission,1
UK Starts Campaign,1
UK Steel,1
UK Steel Industry,1
UK Subsidy for Energy Bills,1
UK Treasury Signals Plans to,1
UK Treasury's,1
UK Water Bills,1
UK Wind Project Axed,1
UK Wind-Energy Capacity,1
UK Winter Energy Crisis,1
UKAEA,3
UKCS,1
UKSIF,1
UKannouncedon,1
UKgives,1
UKsaidon,1
UKsignedon,1
ULSD,1
UMLMA,2
UMMC,1
UN,256
UN - Agricultural Commodities,1
UN Aims,1
UN Climate Change,4
UN Climate Summit,1
UN Climate Summit Makes Life,1
UN Climate Talks,1
UN General Assembly,6
UN Halts Flow,1
UN Scales Back South Sudan Aid as Government Blocks Fuel Imports,1
UN Security Council,11
UN Security Council Meeting,1
UN Telecom Agency,1
UN Women,1
UN)warn,1
UNECA,1
UNEP,7
UNEP FI,1
UNEP s Emissions Gap Report,1
UNESCO World Heritage,1
UNFCCC,2
UNGA,2
UNICEF,1
UNIFIL,1
UNIPEC,1
UNIST,3
UNOC,2
UNRWA,1
UNhas,2
UNsaidearlier,1
UNsays,1
UOC,1
US Aid,3
US Aid for Ukraine,1
US Airlines,1
US Amid Energy Crunch,1
US Backs,1
US Backs Poland Gas Hedging,1
US Backs Poland's,1
US Betting on Energy Shift,1
US Big Tech Intel,1
US Bond Market,1
US Bond Yields,1
US Buys 2.8 Million Barrels,1
US Cancels Latest Oil Reserve,1
US Carmakers',1
US Chamber,1
US Chip Sanctions,1
US Clean Energy,1
US Clean Energy Project,1
US Climate Emissions Rose,1
US Climate Initiatives Most Vulnerable,1
US Climate Law Offers Major Boost,1
US Climate Resilience Plans Need,1
US Climate Tech,1
US Climate Tech Spending Surges,1
US Climate-Subsidy Conflict,1
US Coast Guard,1
US Court,1
US Crude,2
US Crude Oil Output Hits Record High With More Gains,1
US Debt Ceiling,2
US Debt-Deal,1
US Defense Supply Chain Problem,1
US Department of Transportation,1
US East Coast Ports,1
US Efforts,1
US Electric Car,1
US Energy,7
US Energy Department,3
US Energy Dept,1
US Energy Exports,1
US Energy Industry,1
US Energy Information Administration Oil,1
US Energy Infrastructure,1
US Energy Policy Hindering Oil Production,1
US Energy Regulator Opens,1
US Energy Sector,1
US Energy Storage Monitorreport,1
US Escalates Sanctions,1
US FDA,1
US Factory Jobs Floated,1
US Federal Reserve,1
US Forests Are Failing to Keep Up With Climate Change,1
US Fuel-Economy Fines,1
US Gas Prices Could Rise as Crude Oil Nears,1
US Gas Stove Energy Consumption Is a Fraction of Total Fuel Usage,1
US Grain Prices Rise,1
US Grains Council,1
US Green Energy Budgets,1
US Green Energy Firms to Visit UAE,1
US Green-Energy Package,1
US Gulf Coast Driftwood LNG,1
US Heating Cost,1
US Home Insurance ',1
US Home Insurance Priced Too Low for Climate Risks: Swiss Re Chair,1
US House,6
US House Committee,1
US House Panel of Preventing Action on Climate Change,1
US Intelligence Officials See China,1
US International Development Finance Corporation,1
US LNG,3
US LNG Exports,1
US Moves to Accelerate Fusion Energy,1
US Natural Gas Exports,1
US Nuclear Energy Revival,1
US Offers Nuclear-Test Inspections,1
US Offshore Wind Farms,1
US Oil & Gas,1
US Oil Fund ETF,1
US Oil Output Seen Leading Non-OPEC Growth,1
US Oil Production,1
US Oil Suppliers Muscling Into OPEC+ Markets All,1
US Options,1
US Petroleum Exports,1
US Readies Sanctions,1
US Renewable Energy Business,1
US Renewable Power Set to Get More Than 20%,1
US Renews Audit Inspection of China Firms Listed,1
US Reserve Crude,1
US Reserve Release Cuts,1
US Retail Sales,2
US Retail Sales Decline,1
US Sanction Pressures,1
US Sanctions,1
US Sanctions Chinese Companies Supplying Iranian Maker of Drones Sold,1
US Sanctions Chinese Firms Over Machines,1
US Sanctions Firms,2
US Sanctions Funding for Houthis as Red Sea,1
US Sanctions Iran Defense Attache,1
US Sanctions Iran Foundation Used to Fund Protest,1
US Sanctions Iranian Indicted in Plot,1
US Sanctions Israeli Extremist Group Tzav,1
US Sanctions Liberian Finance,1
US Sanctions Myanmar Defense Ministry,1
US Sanctions Oil Tanker Lady,1
US Sanctions Russian Metals,1
US Sanctions Two More UAE Shippers for Violating Price Cap,1
US Sanctions UAE-Based Companies in Push to,1
US Sanctions of Companies Will Impact Supply Chain,1
US Senate,1
US Sets $500 Million,1
US State Department,1
US Steel,1
US Steel Sees Demand Drop,1
US Stock Volatility Resurfaces With Tensions,1
US Stops Funding,1
US Strategic Energy Partnership,1
US Supports Climate Reparations Talks,1
US Supreme Court,1
US Tanks,1
US Technology Flow,1
US Treasury,8
US Treasury Advertises,1
US Treasury Department,1
US Treasury Targets Chinese Company,1
US Treasury's,1
US Unveils New Russia Sanctions After Navalny's Death,1
US Weighs Energy Sanctions on Myanmar,1
US World Bank,1
USA Today,3
USCF,2
USD,2
USDA,2
USEER,1
USGS,2
USMCA,6
USO,17
USO ETFreallydo,1
USO Oil ETF,1
USOseeks,2
USTR,1
USV,1
USW,2
USW District,1
USwitch,1
UTMB,1
Uaru,2
Uaru-2,2
Ueda Transition,1
Uganda National Oil Company,2
Uganda National Oil Company Limited,1
Uganda Sees Climate Finance Needs,1
Uganda s Energy,1
Uganda s Energy Ministry Permanent,1
Ugandahad,2
Uighurs,3
Ukraine - RIA,1
Ukraine -State Dept,1
Ukraine -The Times,1
Ukraine Advances,1
Ukraine After Gaining US,1
Ukraine Aid,19
Ukraine Aid Deal See Progress on Border Policy,1
Ukraine Aid Package,4
Ukraine Aid Package Set,1
Ukraine Aid With &#x20AC;18,1
Ukraine Aid in Spending,1
Ukraine Aid or Risk Bigger War,1
Ukraine Air Defense,2
Ukraine Air Defense Missile,1
Ukraine Air Defense Package,1
Ukraine Air-Defense Package Worth &#x20AC;1 Billion,1
Ukraine Army,1
Ukraine Atomic Lab,1
Ukraine Back-Channel Diplomacy Suit,1
Ukraine Black Sea Trade Defies,1
Ukraine Cease-Fire,2
Ukraine Cease-Fire Despite US Objection,1
Ukraine Central Bank,2
Ukraine Cities Are 'War Crimes',1
Ukraine Concerns Add,1
Ukraine Constitutional Court,1
Ukraine Corners International Monitors,1
Ukraine Crisis,1
Ukraine Crop Corridor Almost Empty,1
"Ukraine Crop Import Ban, Heightening National",1
Ukraine Crop-Export Inspection Pace Soars,1
Ukraine Cuts Key Interest Rate,1
Ukraine Discussing Transit of Azeri Gas,1
Ukraine Economy Expands Again as War,1
Ukraine Energy Firm Plans,1
Ukraine Escalation Are Already Clear,1
Ukraine Exchange,1
Ukraine Exchange Large-Scale Drone,1
Ukraine Eyeing Its Storage Sites,1
Ukraine Finalize Pact Aimed at Boosting Bilateral Trade,1
Ukraine Forces Flag Gains,1
Ukraine Funding Worries Mount,1
Ukraine Gains,1
Ukraine Gas Transit,1
Ukraine Grain,3
Ukraine Grain Ban Extension,1
Ukraine Grain Deal Collapses,1
Ukraine Grain Deal Extension,1
Ukraine Grain Deal Stokes Food Inflation,1
Ukraine Grain Deal Talks Set,1
Ukraine Grain Deal and Risk of Food Shortages,1
Ukraine Grain Exports,1
Ukraine Grain Flows,1
Ukraine Grain Imports Banned,1
Ukraine Grain Transit,1
Ukraine Grains,1
Ukraine Grains With,1
Ukraine Green Rebuilding Focuses,1
Ukraine Halts Danube Checkpoint With Romania,1
Ukraine Hits Arms Sites,1
Ukraine Impact on Economy,1
Ukraine Infrastructure,1
Ukraine Invasion,2
Ukraine Invasion 'Test for the Ages',1
Ukraine Investment,2
Ukraine Joining NATO,1
Ukraine Latest News,94
Ukraine Latest News Updates,4
Ukraine Loan Review,1
Ukraine Membership Negotiations,1
Ukraine NATO,1
Ukraine NATO Membership,1
Ukraine Natural Gas Link,1
Ukraine New Air Defense Package,1
Ukraine News,8
Ukraine Ports,1
Ukraine Power Grid Holds,1
Ukraine Races to,1
Ukraine Recovery Fund,1
Ukraine Retakes More of South,1
Ukraine Revelations,1
Ukraine Stoke Inflation Risks,1
Ukraine Supply,1
Ukraine Swap War Prisoners,1
Ukraine Tariff-Free Trade Extension,1
Ukraine Terror Bombing Campaign,1
Ukraine Threatens Unity,1
Ukraine Touts International Tribunal,1
Ukraine Unfreezes Hryvnia Exchange Rate,1
Ukraine Using Frozen Russia,1
Ukraine War,1
Ukraine War Accounting,1
Ukraine War Aid Faces New Hurdle,1
Ukraine War Crimes,1
Ukraine War Hawks,1
Ukraine War Propaganda,1
Ukraine Work on Plan to Pave Way for Billions,1
Ukraine s Energy Research Center,1
Ukraine s Gas Transmission System Operator,1
Ukraine s Ministry of Economy,1
Ukraine s Ministry of Foreign Affairs,1
"Ukraine, Commission",1
Ukraine-Driven Defense,1
Ukrainecontinuedlast,1
Ukraineon Wednesdayhalting,1
Ukrainereached,1
Ukrainesaidon,1
Ukrainian Army,1
Ukrainian Fides Ship Management LLC,1
Ukrainian Naftogaz,1
Ukrgasbank,1
Ukrhydroenerho,1
Ulba-TVS LLP,1
Ulsan Institute of Science and Technology,1
Ulsan National Institute of Science and Technology,1
Ultium,3
Ultium Cells LLC,1
Umeme,1
Umicore,1
Unblock Ukraine Aid,1
Unclaimed Arctic Gas Carriers Threaten Russia's,1
Underground Climate Change Threatens Buildings and Transit Systems,1
Undersea Fiber-Optic Cables Need Stronger,1
UniCredit,4
Unilever,8
Unilever Sets New Climate Goals Despite Growing ESG,1
Unioil Petroleum Philippines,1
Union,3
Union Energy,1
Union Pacific,1
Union Power,1
Unions Say,1
Unipec,20
"Unipec America, Inc",1
Uniper,92
Uniper s,1
Unipersuffereda,1
Uniqlo,1
Unite,1
Unite BRICS on Climate Initiatives,1
Unite Union,1
United,29
United Against Nuclear Iran,2
United Airlines,9
United Airlineslauncheda,1
United Arab Emirates,2
United Downs,1
United Energy Pakistan Limited,1
United Kingdom Atomic Energy Authority,1
United Nations,10
United Nations Climate Change Conference,1
United Nations Climate Change Group Working to Define Carbon Markets,1
United Nations General Assembly,1
United Nations Interim Force,1
United Nations: Climate Adaptation Gap Bigger,1
United Petroleum,1
United Refining Company,1
United Russia political party,1
United States,1
United States Oil ETF,3
United States Trade,2
United Statesbanned,1
United Statesby,2
United Statesrequestedon,1
United Statesto,1
United Stateswas,1
United Steelworkers,3
UnitedStates,1
Unity Gold,2
Unity Over Russia at Risk From Political Limbo,1
Univers,1
Universal Coal,1
Universal Hydrogen,1
Universal Music Group's,1
University College London,1
University of California at,1
University of Houston Energy Transition Institute,1
University of Texas,1
Unoc,1
Unprecedented US Exports Are Weighing on Global Crude Oil Market,1
Unproven Tech to,1
Untamed Global Warming Risks Soaring Death Toll,1
Unveil Chips-Spending,1
Unveil Climate Investment Plan,1
Unveil Deeper Oil Supply Cuts,1
Unveil Energy Intervention,1
Unveil Visa,1
Upper Texas,1
Upper Zakum,14
Upstream Petroleum Resources Development Bill,1
Upstream Policy,1
Upstream and Marketing,1
Upstream s Norway Correspondent,1
"Upstream, Thermal",1
Upstreamquoted Gazprom,1
Upwing Energy,1
Ural,2
Ural Federal University,1
Urals,100
Uranium Energy,4
Uranium Energy Corp,1
Urdaneta Oeste,1
Urenco,3
Urge Consumers to Cut Energy,1
Urges Security Council Reform,1
Urgewald,3
"Urgewald, Reclaim Finance",1
Ursa,5
Urso,2
Uruguay Eyes Its Debut ESG-Linked Bond,1
Uruguay Seeks Trade,1
Using Climate Change,1
Usmanov,3
Ust-Kamenogorsk,1
Ust-Luga,1
Uswitch,1
Uswitch.com,2
Uticaplays,1
Utilita,1
Utilities,8
Utility Dive,1
Utility Point,1
Uzbekistan - Energy & Oil,1
VAT,2
VC Fund,1
VCI,2
VCS,1
VDMA Power Systems,1
VEB,2
VEGOILS Palm,2
VEGOILS-Palm,2
VGO,4
VGO virgin,1
VK Social Network,1
VLO,18
VLSFO,5
VP,17
VSB Group,1
VTB,8
VTB Bank Opens,1
VTB Capital,1
VTB bank,1
VTOL,4
VTTI,1
VW,15
Vaca Muerta,5
Vaca Muerta - Energy & Oil,1
Vaca Muerta s,1
Vairo Energy,1
Valantis Markogiannakis,1
Valentyn Reznichenko,1
Valero,21
Valero Energy,33
Valero Energy Corp,2
Valero Energy Corp.,1
Valero Energy Corporation,3
Valero Marketing and Supply Company,3
Valley News Live,1
Vanguard,6
Vanguard of Climate Negotiations,1
Vanguard s Energy,1
Vanuatu Turn to,1
Vaping,1
Vaquero Global Investment LP,1
Var Energi,1
Varandey,6
Varga,1
Varo,1
Varo Energy,2
Vattenfall,1
Vauxhall,1
Vedanta,2
Vedanta Resources,1
Vedomosti,1
Vena Energy,1
Vencer Energy,1
Venezuel,1
Venezuela - Agricultural Commodities,2
Venezuela - Energy & Oil,3
"Venezuela Factions Set to Restart Talks, Eyeing Sanctions Relief",1
Venezuela Hikes Diesel Prices After Cutting Fuel Subsidy,1
Venezuela Opposition Can't Access Millions Frozen,1
Venezuela Sanctions Relief Lures Swedish Firm to,1
Venezuela Seizes Stake,1
Venezuela VP,1
Venezuela s Oil Ministry,1
Venezuela supreme court,1
Venezuelaafter the Maduro,1
Venezuelaclaimsit,1
Venezuelahave,1
Venezuelahave surgedthis year,1
Venezuelamanagedto,1
"Venezuelan Crude Oil Output, Exports",1
Venezuelan Government,1
Venezuelan Oil Ministry,1
Venture,1
Venture Capital Focuses on Climate Change With New Net-Zero Alliance,1
Venture Capital Funding for Climate Tech Dips,1
Venture Firm Congruent Ventures,1
Venture Global,33
Venture Global Buys LNG Shipping Fleet,1
Venture Global LNG,4
Venture Global LNGsignedan,2
Venture Global s,10
Venture Globalplansto,1
Veon,1
Verein KlimaSeniorinnen Schweiz,1
Verheijen,2
Vermont Public Interest Research Groupsaidin,1
Vertex Energy,1
Very Large Crude Carriers,2
Vessels,1
Vestas,5
Veteran Climate,1
Via AG Metal,1
Via UAE,1
ViaMetal Miner,2
ViaMetal Miner Multinational,1
Viaro Energy,6
Vibra,2
Victorian Civil,1
Viesgo,1
Vietnam - Energy & Oil,1
Vietnam Detains Energy Expert,1
Vietnam Interests ',1
Vietnam National Petroleum Group,1
VinFast,1
VinaCapital,1
Vinci,2
Vine Energy,2
Vineyard Wind,1
Virchow Biotech,1
Virgin Galactic,1
Virginia s Air Board,1
Visco,1
Vision,2
Vision 2030,6
Vision Super,4
Vision of Millions of Well-Paying Clean Energy Jobs,1
Vista Energy,3
Vista Equity,1
Vista Oil & Gas,1
Vistra Energy,1
Vital Energy,4
Vital Oil Chokepoint Gets,1
Vitol,42
Vitol Builds Fuel Station Network,1
Vitol Group,11
Vitol Group s,4
Vitol Hire Siebers,1
Vitol Inc,1
Vitol andTrafigurareaped,1
Vitol group,1
Vitol s,4
Vitol s Serio,1
Vitol s banner years,1
"Vitol, Hess Corporation",2
Vitolreportedits,1
Viva Energy,10
Vivaldi,1
Vivint Solar,1
Vivo Energy,2
Vkusno &,1
Vodafone,2
Voice,1
Voice Vote Date,1
Volksawgen,1
Volkswagen,37
Volkswagen AG,3
Volkswagen Assets,1
Volodymyr Zelenskiy,1
Volodymyr Zelenskiy's,1
Voltswagen,2
"Volutary Oil Supply Cuts Enough to Balance the Market, UAE",1
Volvo,5
Volvo Cars,1
Volyn,1
Vopak,1
Vortexa,60
Vortexa Ltd.,1
Vortexa s Maroo,2
Vortexa s Rathod,1
Vortexacitedby the Financial Times,2
Vortexasaid,1
Vortexasays,1
Vostok Oil,3
Votorantim and Canada Pension Plan,1
Vow Ukraine Support,1
Vulcan Energy,4
Vulcan Energy Resources,1
W&T Energy VI,1
W. Africa Crude Angolan,1
W. Africa Crude Nigerian,1
W. Africa Crude Sonangol,1
W. Africa Crude Traders,1
W. Africa Crude-Angolan,4
W. Africa Crude-Nigeria,3
W. Africa Crude-Nigerian,4
WAM,2
WAMreported,1
WB,2
WBMS,1
WCS,5
WDR,1
WDS,1
WEC Energy,1
WEF,1
WEF Award,1
WGC,2
WHO,3
WHO Foundation,1
WIPG,2
WMB,1
WMO,1
WMT,1
WNBA,3
WNISR,3
WPX Energy,3
WSJ,47
WSJcited,1
WSJreportthat,1
WSPA,1
WTI Crude,1
WTI-Brent,1
WTIfell,1
WTO,19
WTO Posts Ukraine Trade Dispute Case Versus,1
Wadajir Party,1
Wafa,1
Wagner,24
Wagner Cooperation,1
Wagner Group,6
Wagner Group ',1
Wagner Group Conflict Deescalating,1
Wagner Group Days,1
Wagner Group Revolt Impact Still Unknown,1
Wagner Group Sending Weapons,1
Wagner Group a Pariah,1
Wagner Group's,1
Wagner a Criminal Group in Effort to,1
Waha Gas Storage,1
Waha Oil,1
Waha Oil Company,1
Waits For Climate Finance,1
Waldorf Production UK Limited,1
Wall St Week Ahead Energy,1
Wall St Week Ahead Investors,1
Wall Street Banks Funding Fossil-Fuel Expansion,1
Wall Street Bets Against Green Stocks,1
Wall Street Climate Tactic Called 'Engagement',1
Wall Street Faces Calls From Investors to,1
Wall Street Journal,13
Walmart,9
Walsh,1
Wang,4
Wang Discuss Rising Tensions Over,1
Wanis International Foods,1
Wants Ukraine Grain Export Deal Extended Again,1
Wants to Save Combustion Car Engines in,1
War Cabinet,1
War Crimes,1
War Disrupts Industries',1
War Economy,1
War Is Pushing Global 'Speed-Up' of,1
War Still Rages,1
War and Debt Restructuring,1
War on Ukraine Energy System,1
Warns of New Nuclear Threats,1
Warren Buffet,2
Warri South Local Government Area of Delta,1
Warsame,1
Wartime Alliance at Risk,1
"Wartime Economy, Energy Crisis",1
Washington Heat Pump Program,1
Washington Post,5
Washington State University,1
Washington of Michigan's,1
WashingtonallowedEni,1
Wataniba,1
Watch Airbus,1
Watch Belgian Energy,1
Watch Chevron,1
Watch China's,1
Watch Climate,2
Watch Climate Change Drying Up China,1
Watch Climate Change Financing Is Important,1
Watch Crystol Energy's,1
Watch Demex Group's,1
Watch Energy Aspects's Sen,1
Watch Europe's,2
Watch Germany Turns,1
Watch Green Energy,2
Watch Green Energy Transition: A Pathway,1
Watch Green Energy Transition: Investments,1
Watch IFC's,1
Watch IMF's,1
Watch Kuwait Petroleum,1
Watch Microsoft,1
Watch Mini Refineries Lead Nigeria's,1
Watch NATO,1
Watch Oil,1
Watch Oil Having Massive,1
Watch Oil Steadies After Wild Ride,1
"Watch Planning Bottlenecks Slow Energy Transition, Equinor",1
Watch Russia's,1
Watch Shell,1
Watch UK Cuts Energy Aid Packages for Business,1
Watch Ukraine's,1
Watch Ukraine's Economy Could Contract,1
Watch Veolia,1
Watch Wall Street's,1
Watch Why Strong Dollar,1
Watch World on ',1
Watching Impact of Climate Change,1
Wavemaker Raising Debut Fund Targeting Climate Tech,1
Waymo,1
Ways to Counter the New US Climate Law,1
Ways to Retrofit Buildings for Energy Efficiency,1
Weak Data and Energy,1
Wealth Club,1
Wealth Fund,1
Weaponizing Europe's,1
Weapons Bolster Russia's,1
Weather and Climate Agency,1
Web Summit Lisbon,1
Wedbush Securities,1
WednesdayBrent Crudeprices,1
Wednesdaypledgedtheir,1
Wednesdaypress,2
Wednesdaysaidthey,1
Weekly,1
Weekly Natural Gas Storage Report,1
Weekly Petroleum Status,1
Weekly Petroleum Status Report,1
Weekly Surge,1
Weibo,1
Weigh Hong Kong,1
Weigh Rare IPO of,1
Weigh Sale of &#x20AC;2 Billion Energy Storage Business,1
Weigh Sale of &#xA3;1.2 Billion Phoenix Energy,1
Weight of Soaring Energy,1
Weil,1
Wells Fargo,24
Wells Fargo Securities,1
Wells Fargo s,1
Wendy,1
West - Agricultural Commodities,1
West Bank Tensions Flare as Arrests,1
West Coast Ports See Extended Disruption,1
West Texas,2
West Texas Intermediate,30
West Texas Intermediatewas,1
West Virginian,1
West-2,2
Westappear,1
Westcoast Pipeline,1
Western Banks,1
Western Canada Select,1
Western Companies,1
Western Midstream,1
Western Midstream Partners,2
Western Trade,1
Western oilfield services giants,1
Western-Supplied Arms,1
Westinghouse,10
Westinghouse Electric,1
Westinghouse Electric Company,1
Westlawn Americas Offshore,1
Westmount Energy,1
Westpac,1
Westpac Banking Corp.,1
Westridge Marine Terminal,3
Westwood Global Energy Group,2
Westwood Global Energy Groupsaidin,1
Wetstone,1
What NATO Article 4 and 5 Mean for the Russia-Ukraine Conflict,1
WhatsApp,3
Wheat Soars,1
Wheat Steady,1
Wheaton,1
Wheatstone,15
Wheatstone LNG,3
Where Climate Tech Meets Global Venture Capital,1
Where European Energy Infrastructure,1
WhileBloomberg,1
Whistle-Blower,1
Whistler,1
White & Case LLP,1
White Bear First Nations,1
White House,115
White House Assembles Climate Advisers,1
White House Backs Nuclear Subsidies That Split Climate,1
White House Climate,2
White House Coordinator,1
White House National,1
White House National Security Council,1
White House Wants Nuclear in Clean Energy Mandate,1
White Paper Putting Energy to Work,2
White Stallion Energy,2
White Stallion Energy's,1
WhiteWater,1
WhiteWater/I Squared Capital,1
Whitecap,1
Whitehaven Coal Q2,1
Whiting,13
Whiting Petroleum,1
Whiting Petroleum Corporation,1
Whiting Petroleumfiledearlier,1
Why Energy Bills,1
"Why Food, Energy",1
Why Power Prices Go Negative: Wind,1
Why Underground Climate Change,1
Widening Crude Discount,1
Widodo,2
Wikipedia,1
WildEarth Guardians,1
WildFire Energy,3
Wilderhill Clean Energy,1
Wilforce,1
Wilforce LNG,1
Wilhelmshaven LNG,2
WilkinsontoldReuters,1
Williams Cos.,1
Willow,7
Willow Oil Drilling Project,1
Willow Oil Project Despite Climate Peril,1
Willow Project,1
Wilmer Ruperti,1
Wilton,1
Wilton International,1
Win Funding for Clean Energy Projects,1
Win for,1
Win for Climate Justice,1
Wind Energy,1
Wind Energy Areas,2
Wind Farms Need,1
Wind Power,1
Wind Power Crisis Is Threat to,1
Wind Power Firms Are Struggling Even as,1
Wind Power's ',1
WindEnergy Network,1
WindEurope,4
Windfall Tax Levy,1
Windfall Tax on Energy Firms' Excess,1
Windward,1
Wine Industry Faces Climate Tipping Point,1
Wing,1
Winter Blackouts Loom,1
Winter Climate Disasters,1
Winter Energy,1
Winter Energy Chaos,1
Winter Energy Crisis,2
Winter Energy Crisis Looms,1
Winter Energy Crunch,2
Winter Looms,1
Winter Olympics Host Cities,1
Winter Resilience,1
Winter Temperatures Rise,1
Winter Threatens Fresh Health Crisis,1
Winter Triples,1
Winter of Discontent Looms,1
Wintershall Dea,1
Wintershall-Dea,1
Wirsol Energy,1
WirtschaftsWoche,1
WisdomTree,1
With Success on Climate Justice,1
Wohlfahrt-Mehrens,1
Woll,1
Women Board,1
Women s World Cup 2027,1
Wood,3
Wood Mac,5
Wood Mackenzie,42
Wood Mackenzie and Energy Aspects,1
Wood Mackenzie s,1
Wood Mackenzie s Energy Transition Practice,1
Wood Mackenzie s Energy Transition Research,1
Wood Mackenzieforecastthat,1
Wood Mackenziehas,3
Wood Mackenziesaidon,3
Wood Mackenziesaidthis week,1
Wood Mackenzieshowedthat,1
WoodMac,14
WoodMac s,1
Woodfibre LNG,2
Woodfibre LNG's,1
Woods,2
Woodside,36
Woodside Energy,25
Woodside Energy Group,2
Woodside Energy Trading,1
Woodside Energysaidon,1
Woodside Petroleum,16
Woodside Petroleum - Agricultural Commodities,1
Woodside Petroleum - Energy & Oil,1
Woodside Says Climate Activists,1
Woodsideended,1
Work With,1
Work With NATO Allies on Aid,1
Work on Climate Change,1
Workers Are Trapped In A,1
Workforce,1
Workhorse,1
Working Capital Loans,1
Working Through Process With Lenders On,1
Working with Wing,1
"Working, Study Signals",1
World,13
World Athletics,1
World Bank,39
World Bank Global,1
World Bank Lifts South Africa,1
World Bank Off Its Climate Targets,1
World Bank Seeks,1
World Bank Shift to Climate Change,1
World Bank Warns,1
World Bank for Clean Energy Reform,1
World Bank to Cut Fuel Subsidy,1
World Bank's,5
World Court,6
World Court ',1
World Efforts,1
World Energy,1
World Energy Employment Report,1
World Energy Employmentreportfound,1
World Energy Investment,2
World Energy Investment 2020report,1
World Energy Investment 2024reportlast,1
World Energy Investmentreportpublished,1
World Energy Outlook,5
World Energy Outlooks,1
World Falls Short,1
World Food Program,1
World Lacks Enough LNG for,1
World Nuclear News,1
World Oil,1
World Oil Markets Fray,1
World Petroleum Congress,2
World Petroleum Congress Oil Event,1
World Reels,1
World Resources Institute,2
World's,8
World's Largest Battery Energy Storage Site Gets Planning Permit,1
World's Largest Energy Retailer Set,1
World's Poor Nations Need,1
World's Renewable Energy Target,1
"World's Rich, Poor Nations",1
World's Richest Families Fuel Race for,1
Worldcoin,1
Worldscale 70,1
Worsens Energy Crisis,1
Worst Texas Wildfire,1
WrighttoldBloomberg,1
Wrongful Access of Grid,1
Wulff,1
Wyloo Metals,1
Wynnewood,1
X. Canada,1
X. MT Bentley,1
XCL Resources,1
XL,1
XLE,4
XM,1
XOM,29
XPENG,1
XRG,13
XRG s Low Carbon Energies,1
XTC New Energy,1
XTO Energy,2
XTO Energy Canada,1
Xcel Energy,9
Xcel Energy Pole at Center of Texas Fire Suit Was Marked,1
Xcel Energy Power Cuts,1
Xcoal Energy & Resources,1
Xcoal Energy & Resources LLC,1
Xi Backs East African Crude Export Pipeline,1
Xi Disappoints,1
Xi Lauds Trade Boom,1
Xi Planning,1
Xi-Zelenskiy,1
Xiamen University,3
Xinhua,10
Xinhua Net,2
Xinhua news agency,1
Xinhuareportedon,1
Xinhuareports,1
Xinjiang Goldwind Science & Technology Co.,1
Xinjiang Production and Construction Corps,2
Xpost,1
Y,1
Y-Charts,1
Y-Charts Crude,1
Y/Y,3
Y/Y. Once,1
YASNO,1
YOY,1
YPF,7
"YPF, Raizen",1
YPFB,1
Yahoo,1
Yahoo Finance,5
Yahoo Finance Live,1
Yakutskenergo,1
Yale,1
Yamaha,1
Yamal,24
Yamal LNG,2
Yamal-Europe,4
Yancoal,1
Yandex,11
Yannis P,1
Yara,1
Year of Resistance,1
Year of War,1
Yellen,3
Yellen Pledges Ukraine Aid Before G20 Summit,1
Yellow Cake,1
Yementoward USS Laboon,2
Yomiuri,2
Yonhap,2
Yorkshire Energy,1
Yotsuya Capital,1
You Can't Tackle Climate Change Without COP,1
YouGov,1
YouTube,1
YouTube's,1
YouTubevideo,1
Youchem General Trading FZE,1
Youtube,2
Yuan Loan Restraint,1
Yuan Sounds Inevitable,1
Yuan for Nuclear Plant,1
Yukos,3
Yulong,2
Z Energy,1
ZAR USD,1
ZAR/USD Rand Weakens,1
ZEV,1
ZEW,1
ZEZ,1
ZNPP,2
Zaccarelli,1
Zachry Holdings,1
Zakharova,2
Zama Unit Development Plan,1
Zambia Cuts Fuel Subsidies Ahead of,1
Zambia Inflation Quickens,1
Zamil Group Investment,1
Zanzibar Archipelago Seeks Energy Independence With Solar Plan,1
Zaporizhie NPP,1
Zaporizhstal,1
Zaporizhzhia - Ukraine's,1
Zaporizhzhia Nuclear Power Plant,1
Zara Shiphoding,3
Zarubezhneft,1
Zawia,1
Zawiya,8
Zelenskiy,96
Zelenskiy ',2
Zelenskiy Calls for Fast Path to EU,1
Zelenskiy Its New Charlemagne,1
Zelenskiy Makes Diplomatic Tour,1
Zelenskiy Plans Western European Tour,1
Zelenskiy Seeks Removal,1
Zelenskiy Urges Congress,1
Zelenskiy Urges NATO,1
Zelenskiy Visits,1
Zelenskiy to Arab League,1
Zelenskiy to Meet With Sunak,1
Zelenskiy-Biden,1
Zelenskiy: NATO,1
ZellkoBatt,1
Zenit,1
Zenith Energy,2
Zenon's,1
ZeroHedge,3
Zerohedge on X,1
Zhejiang Petrochemical,3
Zhejiang Petroleum,1
Zhejiang Petroleum & Chemical Co,2
Zhejiang Petroleum and Chemical Co. Ltd,2
Zhejiang Wonder Imp,1
Zhenhua Oil,1
Zijin Mining Group Co,1
Zillow,1
Zimbabwe Central Bank,1
Zimbabwe Electricity Tariff Hike Spurs,1
Zimbabwe Petrol,1
Zoa Energy Drink,1
Zodiac Maritime,1
Zog Energy,1
Zoisa North-Bond,1
Zueitina,1
Zurich Exits Insurance Climate Alliance Days,1
Zurich Insurance,3
Zurich Insurance Group,1
a Bloombergreportciting National Energy Administration,1
a Bureau of Land Managementpress,1
a Climate Change Food Shock:,1
a Climate Finance Action Fund (CFAF,1
a Council of National Energy,1
a Department of Energy,2
a European Climate Law,2
a European Gas Demand Reduction Plan,1
a European Industrial Alliance,1
a European Union,1
"a Fatigue Crack, TC Energy",1
a Financial Timesreport,1
a Foreign Terrorist Organization,1
a Green Industrial Revolutionunveiledlast month,1
a National Project of Strategic Importance,1
a Naval Petroleum Reserve,1
a Petroleum Economistreport,1
a Power of Siberia 2,1
a Red Flag for Region's,1
a Sanctions Guru,1
a Securities and Exchange Commissionregulatory,1
a U.S. Department of the Treasurypress,1
a Uganda Ministry of Energy and Mineral Development,1
a Wall Street Journalreportthat,1
a Year of Sanctions by Investing as Never,1
a$15 billion,2
a25% Energy Profits Levyon,1
a40,2
aBloomberg,5
aDeloitte,1
aJune,1
aNew York Timesreport,1
aPhase One,1
aReuters,15
aReutersanalysis,1
aTelegram post,1
aTeslain,1
aTreasury Department,1
aWall Street Journal,1
abyss - Energy & Oil,1
ac,1
accordingto climate NGO the Institute for Energy Economics and Financial Analysis,1
acold winter,1
adraft energy policyplan,1
adraft environmental reviewoutlining,1
advertising & PR,1
ag,2
againto,1
agenda - Energy & Oil,1
airlines - Energy & Oil,1
airlines - IATA,1
ajoint letterto,1
ajoint statementon,1
al Qaeda,1
al-Ghais,1
al-Kaabi,2
al-Mazrouei,1
al-Reesh,1
al-Shaheen,3
al-Sham,2
alsodelayedor,1
alsoinformedthe International Atomic Energy Agency,1
alsonamedas individuals,1
an Economic Petroleum Reserve,1
an Environmental Protection Agency,1
an International Energy Agency,1
an Oil Trade War,1
an Unusual Divergence Between Energy Stocks,1
anNBC News,1
andBrent,2
andBrent Crude,1
andBrent Crudeprices,1
andBrent Crudewas,1
andCenovus Energy,3
andChevron,2
andChina,1
andEquinorin,1
andRaytheon Technologies Corp.(NYSE:,1
andXinjiang GCL New Energy Material Co,1
andin tradingof,1
anenergy planthat,1
anew analysisby,1
anew article,1
anew planon,1
aninterviewwith news,1
announcedat,1
anti-LGBT,1
anti-LNG,1
anti-NATO,1
appeala federal court,1
aramco,1
arecord releaseof,2
areportin China Daily,1
areportin the Financial Times,1
around80 percentof,8
as$6.37,1
asGoldman Sachs,1
asShellandEquinor,1
asecond,1
asgasoline,1
asignificant pushtoward,1
askedthe High Court,1
asnap electionin,1
aspeechto Australian Business Economists,1
asquotas,1
asquotedby Energy Intelligence,1
asquotedby Oil & Gas Middle East,1
asquotedby news,1
asreforming international financial institutionsare,1
assoc,1
asurveyby infratest dimap,1
at10.5,2
attractEuropean clean energy and clean technology,1
avital partof,1
awaitsFed,1
bdp,2
beas,2
beendragging onin international courts,1
blockthe Biden Administration s,1
bne IntelliNews,1
bolster energy reserve capacity,1
bothBrentandWest Texas Intermediatelower,1
bp,2
buildtwo new,1
butBundesbank,1
butmassive investmentsin,1
buyEagle Ford,1
buyGermany s,1
buyHouston,1
"by$0.11 (+0.21%),at",1
"by$0.24 (-0.55%),at",1
by$1.22,1
"by$1.31 (+3.42%),at $",1
"by$1.34 (-2.40%),at",1
byABC News,1
byAnadolu Agency,2
byAnadolu Agencyfrom,1
byDaily Monitor,1
byJapan Times,1
byKuwait Times,1
byMarketWatch,3
byNatural Gas Intelligence,3
byThe Canadian Press,1
byThe Economic Times,1
byTurkey s Anadolu Agency,1
byYardeni Research,1
bylocal,1
calculationsand,2
capex - Energy & Oil,1
cardanol,1
carsas,1
catalyst technologies provider,1
citinga company,1
citingenergy,1
clashesin recent days,1
cleantech,1
coal & clean energy sources,1
coal - Energy & Oil,1
coalin power generation,1
coast - Energy & Oil,1
coast -environment ministry - Energy & Oil,1
coker,1
commerce ministry,1
commodity analytics provider,1
communities - Energy & Oil,1
companiespledgingto,1
companyCFEwhile,1
companyEnphase Energy Inc.,1
competitivegloball,1
confirmedyesterday,1
confirmingearlier,1
confirmnext,1
congress,3
consultancy Energy Aspects,1
continental,1
cooperatives,1
costin,1
court - Energy & Oil,1
covered73.4,1
covid-19,3
crisis - Energy & Oil,3
criticizingthe Biden Administration,1
cu,2
cu ft daily,1
curr,1
customs,2
customs - Agricultural Commodities,1
cut~350K bbl/day,1
datashowedIndia,1
de Cos,2
de France SA,1
"decline121,000",1
development bank,1
developmentof,1
didCanadian Natural Resources,2
dollar - Energy & Oil,1
downat,3
drillingon,1
duPont-Columbia,1
eBay,2
eToro,1
east - Energy & Oil,1
easyJet,2
ec,2
economie,1
economisttoldthe Wall Street Journal,1
electoral council - Energy & Oil,1
end-2020 - Energy & Oil,2
end-2025,1
energy analytics provider OilX,3
enviro justice expertise,1
euro - Energy & Oil,1
ex-Columbia Pipeline,1
ex-FBI,2
expor,3
fallon Monday,1
fed,7
fell$3.85,1
fields - Energy & Oil,1
figuresshowedon,1
financial analytics,1
financial news outletFin24on,1
first Chair,1
fleetwith electric,1
focus - Energy & Oil,1
foodsaccount,1
forBloombergif,1
forBrent Crude,1
forChina,1
forJune,1
forShell,1
forcedTC Energy,1
foreign ministry,1
foreign ministry - RIA,1
fromRAC Fuel Watch,1
ga,1
geohazard,1
gold - UAE,1
govt,2
govt council,1
green REIT,2
grey hydrogen,1
groupsaidon,1
havethree times,1
health ministry - Energy & Oil,1
healthcare,2
healthcare - Agricultural Commodities,1
heatwave - Energy & Oil,1
heexpectedRussia,1
herald greener,1
hisannouncementof,1
hospitals - Energy & Oil,1
https://t.co/hkEnFm0n7Npic.twitter.com,1
hydro switch - Energy & Oil,1
i3 Energy,2
iPhone,1
iPhone Business,1
iPhone Pro,1
iPhones,2
"includingBP,Total",1
interm,1
intl bank,1
invest &#x20AC;1 billion,1
ithas,1
its Ministry of Economy,1
itsElectricity Market Reporton,1
itsFebruary,1
itsGlobal Gas Report,1
itsMarch STEOlast week,1
itsShort-Term Energy,1
itsStrategy & Outlookthis week,1
itsWorld Energy Outlook,1
itsannual,1
itshighest daily,1
itsnew ballistic,1
kV,2
kW. Electricity,1
later Glencore Ltd. s,1
latestShort-Term Energy Outlook,1
launchedon,1
launchingCopenhagen Energy Islands(CEI,1
leavingcoal,1
lectricit de France S.A.,1
licensesauthorizing international majors,1
life sciences,1
lobbyingthe Biden Administration,1
lower power reserve,1
luster - Energy & Oil,1
malfuntion - Energy & Oil,1
mass protestsalso,1
meet - Agricultural Commodities,1
meet - Energy & Oil,1
metal - Energy & Oil,1
mid-2023,1
milder - Energy & Oil,1
min - Energy & Oil,1
minister - Energy & Oil,1
ministry - Energy & Oil,4
ministry for economic development,1
ministry s news,2
mont,1
more energy bankruptciesin,1
mount - Energy & Oil,1
muchhigher bindingrenewable,2
nat,1
national clean energy standard,1
naturalgas,1
naturalgas prices,1
nature Energy,1
navy,1
nearshoring,1
newguidancefrom the U.S. Treasury,1
no - Energy & Oil,1
non-EU,4
non-FTA,1
non-GAAP EPS,1
non-OECD,3
non-OPEC,40
non-OPEC Ministerial Meeting,4
non-OPEC Participating Countries,1
non?OPEC+,1
north - Energy & Oil,1
nowre-evaluatingeach,1
of$3.5,1
of$32.78,1
of$33.428,1
of11,2
"of200,000",2
of60,1
ofExxonandChevron,1
ofRapidan Energy Group,1
ofRussia,1
offVenezuelan,2
offfor,1
oilfield services,1
omicron,2
onthe Biden Administration,1
onthe U.S. Congress,1
ops - Energy & Oil,1
or95.65,1
outbreak - Energy & Oil,1
outletThe,1
palladium JV,1
palm export duty,1
palm oil futures exchange,1
partnerSAIC Motor Corp Ltd.,1
perAAA,1
perBloomberg,2
perReuterscalculations,1
perVisual Capitalistdata,1
pioneerChesapeake Energy Corp.,1
pipelin,1
plansto,3
plateau - Energy & Oil,1
politburo,1
por,1
positionedto,1
post-Brexit,2
post-IPO,1
power - Energy & Oil,7
power analytics at,1
power outages - Energy & Oil,1
pre-Covid,2
present(Dec-Feb,1
pri,2
pro-EV,1
pro-Russia,2
producerOvintiv Inc.,1
project - Energy & Oil,1
propects,1
quarter#OOTT#opec Oil,1
rain - Energy & Oil,1
rally - Energy & Oil,1
raw materials & logistics,1
rbls - Energy & Oil,1
redflag,1
refinerPBF Energy,1
refinerSK Energy,1
reformas,1
relation toa new,1
s Energy Outlook2020,2
s Power and Renewable Energy,1
sE-TAC,1
sMehrnews,1
sMonthly Oil Market Report,1
sPress,1
sRosneft,1
sShort-Term Energy,1
sTichys Einblick,1
sa,1
saidBP,1
saidhe,1
saidit,3
saidon the,1
saidthe Australian Conservation Foundation s,1
saidthe Guyana Oil and Gas Energy Chamber,1
sca,1
scaffolders crane,2
sec,1
securities - Energy & Oil,1
seeksto bolsterpolicies,1
seena,1
senate,4
signa,1
signa free trade,1
solidarity,2
some European Union,2
sreportby the Wall Street Journal,1
state,1
state news,1
state news agency,2
stockin state,1
stoke energy chaos,1
storm - Energy & Oil,1
stormedShell Plc's,1
supermajor,1
supermajorreportedtoday,1
supp,1
supply Zhejiang Provincial Energy Group,1
supplyto,2
supplyto international markets,2
supreme court,2
tender - Energy & Oil,2
"than662,000 acresin 16",1
thatOPEC,1
thatShell,1
the 4 billion Net Zero Teesside Power,1
the ADNOC Group,2
the APcitedthe International Renewable Energy Agency,1
the Abu Dhabi International Petroleum Exhibition Conference,1
the Abu Dhabi International Petroleum Exhibition and Conference,1
the Abu Dhabi National Oil Company,5
the Academy of China Open Economy Studies,1
the Adani Group,5
the Advanced Clean Energy Storage,2
the Africa Energy Bank,4
the Africa Energy Chamber,2
the Africa Energy Forum,1
the Africa Energy Week,2
the African Energy Chamber,14
the African Energy Chambersaidin,1
the African Export-Import Bank,1
the African Export-Import Bank (Afreximbank,1
the African Petroleum Producers Organization,2
the African Union,1
the Alameda County Health Department,1
the Alaska LNG Project,2
the Alaska Petroleum Reserve,2
the Alberta Department of Finance,1
the Alberta Energy Regulator,9
the Alberta Petroleum Marketing Commission,1
the Albright Stonebridge Group,1
the Algerian Ministry of Energy and Mines,1
the Allegheny Defense Project,1
the Alliance for Renewable Clean Hydrogen Energy Systems,1
the American Alliance for Solar Manufacturing Trade Committee,1
the American Chamber of Commerce,1
the American Chemical Society,1
the American Cities Climate Challenge Renewables Accelerator,1
the American Clean Power,1
the American Clean Power Associati,1
the American Clean Power Association,4
the American Club,1
the American Council on Renewable Energy,2
the American Energy Security Summit,1
the American Exploration and Production Council,2
the American Fuel and Petrochemical Ma,1
the American Fuel and Petrochemical Manufacturers,3
the American Gas Association,1
the American Nuclear Society,1
the American Petroleum Institute,113
the American Petroleum Institute s,3
the American Petroleum Institute's,1
the American Petroleum Institutereportedinventory,1
the American Public Gas Association,1
the American Recovery and Reinvestment Act,1
the American War Machine Ran Out of Gas,1
the American Wind Energy Association,1
the American petroleum Institute,1
the Amsterdam Court of Appealruledthat Russia,1
the Angola Press Agency ANGOPreports,1
the Angolan Ministry of Petroleum,1
the Aramco Team Series,1
the Aramis Project,1
the Arctic Arco,1
the Arctic LNG 2,6
the Arctic LNG 2 Project,9
the Arctic National Wildlife Refuge,6
the Argentine Continental Shelf,1
the Argentine Ministry of Mining,1
the Argus Americas Crude,1
the Argus European Crude Conference,3
the Armed Forces of the Russian Federation,1
the Army Corps,1
the Army Corps Of Engineers,1
the Army Corps of Engineers,5
the Artificial Intelligence (AI,1
the Asia Pacific,1
the Asia Pacific Petroleum Conference,5
the Asian Development Bank,3
the Asian Premium,1
the Asian Renewable Energy Hub,1
"the Asian Renewable Energy Hub, Murchinson Renewable Hydrogen Project",1
the Aspen Security Forum,1
the Associated Press,13
the Associated Press:,1
the Associated Pressreports,2
the Associated Pressshowed,1
the Association of American Railroads,1
the Association of Employers of the Cement Industry,1
the Association of German Chambers of Industry and Commerce,4
the Association of Southeast Asian Nations,1
the Association of the Petroleum Industry of Kurdistan,8
the Atacame os Native Community,1
the Athens Stock Exchange,1
the Atlantic Coast Pipeline,3
the Atlantic Council,1
the Atlantic Council Global Energy Forum,1
the Atlantic Council s Global Energy Forum,1
the Atomic Energy Act,1
the Atomic Energy Authority,1
the Atomic Energy Organization of Iran,3
the Audit Committee,1
the Australia Pacific LNG,1
the Australian Competition & Consumer Commission,1
the Australian Competition and Consumer Commission,1
"the Australian Department of Industry, Science and Resources",1
the Australian Domestic Gas Security Mechanism,2
the Australian Energy Market Operator,14
the Australian Financial Reviewreportedon,1
the Australian Office of the Chief Economist,1
the Australian Petroleum Production & Exploration Association,1
the Austrian Parliament,1
the Austrian World Summit,1
the Automated Export System,1
the BBCreportedthat Ofgem,1
the Bab el Mandeb,1
the Bad River Reservation,2
the Baker Institute,1
the Baltic Exchange,4
the Baltic Pipe,1
the Bank Policy Institute,2
the Bank of America,3
the Bank of England,6
the Bank of England's,1
the Bank of Englandsaidon,1
the Bank of English,1
the Bank of Finland Institute for Economies in Transition,1
the Bank of France,1
the Bank of Italy,1
the Bank of Russia,5
the Barakah Nuclear Energy Plant,4
the Basel Committee on Banking Supervision,1
the Basra Oil Company,1
the Battery Energy Storage System,1
the Bay Global,1
the Bay du Nord,1
the Bayou Choctaw,3
the Berlin Global Diague,1
the Best Management Practices Version 5,1
the Bezos Earth Fund,1
the Biden Administration,110
the Biden Administration end,1
the Biden Administration s,24
the Biden Administration s Department of Energy,1
the Biden Administration's,3
the Big Local News,1
the Bipartisan Infrastructure Deal,1
the Bipartisan Infrastructure Law,3
the Bite of Sanctions on Tankers,1
the Bloomberg Commodity Subindices,1
the Bloomberg New Economy Forum,1
the Blue Stream,1
the BlueGreen Alliance,1
the Board of BP,1
the Board of Directors,1
the Board of Directors of,1
the Board of Management,1
the Bossier and Cotton Valley,1
the Brazilian Mines and Energy Ministry,1
the Brazilian Wind Energy Association,1
the British Beer and Pub Association,1
the British Ceramic Confederation,1
the British Columbia Court of Appeals,1
"the British Department for Business, Energy and Industrial StrategytoldReuters",1
the British Energy Security Strategy,1
the British Retail Consortium,1
the British Retail Consortium s,1
the Brookfield Renewable Partners,1
the Buenos Aires Times,1
the Bulgarian Socialist Party,1
the Bureau of Economic Analysis,1
the Bureau of Indian Affairs,1
the Bureau of Labor Statistics,6
the Bureau of Labor Statistics of the,1
the Bureau of Land Management,7
the Bureau of Land Management s,2
the Bureau of Land Managementsaidit,1
the Bureau of Land Managementsaidthis week,1
the Bureau of Ocean Energy Management,18
the Bureau of Safety and Environmental Enforcement,2
the Bushehr Petrochemical Project,1
the Business Council of Canada,1
the Business and Energy,1
the CME Group,1
the CMS Energy & Climate Group,1
the CNPC s Economics and Technology Research Institute,2
the COP28 advisory board,1
the California Air Resources Board,5
the California Department of Motor Vehicles,1
the California Energy Commission,10
the California Energy Commissionboastedthat,1
the California Environmental Quality Act,1
the California Independent Petroleum Association s,1
the California Independent System Operator,1
the California Public Employees Retirement System,1
the California Public Utilities Commission,3
the California Public Utility Commission,1
the California Restaurant Association,1
the Cambridge Bitcoin Electricity Consumption Index,1
the Canada Energy Regulator,21
the Canada Energy Regulatorreportedthis,1
the Canada Energy Regulatorsaidon,1
the Canadian Association of Energy Contractors,3
the Canadian Association of Oilwell Drilling Contractors,1
the Canadian Association of Petroleum Pro,1
the Canadian Association of Petroleum Producer,1
the Canadian Association of Petroleum Producers,11
the Canadian Centre for Policy Alternatives,1
the Canadian Energy Centre,4
the Canadian Energy Regulator,2
the Canadian Environmental Protection Act,1
the Canadian Pacific Coast,2
the Canadian Press,3
the Canadian Pressreports,1
the Canadian Renewable Energy Association,1
the Capitol Hill Club,1
the Carlyle Group,1
the Carnegie Endowment for International Peace,1
the Caspian Pipeline Consortium,12
the Catalytic Transition Fund,2
the Census Bureau,1
the Center for Biological Diversity,3
the Center for Biological Diversity s Climate Law Institute,1
the Center for Biological Diversitysaying,1
the Center for Climate Integrity,1
the Center for Energy Poverty and Climate (CEPC,1
the Center for Energy Studies,1
the Center for Global Sustainability,2
the Center for International Climate and Environmental Research,1
the Center for International Environmental Law,1
the Center for LNG,1
the Center for Research on Energy and Clean Air,6
the Center for Solar Energy and Hydrogen Research,4
the Center for Strategic & International Studies,2
the Center for Strategic and International Studies,2
the Center for Sustainable Development,1
the Center for Western Priorities,1
the Center for the Study of Democracy (CSD,1
the Central Bank,8
the Central Command,1
the Central Florida Pipeline,1
the Central Intelligence Agency,1
the Centre For Research on Energy and Clean Air,1
the Centre for Astrobiology,1
the Centre for Climate Reporting,2
the Centre for Climate Reportingreport,1
the Centre for Economic and Business Research,1
the Centre for Energy Economics Research,1
the Centre for Natural Resource Studies,1
the Centre for Research on Energy and Clean Air,25
the Centre for Solar Energy and Hydrogen Research Baden-W,1
the Ceylon Petroleum Corp,1
the Chaco Culture National Historical Park,1
the Chamber of Electric Energy Commercialization,1
the Chartered Institute of Procurement and Supply,1
the Chattanooga Times Free Press,1
the Chicago Sun-Times,1
the China Association of Automobile Manufacturers,1
the China Center for Energy Economics Research,2
the China Coal Transportation and Distribution Association,2
the China Coast Guard,1
the China Electricity Council,1
the China Energy Outlook,1
the China Energy Programme,2
the China Energy Storage Alliance,1
the China General Administration of Customs,1
the China National Offshore Oil Company,1
the China National Petroleum Corporation,10
the China Nuclear Energy Association,4
the China Passenger Car Association (CPCA,1
the China Petroleum and Chemical Industry Federation,1
the China Photovoltaic Industry Association,1
the China Securities Regulatory Commission,1
the China s Belt & Road,1
the China-Russia Alliance Means for the,1
the Chinese Academy of Sciences,1
the Chinese Academy of Social Sciences,1
the Chinese Communist Party,2
the Chinese General Administration of Customs,13
the Chinese General Customs Administration,1
the Chinese Ministry of Commerce,1
the Chinese Ministry of Industry and Information Technology,1
the Chinese National Bureau of Statistics,1
the Chinese National Energy Administration,1
the Chinese National Food and Strategic Reserve Administration,1
the Chinese PLA Eastern Theater Command,1
the Chinese People s Liberation Army,1
the Chinese State Administration for,1
the Chinese yuan,2
the Chips and Science Act,1
the Chongqing Petroleum and Gas Exchange,1
the Church Commissioners,1
the Church Commissioners for England,2
the Church of England,2
the Church of England Pensions Board,1
the Citizens for Responsible Energy Solutions,1
the City Council,1
the Civil Nuclear Credit Program,2
the Clean Energy Challenge,1
the Clean Energy Council,4
the Clean Energy Economy Is a Game of Catch-Up,1
the Clean Energy and Jobs Act,1
the Climate Accountability Institute,2
the Climate Challenge,1
the Climate Change Authority,1
the Climate Change Committee,4
the Climate Emergency Fund,1
the Climate Finance,1
the Climate Investments Funds,1
the Climate Observatory,1
the Climate Tech Ecosystem,1
the Climate United Fund,3
the Climate and Communities Investment Coalition,1
the Climate and Community Project,1
the Climate and Trade Task Force,1
the Climate and Transformation Fund,3
the Climate and Transition Fund,3
the Coalition for Green Capital,1
the Coastal Alliance,1
the CofE s Pension Board,1
the CofE s Pensions Board,1
the Colombian Petroleum Associationsaid,1
the Colonial Pipeline,3
the Colorado Oil and Gas Conservation Commission,2
the Colorado Sunreports,1
the Columbia Gas,1
the Combined Charging System,1
the Combined Company s,1
the Commerce Department,1
the Commission Communication,1
the Commission of ',1
the Committee for a Constructive,1
the Committee of Oversight and Reform,1
the Committee of the Permanent Representatives of the Governments of the Member States,1
the Committee on Oversight and Reform,1
the Committee on Trade and Environment,1
the Committee on Ways and Meansrequestedthat Ford,1
the Commodity Exchange Act,1
the Commodity Futures Trading Commission,2
the Commonwealth Heads of Government Meeting,1
the Commonwealth of Independent States,1
the Communist Party,1
the Communist Party's Central Committee,1
the Compact Program,1
the Competition and Markets Authority,1
the Complex Climate Politics,1
the Conference Board of Canadasaidin,1
the Conference of the Parties,2
the Connecticut Energy Marketers Association,2
the Cooperation of Energy Regulators,9
the Cooperation of Energy Regulators (ACER,1
the Coordination of Government Activities,1
the Copernicus Climate Change Service,2
the Core of the Climate Crisis,1
the Cote d Opale,2
the Council for Strategic Development,1
the Council of Europe,2
the Council of Ministers,1
the Council of the EU,3
the Council of the European Union,2
the Council of the European Unionagreed,1
the Council of the European Unionsaidbefore,1
"the Council on Energy, Environment and",1
the Council on Ethics,2
the Countering America's Adversaries Through Sanctions Act,2
the County Board of Supervisors,1
the Court of Appeal,2
the Court of Appeals,1
the Crane Clean Energy Center (CCEC,2
the Crescent Point,1
the Croatian Bar association,1
the Crown Estate,1
the Crown Minerals Act,1
the Cyberspace Administration of China,2
the Cyberspace Administration of China's,1
the Cypriot Exclusive Economic Zone,1
the DC Circuit,1
the DOE s Office of Fossil Energy and Carbon Management,1
the Daily Mailreportedlast week,1
the Daily Telegraph,1
the Dakota Access Oil Pipeline,1
the Dakota Access Pipeline,6
the Dallas Fed,3
the Dallas Fed Energy Survey,2
the Dallas Fed Energy Surveyshowed,1
the Dallas Fed Energy Surveyshowedon,1
the Dangote Group,1
the Dangote Group of Africa,1
the Dangote Oil Refinery,1
the Dangote Petroleum Refinery,1
the Dangote Refinery,1
the Danish Climate and Energy Ministry,1
the Danish Climate and Energy Ministrysaidon,1
the Danish Energy Agency,1
the Danish Energy Agencysaidit,1
the Danish Energy Agencysaidthat,1
the Danish Kalundborg Refinery,1
the Danish Maritime Authority,1
the Danish Maritime AuthoritytoldBloomberg Opinion,1
the Dark After Latest Russian Airstrikes,1
the Deep Offshore Act,1
the Defence Intelligence of Ukraine,1
the Defense Department s Tanker Security Program,1
the Delaware Riverkeeper Network,1
the Democratic Party,1
the Department for Business Energy & Industrial Strategy,1
the Department for Business and Trade,1
"the Department for Business, Energy and Industrial Strategy",4
the Department for Energy Security and Net Zero,2
"the Department for Science, Innovation and Technology",1
"the Department of Business, Energy and Industrial Strategy",1
the Department of Commerce,4
the Department of Conservation s Geologic Energy Management,1
the Department of Defence,1
the Department of Defense,4
the Department of Energy,197
the Department of Energy 90 days,1
the Department of Energy Mark Bynoe,1
the Department of Energy Science and Engineering,1
the Department of Energy and Climate Change,1
the Department of Energy s,10
the Department of Energy s Pacific Northwest National Laboratory,1
"the Department of Energy, Business and Industrial Strategy",1
the Department of Energyannouncedit,1
the Department of Environmental Protection,1
the Department of Government Efficiency,1
the Department of Justice,4
the Department of Petroleum Resources,1
the Department of State,1
the Department of Transportation,3
the Department of Transportation (DOT,1
the Department of Transportationsaidat,1
the Department of Treasure,1
the Department of Treasury,1
the Department of the Interior,11
the Department of the Treasurysaidtoday,1
the Deputy Energy and Environmental Protection,1
the Detroit Free Press,1
the Development Facilitation Program,1
the Devon Energy-WPX Energymerger,1
the Dhirubhai Ambani Green Energy Giga Complex,3
the Direct Democratic Party,1
the District Court,1
the District Headquarters and Airport,1
the Draft Supplemental Environmental Impact Statement,1
the Drilling Productivity Report,2
the Drive Forward Fund LP,1
the Dutch TTF Natural Gas Futures,1
the ECB Forum,1
the ENN Group,2
the EU Agency,5
the EU Commission,1
the EU Council,6
the EU Emissions Trading System,1
the EU Energy Council,2
the EU Energy Platform,1
the EU Green Bond Standard,1
the EU s Energy,1
the EUpromised Georgiathe,1
the EV eRINs,1
the Eagle Ford,4
the East African Crude Oil Pipeline,1
the East African Crude Pipeline,1
the East African Petroleum Conference and Exhibition 2025,1
the Eastern Interconnection,1
the Eastern Siberia Pacific Ocean,1
the Economic Club of New York,1
the Economic Commission Board,1
the Economic Petroleum Reserve,1
the Economic Times,3
the Economic Timesreportedlast week,1
the Economic Timesreportedthat India,2
the Economy Ministry,3
the Economy Ministrysaidthat German,1
the Economy and Climate Action Ministrysaid,2
the Economy and Climate Action Ministrysaidon,1
the Effects of Climate Change,1
the Electric Reliability Council of Texas,2
the Electric Reliability Council of Texas (ERCOT,1
the Electricity Generator Levy,1
the Eleventh Federal Reserve District,1
the Elmwood Fire Department,1
the Emirates News Agency,3
the Emirates Nuclear Energy Corporation,2
the Emmett Institute on Climate Change,1
the End Fuel Poverty Coalition,1
the Energy Administration,1
the Energy Administration Information,1
the Energy Advisor,2
the Energy Bill Support Scheme,1
the Energy Bills Discount Scheme,1
the Energy Climate Intelligence Unit,1
the Energy Commission,1
the Energy Cost and Technology,1
the Energy Council,1
the Energy Crisis,2
the Energy Department,9
the Energy Department s,2
the Energy Efficiency Alberta,1
the Energy Efficiency Movement,2
the Energy Efficiency Movement to Development Economics,1
the Energy For All,1
the Energy Futures Initiative,1
the Energy Horizons Leadership Dial,1
the Energy Horizons Leadership Dialogue,1
the Energy Information,1
the Energy Information Administration,301
the Energy Information Administration 2.0 million,2
the Energy Information Administration s,16
the Energy Information Administration s Drilling Productivity Report,1
the Energy Information Administration's,6
the Energy Information Administrationestimateda,1
the Energy Information Administrationpredictedup,1
the Energy Information AdministrationreportedWednesday,1
the Energy Information Administrationreporteda,3
the Energy Information Administrationreportedlast,1
the Energy Information Administrationreportedthat,2
the Energy Information Administrationreportinga,1
the Energy Information Administrationsaidin,3
the Energy Information Administrationsaidon,3
the Energy Information Administrationshowedan,1
the Energy Information Administrationshowedthatproduction,1
the Energy Information Administrationslashedits,1
the Energy Information Agency,1
the Energy Information s latest,1
the Energy Institute,9
the Energy Institute s,1
the Energy Institutereportedin its Statistical Review of World Energy,1
the Energy Intelligence,2
the Energy Intelligence Forum,15
the Energy Loan Programs Office,1
the Energy Market Authority,1
the Energy Marketers of America,1
the Energy Ministry,18
the Energy Ministry of Israelsaid,1
the Energy Ministryannouncedthat,1
the Energy Ministrysaid,1
the Energy Mix,1
the Energy Policy Institute,1
the Energy Price Guarantee,2
the Energy Profits Levy,23
the Energy Profits Levyto,3
the Energy Reliability Council of Texas,1
the Energy Security Ministry,1
the Energy Select Sector SPDR ETF,1
the Energy Studies Institute,1
the Energy Transfer Scheme,1
the Energy Transition,1
the Energy Transition Are Impossible Without,1
the Energy Transition Barometer 2024,1
the Energy Transition Institute,1
the Energy Transition Investment Trends,1
the Energy Transitions Commission,3
the Energy Transitions Commissionshowedon,1
the Energy and Chemicals Park Rheinland,3
the Energy and Climate Fund,1
the Energy and Climate Intelligence Unit,2
the Energy and Commerce Committee,1
the Energy and Natural Resources Committee,6
the Energy and Petroleum Cabinet,1
the Energy and Waste,1
the Entire Nation,1
the Entity List,1
the Environment Ministry,1
the Environment and Climate Change,1
the Environmental Affairs Board,1
the Environmental Defense Fund,2
the Environmental Protection Agency,17
the Environmental Protection Agencyliftedtemporarily,1
the Es Sider,1
the Estonian Defence,1
the Eurasia Group,1
the Eurasian Economic Union,4
the European,2
the European Automobile Manufacturers Association,4
the European Automobile Manufacturers' Association,1
the European Bank for Reconstruction and Development,1
the European Central Bank,7
the European Central Bank (ECB,2
the European Chemicals Agency,1
the European Commission,83
the European Commission s,2
the European Commissionannouncedprovisional,2
"the European Commissioner for Energy,",1
the European Commissionlauncheda,1
the European Commissionofficially,6
the European Commissionpresenteda Green Deal Industrial Plan,1
the European Commissionproposeda,2
the European Commissionproposeda 2030 Climate Plan,1
the European Commissionproposedenshrining,1
the European Commissionsaidlast week,2
the European Commissionsaidtoday,1
the European Commissionsaidwhen,1
the European Commissionunveiled,1
the European Convention on Human Rights,1
the European Council,13
the European Court of Human Rights,2
the European Court of Human Rights (ECtHR,1
the European Court of Justice,2
the European Energy Exchange,2
the European Federation for Transport and Environment,1
the European Federation of Energy Traders,2
the European Financial Management Association,1
the European Green Deal,13
the European Green Deal s,2
the European Hydrogen Bank,1
the European Internal Energy Market,1
the European Nuclear Energy Forum,1
the European Oil Market,1
the European Parliament,32
the European Parliament s,1
"the European Parliament s Industry, Research",1
the European Parliament's,1
the European Parliamentadopted,1
the European Parliamentreached,2
the European Political Community,1
the European Round Table for Industry (ERT,1
the European Securities and Markets Authority,4
the European Southern Observatory s,1
the European Space Agency,1
the European U,1
the European Union,291
the European Union Agency,4
the European Union s,32
the European Union s Naval Force,1
the European Union's,5
the European Unionformally,1
the European Unionis,1
the Exit as Sanctions Hit Russian Ally,1
the Export-Import Bank,2
the Export-Import Bank of the United States,1
the FPSO Jaguar,1
the Fair Work Commission,4
the Far Eastern Federal District,1
the Far Right,1
the Faraday Institution,1
the Federal Cartel Office,1
the Federal Climate Protection Act,1
the Federal Constitutional Court,1
the Federal Constitutional Court of Germanyruledon,1
the Federal Court,1
the Federal Court of Australia,1
the Federal Criminal Court,1
the Federal Energy Regulatory Agencyapproveda,1
the Federal Energy Regulatory Authority,1
the Federal Energy Regulatory Commission,30
the Federal Energy Regulatory Commissiongrantedthe,1
the Federal Energy Regulatory Commissions,1
the Federal Government,2
the Federal Government of Iraq,1
the Federal Government of Iraqruledthat,2
the Federal Motor Carrier Safety Administration,2
the Federal Network Agency,3
the Federal Networks Agency,1
the Federal Office for Economic Affairs,2
the Federal Offshore Gulf of Mexicoaccounted,1
the Federal Republic of Germany's,1
the Federal Reserve,18
the Federal Reserve Bank of New York,1
the Federal Reserve s,2
the Federal Reserve's,1
the Federal Trade Commission,6
the Federation of Austrian Industries,1
the Federation of German Industries,4
the Fertilizer Institute,1
the Fight Against Climate Change,2
the Finance Ministry,4
the Financial Post,3
the Financial Times,52
the Financial Times Commodities Global Summit,1
the Financial Timesreported,3
the Financial Timesreportedlast month,1
the Financial Timesreportedlast week,2
the Financial Timesreportedthis week,1
the Financial Timesreportedtoday,2
the Financial Timesreports,9
the Finnish Border Guard,2
the Finnish National Bureau of Investigation,1
the Finnish Navy,1
the First Permanent Climate Refugees,1
the Food and Agriculture Organization of the United Nations,1
the Foreign Affairs Council Ministers,1
the Fraser Institute,2
the French Energy Transition Ministry,1
the Front of the Boardroom,1
the Frontera Energy Corporation,1
the Fund s Ethical Guidelines,1
the Fusion Industry Association,1
the Future Battery Industries Cooperative Research Centre,1
the Future Initiative Investment,1
the Future Investment Initiative,2
the Future Made,1
the Future Minerals Forum,1
the Future of OPEC+,1
the G-7 (Canada,1
the G-7 The,1
the G-7 energy,1
the G-7 price,1
"the G7 Climate, Energy and Environment",1
the Gas Distribution and Storage,1
the Gas Transmission System Operator,1
the General Administration of Customs,17
the General Administration of Customs of China,2
the General Administration of Customscitedby Reuters,1
the General Assembly,1
the General Authority for Statistics,1
the General Authority for Statistics of Saudi Arabiashowedon,1
the General Authority for Statistics of the world,3
the General Staff,1
the General Staff of,1
the General Staff of the Armed Forces of Ukrainesaid,1
the General Staff of the Czech Army,1
the Geneva Graduate Institute,1
the George Washington National Forest,1
the German Association of Energy and Water Industries,5
the German Economy Ministry,4
the German Federal Association of Natural Gas,1
the German Federal Motor Transport Authorityshowedon,1
the German Federal Network Agency,3
the German Finance Ministry,1
the German Ministry for Economic Affairs,1
the German Parliamentapproved,1
the German Wind Energy Association,1
the Glasgow Climate Pact,2
the Glasgow Financial Alliance for Net Zero,1
the Global Association,1
the Global Cybersecurity Forum,1
the Global Energy Institute,1
the Global Energy Monitor,1
the Global Energy Monitor s Global Coal Plant Tracker,1
the Global Forecast System,1
the Global Gas Report,1
the Global Initiative Against Transnational Organized Crime,1
the Global Renewables Alliance,1
the Global Times,4
the Global Wind Energy Council,3
the Globe and Mailreported,1
the Gold Standard for Energy Markets,1
the Government Accountability Office,1
the Government of Alberta,1
the Government of Australia,2
the Government of Canadareached,1
the Government of India,1
the Government of Indonesia,1
the Government of Iraq,2
the Government of National Accord,3
the Government of National Unity,3
the Government of Turkey,1
the Government of Venezuela,1
the Government of Venezuela and PDVSA,1
the Government s Energy Price Guarantee,1
the Grantham Research Institute on Climate Change,1
the Greater Houston Partnership,1
the Greater London Authority,1
the Greater Pioneer Operating,1
the Greek Ministry of Energy,1
the Green Climate Fund,1
the Group of 7 nations leadership summit,1
the Growing Climate Threat: The Political Week,1
the Gulf Cooperation Council,3
the Gulf Times,1
the Guyana Energy Conference,1
the HM Treasury s Office of Financial Sanctions Implementation (OFSI,1
the Hacienda Hedge,1
the Hague Court of Appealsaidon,1
the Haisla Nation,1
the Halliburton Executive Committee,2
the Hamm Institute,3
the Harvard Center for American Political Studies,1
the Hawaii Supreme Court,1
the Heads of State,1
the Heartland Institute,1
the High Court,7
the High Technology Department,1
the Hindustan Times,1
the Hindustan Timesreports,2
the Home Front,1
the Home Guard,1
the Hong Kong Exchange,1
the Hong Kong Stock Exchange,4
the Host Government Agreement,1
the Hot Energy Storage Sector,1
the House Committee on Energy and Commerce,5
the House Committee on Oversight,1
the House Committee s,1
the House Energy and Commerce Committee,2
the House Financial Services Committee,1
the House Subcommittee on Energy and Mineral Resources,1
the House of Commons,3
the House of Lords,1
the House of Representatives,3
the House of Representatives Foreign Affairs Committee,1
the Houston Chronicle,3
the Houston Chronicle's,1
the Houston Chroniclereports,1
the Hudson Institute,1
the Human Rights Council,1
the Humboldt Wind Energy Area,1
the Hydrogen in Aviation,1
the IAEA s Board of Governors,1
the IEA Sustainable Development Scenario,1
the IEAsaidthat Growth,1
the IEX India s,1
the INPEX Group,1
the IRGC Navy,2
the ITF Seafarers Section,1
the Ice Brent Settlement,1
the Idaho National Laboratory,1
the Illinois Commerce Commission,1
the Independent Market Monitor,1
the Independent Petroleum Association of AmericatoldReuters,1
the India Energy Week,6
the India Energy Week 2025,2
the India Meteorological Department,1
the Indian Bank of Baroda,1
the Indian Central Institute of Mining and Fuel Research,1
the Indian Ministry of Petroleum,1
the Indian Ministry of Petroleum and Natural Gas,1
the Indian Ministry of Power,2
the Indian Oil Ministry,2
the Indian Oil Ministry s Petroleum Planning and Analysis Cell,1
the Indian Petroleum Ministry,2
the Indian Trade Ministry,1
the Information Agency,1
the Institute for Energy Economics & Financial Analysis,1
the Institute for Energy Economics and Financial Analysis,13
the Institute for Energy Economics and Financial AnalysistoldBloomberg,1
the Institute for Energy Research,1
the Institute for Supply Management,1
the Institute of Energy Economics,2
the Institute of Energy Research,1
the Institute of International Finance,4
the Integrated Oil & Gas subsector,1
the Intensity of Ground War,1
the Inter-Parliamentary Alliance,1
the Intercontinental Exchange,4
the Intergovernmental Panel on Climate Change,9
the Interior Department,6
the Interior Department s,3
the Interior Department s Bureau of Land Management,1
the Interior Ministry,2
the International Air Transport Association,2
the International Air Transport Association (IATA,2
the International Atomic Energy Agency,35
the International Chamber of Commerce,20
the International Chamber of Commerce (ICC,1
the International Copper Study Group,1
the International Court of Justice,2
the International Criminal Court,1
the International Crisis Group,1
the International Development Finance Corp.,1
the International Development Finance Corporation,1
the International Emissions Trading Association,1
the International Energy Agency,450
the International Energy Agency s,9
the International Energy Agency s Oil Market Report,1
the International Energy Agency's,2
the International Energy Agency(IEA,1
the International Energy Agencycalledfor,1
the International Energy Agencynotingthe,1
the International Energy Agencyreportedthat Russia,1
the International Energy Agencysaidin,3
the International Energy Agencysaidin 2018,1
the International Energy Agencysaidthat,1
the International Energy Agencysuggested,1
the International Energy Association,1
the International Energy Associationhas,1
the International Energy Forum,1
the International Energy Week,1
the International Federation of Association Football,1
the International Group of Liquefied Natural Gas Importers,1
the International Group of P&I Clubs,1
the International Maritime Organisation,1
the International Maritime Organization,3
the International Monetary Fund,26
the International Monetary Fundreportedthat,1
the International Panel on Climate Change,3
the International Petroleum Exposition,1
the International Petroleum Technology Conference,3
the International Petroleum Week,2
the International Renewable Energy Agency,10
the International Space Station,1
the International Trade Administration,2
the International Union for the Conservation of Nature (IUCN,1
the Interstate Natural Gas Association of America,1
the Iranian Fars News Agency,1
the Iranian Foreign Ministry,1
the Iranian Ministry of Petroleum,1
the Iranian Navy,4
the Iranian Parliament,3
the Iranian Ports and Maritime Organization,1
the Iraqi,1
the Iraqi Federal Oil Ministry,1
the Iraqi Ministry of Finance,1
the Iraqi Ministry of Oil,2
the Iraqi Parliament's,1
the Iraqi Supreme Court,2
the Irish Times,1
the Islamic Development Bank,1
the Islamic Republic News Agency,3
the Islamic Resistance in Iraq,2
the Islamic Revolutionary Guard Corps,3
the Islamic Revolutionary Guard Corps Quds Force,1
the Islamic State,1
the Israel-Hamas War,1
the Israeli Defence Forces,1
the Israeli Defense Forces,1
the Israeli Energy Ministry,1
the Israeli Energy Ministryannouncedit,1
the Israeli Ministry of Energy,1
the Israeli Parliament,1
the Israeli Times,2
the Italian Energy Ministry,1
the Italian Treasury,2
the Jakarta MRT,1
the Jakarta Mass Rapid Transit,1
"the Jamnagar, Vadinar",1
the Japan Business Federation,1
the Japan Organization for Metals and Energy Security,1
the Japan Wind Association,1
the Japanese Finance Ministryshowedon,1
the Japanese Ministry of Industry,1
the Jask Oil Terminal,1
the Joint Ministerial Monitoring Committee,8
the Joint Negotiating Group,1
the Joint Operating Agreement,2
the Joint Technical Committee,5
the Joint Venture Partners,1
the Joseph Rowntree Foundation,1
the Justice Department,1
the Kazakh Energy,2
the Kazakh Energy Ministry,5
the Keystone Pipeline,1
the Keystone Pipeline System,2
the Keystone XL,1
the Khaleej Times,1
the Kiel Institute,3
the Kiel Institute for World Economy,1
the Kind of Company,1
the King Abdullah Petroleum Studies and Research Center,1
the Kingdom s Energy,2
the Kingdom s Public Investment Fund,1
the Kingdom's Public Investment Fund,1
the Kipper 1B Project,1
the Kiyv Independent,1
the Korea Investment Week,1
the Korea Transportation Safety Authority,1
the Kosovo Energy Distribution Services,1
the Kremlin andPyongyang,1
the Kremlinbannedsellers of Russian,1
the Kurdish Democratic Party of Iran,1
the Kurdish Syrian Democratic Forces,2
the Kurdistan Gas Project,2
the Kurdistan Regional Government,14
the Kurdistan Regional Government's,1
the Kurdistan Workers Party,1
the Kuwait Fund for Arab Economic Development,1
the Kuwait Heavy Crude,4
the Kuwait Petroleum Corporation,3
the Kyiv Post,2
the L pez Obrador,1
the LDC Group,1
the LSEG Oil Research,1
the Labor Department,1
the Labour Party,6
the Latin American Energy Program,1
the Law Society,1
the Lawrence Livermore National Laboratory,2
the Leader s Climate Summit on Earth Day,1
the Liberal Party,1
the Libya Energy and Economic Summit,1
the Libya National Army,1
the Libya Observer,3
the Libyan Central Bank,1
the Libyan Express,1
the Libyan NOC,1
the Libyan National Army,7
the Libyan National Oil Company,2
the Libyan National Oil Corporation,1
the Liontown Board,1
the Liteyny Prospect,1
the London Metal Exchange,1
the London Metals Exchange,1
the London School of Economics,1
the London Stock Exchange,8
the Long-Term Climate Target It Pioneered,1
the Los Angeles City Councilvoted,1
the Los Angeles Times,1
the Los Angeles Timesrecallinghow,1
the Loudest Champion of the Climate Vulnerable,1
the Louisiana Offshore Oil Port,1
the Low Carbon Hydrogen Supply 2,1
the Low Enriched Uranium,1
the Lowest-Carbon Food,1
the MT Bentley,1
the Mainline System,1
the Managing Board of Siemens Energy,1
the Massachusetts Institute of Technology,1
the Matterhorn Express Pipeline,1
the May OSP,1
the Melbourne Mining Club,1
the Met Officesaidon,1
the Mexican,1
the Mexican Energy Ministry,1
the Mexican National Hydrocarbons Commission,1
the Mexicanbillionaire sGrupo Carso SABagreed,1
the Middle East Monitor,1
the Milepost 14 Incident,2
the Milken Institute Global Conference,3
the Millennium Post,1
the Minerals Security Partnership,2
the Mines and Energy Ministry,1
the Minister of Petroleum and Energy,1
the Ministry for Industry and Infrastructure Developmentsaid,1
the Ministry of Climate,1
the Ministry of Climate and Environment,3
the Ministry of Defense of Rwandatweetedon Sunday,1
the Ministry of Digital Development,1
"the Ministry of Economy, Trade and Industry (METI",1
the Ministry of Energy,5
the Ministry of Finance,1
the Ministry of Foreign Affairs,1
the Ministry of Industry and Information Technology,1
the Ministry of Natural Resources of Guyana,1
the Ministry of New and Renewable Energy,2
the Ministry of Oil,1
the Ministry of Oil and Gas,1
the Ministry of Petroleum,2
the Ministry of Petroleum and Energy,4
the Ministry of Petroleum and Energysaidon,3
the Ministry of Petroleum and Mineral Resourcessaid,1
the Ministry of Petroleum and Natural,1
the Ministry of Petroleum and Natural Gas,1
the Ministry of Petroleum and Natural Gasshowedon,1
the Ministry of Power,1
the Ministry of Steel,1
the Minneapolis Star Tribune,1
the Minnesota Department of Natural Resources,1
the Minnesota Supreme Court,1
the Model S,2
the Model S Plaid Plus,1
the Model S.,1
the Money Advice Trust,1
the Monthly Oil Market Report,3
the Montney Formation,1
the Moscow Stock Exchange,1
the Moscow Times,1
the Motiva Enterprises LLC,1
the Munich Security Conference,2
the NGO Bureau,1
the NS Century,1
the NZE Scenario,2
the National Academy of Sciences,1
"the National Agency for Petroleum, Natural Gas and Biofuels",1
the National Association of State Energy Officials,1
the National Astronomical Observatories,1
the National Bank of Ukraine,1
the National Bureau of Statistics,3
the National Bureau of Statistics of China,2
the National Center for Energy Analytics,2
the National Development Reform Commission,1
the National Development and Reform Commission,10
the National Electric System Operator's,1
the National Electricity Market,1
the National Electricity Plan,1
the National Energy Administration,11
the National Energy Administration of China,1
the National Energy Administration s,1
the National Energy Institute,1
the National Energy Policy Council,1
the National Energy System Operator,7
the National Energy System Operatorsaidin,1
the National Environmental Policy Act,6
the National Fuel Pass,1
the National Grid,1
the National Highway Traffic Safety Administration,3
the National Highway Traffic Safety Authority,1
the National Hurricane Center,2
the National Hurricane Centersaidin,1
the National Hydrocarbons Agency,1
the National Hydrocarbons Commission,1
the National Institute of Advanced Studies,1
the National Iranian Gas Company,2
the National Iranian Oil Co.,1
the National Iranian Oil Company,6
the National Iranian Tanker Company,3
the National Mining Association,1
the National Nuclear Security Administration,1
the National Observer,1
the National Ocean Industries Association,2
the National Oceanic and Atmospheric Administration,2
the National Oil Company,1
the National Oil Corporation,22
the National Oil Corporation s,2
the National Oil Corporationsaidon,1
the National Petroleum Agency,1
the National Petroleum Corporation of Namibia,2
the National Petroleum Reserve,17
the National Petroleum Reserve-Alaska,1
the National Renewable Energy Laboratory,1
the National Renewable Energy Program,1
the National Resources Defense Council,1
the National Security Agency,1
the National Security Council,3
the National Security Councilsaid,1
the National Statistics Office,1
the National Union of Petroleum Technicians and Professionals,1
the National Wealth Fund,1
the National Weather Service,2
the National Wellbeing Fund s,1
the Natural Resources Committee,1
the Natural Resources Ministry,1
the Neom Investment Fund,1
the Net Zero Insurance Alliance,2
the Netherlands for1.4 billion euros($1.5 billion,1
the Netherlands for1.4 billion euros($1.5 billion) and1 billion euros($1.1 billion,1
the New Arabreported,2
the New Business Power Brokers,1
the New Economic School,2
"the New Mexico Energy, Minerals and Natural Resources Department",1
the New Momentum,1
the New UK Government Roll Back Climate Goals,1
the New York City Taxi,1
the New York Fed,1
the New York Mercantile Exchange,1
the New York Offshore Wind Alliance,1
the New York State Energy Research and Development Authority for Empire Wind 1,1
the New York Stock Exchange,2
the New York Times,2
the New York Timesreportedearlier,1
the Next Big Move,1
the Next ESG Frontier After Energy and Defense,1
the Next Energy Crisis,2
the Niger Delta Development Commission,1
the Niger Delta Region,1
the Nigeria Extractive Industries Transparency Initiative,2
the Nigeria International Petroleum Summit,2
the Nigeria Labour Congress,2
the Nigeria National Petroleum Company Limited,1
the Nigeria Petroleum Development Corporation,1
the Nigerian Department of Petroleum Resources,1
the Nigerian Justice Ministry,1
the Nigerian Midstream and Downstream Petroleum Regulatory Authority,2
the Nigerian National Petroleum Company,2
the Nigerian National Petroleum Company Limited,1
the Nigerian National Petroleum Corporation,11
the Nigerian Upstream Petroleum Regulatory Commission,20
the Nigerian Upstream Regulatory Commission,1
the Non-Proliferation Treaty Safeguards Agreement,1
the Nord Stream,1
the Nord Stream 1,31
the Nord Stream 1 (NS1,1
the Nord Stream 2,50
the Nord Stream Pipelines,1
the North American Charging Standard,1
the North American Electric Reliability Corp,1
the North American Electric Reliability Corporation,1
the North American Leaders Summit,1
the North American Reliability Corp.,1
the North Atlantic Treaty Organization,1
the North Dakota Petroleum Council,1
the North Dakota Petroleum Foundation,1
the North Dakota Pipeline Authority,1
the North Dakota Supreme,1
the North Seainto,2
the Northeast Gasoline Supply Reserve,7
the Norwegian Armed,1
the Norwegian Climate Foundation,1
the Norwegian Continental Shelf,7
the Norwegian EV association,1
the Norwegian Energy Ministrysaidon,2
the Norwegian Government,1
the Norwegian Ministry of Petroleum and Energy,3
the Norwegian Ministry of Petroleum and Energysaid,1
the Norwegian Ministry of Petroleum and Energysaidon,1
the Norwegian Ocean Industry Authority,1
the Norwegian Offshore Directorate,2
the Norwegian Offshore Directorateshowedon,1
the Norwegian Oil and Gas Association,3
the Norwegian Petroleum Directorate,20
the Norwegian Petroleum Directoratesaidon,3
the Norwegian Road Federation OFVshowedon,1
the Norwegian State,1
the Norwegian Supreme Court,1
the Norwegian Tax Administration,1
the Norwegian Water Resources and Energy Directorate,2
the Nuclear Innovation Al,1
the Nuclear Regulatory Commission,1
the OECD Nuclear Energy Agency,1
the OPEC International Seminar,2
the OPEC Secretariat,1
the OPEC Secretariatsaidthat,1
the OPEC+ alliance,2
the Oakville Assembly Plant,1
the Observer Research Foundation,2
the Office for National Statistics,1
the Office for National Statistics (ONS,2
the Office for the Suppression of Corruption and Organized Crime,1
the Office of Argentine,2
the Office of Foreign Assets Control,3
the Office of Fossil Energy and Carbon Management,1
the Office of Petroleum Reserves,1
the Office of Science and Technology Policy,1
the Office of the President,1
the Office of the U.S. Trade Representative,1
the Offshore Alliance,5
the Offshore Oil Port of Louisiana,1
the Offshore Technology Conference,2
the Oil & Gas Decarbonization Chapter,1
the Oil & Gas Investment Protection Act,2
the Oil & Gas Journal,2
the Oil Crescent,1
the Oil Crescent Region Movement,1
the Oil Ministry,1
the Oil Ministry s Petroleum Planning and Analysis Cell,1
the Oil Price Information Service,4
the Oil and Gas Authority,1
the Oil and Gas Climate Initiative,1
the Oil and Money Conference,1
"the Oil, & the",1
"the Oil, Gas and Petrochemical Products Exporters Union",1
"the Oil, Products & Gas",1
the Oklahoma Energy Producers Alliance,1
the Ontario Teachers Pension Plan Board,1
the Organisation for Economic Co-operation and,1
the Organisation for Economic Cooperation and Development,1
the Organisation of Economic Co-operation and,1
the Organization for Economic Co-operation and,1
the Organization of Arab Petroleum Exporting Countries,2
the Organization of Petroleum Exporting Countries,8
the Organization of Turkic States,1
the Organization of the Petroleum Exporting Countries,9
the Oslo District Courtruledthat,2
the Outer Continental Shelf,3
the Oxford City Council,1
the Oxford Institute for Energy Studies,9
the Oxford Institute of Energy Studies,2
the Pacific Solar Hydrogen,1
the Palestine Telecommunications Company,2
the Palestinian Authority,2
the Palestinian Authority (PA,1
the Panama Maritime Authority,2
the Panel of Experts,1
the Pared n Hydrocarbon Separation Station,1
the Paris Agreement,1
"the Paris Agreement, Climate Action Tracker",1
the Paris Climate Accords,1
the Paris Climate Agreement,8
the Parliament s committee,1
the Parliamentary Oil and Energy Committee,1
the Pathways Alliancesaidon,1
the Pembina Institute,1
the PennEast Pipeline Company,1
the Pennsylvania Department of Environmental Protection,1
the People of Michigan,1
the People s Daily,1
the People s Liberation Army,1
the People s Republic of China,1
the People's Bank of China's,1
the Permanent Court of Arbitration,3
the Permanent Fund Dividend,1
the Permanent University Fund,1
the Peruvian Ministry of Energy and Minesshowedearlier,1
the Petrobras System,1
the Petrol Retailers Association,1
the Petroleum Association of Japan,3
the Petroleum Authority of Uganda,1
the Petroleum Congress,1
the Petroleum Directorate s,1
the Petroleum Equipment and Services Association,1
the Petroleum Facilities Guard,25
the Petroleum Facilities Guardstopped,1
the Petroleum Labour Market Information,1
the Petroleum Ministry,4
the Petroleum Planning & Analysis Cell,2
the Petroleum Planning and Analysis Cell,2
the Petroleum Safety Authority,1
the Petroleum Safety Authority Norway,2
the Petroleum Services Association of Canada,1
the Petroleum Supply Monthly,1
the Petroleum and Energy,1
the Petroleum and Natural Gas Regulatory Board,1
the Philippine Energy,1
the Pipeline and Hazardous Materials Safety Administration,2
the Pittsburg Post-Gazette,1
the Plaquemines Parish Sheriff s Office,1
the Polish Nuclear Energy Program,1
the Political Economy Research Institute,1
the Politics of Uranium,1
the Polluters Pay Climate Fund,1
the Polymetal Retained Group,1
the Popular Mobilization Forces,1
the Port of Antwerp-Bruges,1
the Portland Natural Gas Transmission System,1
the Portovaya CS,2
the Potential Tropical Cyclone Six,1
the Potiguar Cluster,1
the Potsdam Institute for Climate Impact Research,1
the Potsdam Institute for Climate Research,1
the Power Purchase Agreements,1
the Power of Siberia,7
the Power of Siberia 2,3
the Power of Siberia-2,1
the Powering Texas Forward Act,2
the Presidential Emergency Board,1
the Press Trust of Indiareportedon,1
the Press and Journal,1
the Princeton University s Andlinger Center for Energy and the Environment,1
the Protecting Europe s Energy Security Act,1
the Protection and Development of Competition,1
the Public Investment Fund,7
the Public Investment Fund of,1
the Public Investment Fund's,1
the Public Private Partnership,1
the Public Service Commission,1
the Public Utilities Commission,1
the Public Utilities Commissionvotedfor Southern California Edison s,1
the Public Utility Commission,2
the Qatar Economic Forum,2
the Quds Force,1
the RAOS Project,1
the Race for Ammunition,1
the Ragnar Locker,1
the Railroad Commission,4
the Rainforest Action Network,1
the Rapid Support Forces,8
the Renewable Energy,1
the Renewable Energy Country Attractiveness,1
the Renewable Energy Directive,2
the Renewable Energy Latin America,1
the Renewable Energy Transition,1
the Renewable Fuel Standard,1
the Renewable and Sustainable Energy Institute,1
the Republican Party,2
the Republican party,1
the Resolution Foundation,1
the Response Policies,1
the Revolutionary Guard Corps,1
the Revolutionary Guards,1
the Rio Grande,2
the Rio Grande LNG,1
the Road Maintenance Levy,2
the Robert Gordon University,1
the Rocky Mountain Institute,1
the Royal Commission,1
the Russia-China Axis,1
the Russian Armed Forces,1
the Russian Defense Ministry,2
the Russian Defense Ministrysaidtoday,1
the Russian Direct Investment Fund,1
the Russian Energy Ministry,3
the Russian Energy Ministrysaidon,1
the Russian Energy Week,2
the Russian Energy Week forum,1
the Russian Federal Agency for,1
the Russian Finance Ministry,8
the Russian Finance Ministrysaidon,1
the Russian Foreign Ministry,2
the Russian Ministry,1
the Russian National Energy Security Fund,1
the Russian Parliament,1
the Russian ministry s,1
the S&P Global Clean Energy,2
the S&P Global Clean Energy Transition,1
the Salym Petroleum Development,4
the San Diego Union-Tribune,1
the Sangomar Field Development,1
the Santa Ynez Unit,1
the Saskatchewan Research Council,1
the Saudi Capital Markets Forum,1
the Saudi Energy Ministry,2
the Saudi Exchange,1
the Saudi Ministry of Energy,1
the Saudi National Commercial Bank,1
the Saudi Press Agency,7
the Saudi Press Agencyreported,2
the Saudi Statistics Authority,1
the Saudi Stock Exchange,1
the Saudisas India,1
the Schlumberger Digital Forum,2
the School of Energy and Chemical Engineering,1
the Science Based Targets,2
the Scottish Court of Session,1
the Scottish Government,1
the Scottish Heraldreported,1
the Scottish Parliament,2
the Securities and Exchange Commission,7
the Security Council,3
the Security Services of Ukraine,1
the Security and Exchange Commission,1
the Select Committee,1
"the Senate Banking, Housing, and Urban Affairs Committee",1
the Senate Committee on Energy and Natural Resources,1
the Senate Energy Committee,2
the Senate Energy and Natural Resources Committee,2
the Senate Environment and Public Works Committee,1
the Senate Environmental and Public Works Committee,1
the Senate Finance Committee,1
the Senate Foreign Relations Committee,1
the Senate Homeland Security Committee,1
the Senate Judiciary Committee,1
the Shadow Tanker Fleet,1
the Shahed Aviation Industries Research Center,1
the Shanghai Futures Exchange,2
the Shanghai Gigafactory,2
the Shanghai International Energy Exchange,2
the Shanghai Municipal Commission of Economy and Informatiza,1
the Shanghai Petroleum and National Gas Exchange,2
the Shanghai Petroleum and Natural Gas Exchange,3
the Shanghai Petroleum and Natural Gas Exchangesaidon,1
the Shell Energy and Chemicals Park Rotterdam,2
the Short Term Energy Outlook,1
the Short-Term Energy Outlook,4
the Shorthorn Express,1
the Shortseller Enrichment Commission,1
the Sierra Club,5
the Silk Route and Spice Road,1
the Singapore International Energy Week,4
the Sinopec Economics and Development Research Institute,1
the Small Business Administration,1
the Social Science Research Network,1
the Society of Indian Automobile Manufacturers,1
the Society of Motor Manufacturers,5
the Society of Petroleum Engineers,1
the Solar Energy Industries Association,21
the Solar Energy Industries Associationreported,1
the Solar Energy Industries Associationwarnedthis week,1
the Solar Energy Manufacturers for America,1
the Solar Trade Association,1
the Somali Petroleum Authority,1
the South Caucasus Pipeline,1
the South Sudan Petroleum Ministry,1
the Southern African Development Community,1
the Southern African Power Pool,1
the Spanish Socialist Members,1
the Special Purpose Acquisition Companies,1
the Sri Lanka Navy,1
the Sri Lanka Navysaidon,1
the St Petersburg International Economic Forum,2
the Standard Range Model Y,1
the Star Tribune,1
the State Assets Supervision and Administration Commission,1
the State Department,12
the State Department's,1
the State Emergency Management Agency,1
the State Oil Company of the Republic of Azerbaijan (SOCAR,1
the State Organization for the Marketing of Oil,1
the State Reserves Commission,1
the State Security Service,2
the State of Israel,2
the State of Israelpic.twitter.com/xMquRkGtpM While,1
the State of Louisiana,1
the State of Texas,1
the State of the Global Climate,2
the Statistical Review,1
the Statistical Review of World Energy,3
the Stockholm International Peace Research Institute,1
the Strategic Petroleum Reserve,160
the Strategic Petroleum Reserve s,1
the Strategic Petroleum Reserves,2
"the Subcommittee on Energy, Climate and Grid Security",1
the Subcommittee on the Environment,1
the Suez Rajan,2
the Sun as Climate Change Efforts,1
the Supervisory Board,1
the Supreme Court,17
the Supreme Court of,2
the Supreme Court of Minnesotaallowedconstruction,1
the Supreme Court's,1
the Supreme Courtruledat,1
the Sustainable Development Risk Assessment Group,1
the Sustainable Energy,1
the Swedish Financial Supervisory Authority,1
the Swedish Nuclear Fuel and,1
the Swedish Nuclear Fuel and Waste Management Company,1
the Swedish Transport Workers Union,1
the Swiss Federal Electricity Commission,1
the Swiss National Bank,1
the Sydney Energy Forum,1
the Syrian Democratic Council,1
the Syrian Observatory for Human Rights,1
the Syrian Observatory for Human Rights (SOHR,1
the TEF Program,1
the TPG Rise Climate,1
the Taishan Nuclear Power Plant,1
the Taiwanese Ministry of Economic Affairs,1
the Tanzania Petroleum Development Corporation,1
the Tasnim News Agency,1
the Tax Justice Network,1
the Tea Board,1
the Tel Aviv Stock Exchange,1
the Tennessee Valley Authority,1
the Terrorist State It's,1
the Texas Alliance of Energy Producers,1
the Texas Cancer Registry,1
the Texas Commission on Environmental Quality,2
the Texas Comptroller s Officeshows,1
the Texas Energy Fund,2
the Texas Grid,1
the Texas Independent Producers & Royalty Owners Association (TIPRO,1
the Texas Legislature,2
the Texas Oil & Gas Association,2
the Texas Oil and Gas Associationreported,1
the Texas Railroad Commission,4
the Texas Senate,1
the Texas State Board of Education Chair,1
the Texas Workforce Commission,1
the Times of Indiareported,1
the Times of Israel,1
the Times of Oman,1
the Title Transfer Facility,2
the Toledo Blade,1
the Top Clean Energy Source,1
the Trade and Cooperation Agreement,1
the Trafford Low Carbon Energy Park,1
the Trans Adriatic Pipeline,1
the Trans Alpine,1
the Trans Austria Gas Pipeline,2
the Trans Mountain Expansion,3
the Trans Mountain Expansion Project,7
the Trans-Niger Pipeline,1
the Transnational Threats Project,1
the Treasury Department,12
the Treasury s Office of Foreign Assets Control,1
the Trump Administration,31
the Trump Administration s,5
the Trump Administration s America-First Energy Plan,1
the Trypilska Thermal Power Plant,1
the Turkish Energy and Natural Resources Ministrysaid,1
the Types of Projects That,1
the U.S.,2
the U.S. - Energy & Oil,2
the U.S. Administration,35
the U.S. Administration s,8
the U.S. Administration's,1
the U.S. Army Corps of Engineers,1
the U.S. Biden Administration s,1
the U.S. Brentcrudefor,1
the U.S. Bureau of Labor Statistics,1
the U.S. Bureau of Labor Statisticsreportedon,1
the U.S. Bureau of Labor Statisticssaidearlier,1
the U.S. Bureau of Labor Statisticssaidon,2
the U.S. Bureau of Land Management,1
the U.S. Carbon,1
the U.S. Census Bureau,6
the U.S. Central Command,3
the U.S. Chamber of Commerce,4
the U.S. Chamber s Global Energy Institute,1
the U.S. Coast Guard,1
the U.S. Commodity Futures Trading Commission,1
the U.S. Congress,3
the U.S. Consumer Product Safety Commission,1
the U.S. Court of Appeals,1
the U.S. Department,3
the U.S. Department of,5
the U.S. Department of Agriculture s Empowering Rural America,1
the U.S. Department of Commerce,3
the U.S. Department of Energy,32
the U.S. Department of Energy Loan Programs Office,1
the U.S. Department of Energy for HALEU deconversion services,1
the U.S. Department of Energy s National Renewable Energy Laboratory,1
the U.S. Department of Energyannouncedthat,1
the U.S. Department of Energysaid,1
the U.S. Department of Energysaidon,1
the U.S. Department of Justice,1
the U.S. Department of Justicesaidat,1
the U.S. Department of Laborannounceda,1
the U.S. Department of State,8
the U.S. Department of Statedesignatedlimited,9
the U.S. Department of Statesaid,3
the U.S. Department of Transportation s National Highway Traffic Safety Administration,1
the U.S. Department of Treasury,2
the U.S. Department of the Interior,1
the U.S. Department of the Interior s Bureau of Ocean Energy Management,1
the U.S. Department of the Treasury,7
the U.S. Department of the Treasury s Office of Foreign Assets Control,3
the U.S. Department of the Treasurydesignatedthree,1
the U.S. District Court,4
the U.S. Embassy,5
the U.S. Enbridge,2
the U.S. Energy Information,2
the U.S. Energy Information Administration,147
the U.S. Energy Information Administration s,4
the U.S. Energy Information Administration's,1
the U.S. Energy Information Administration(EIA,1
the U.S. Energy Information Administrationforecastthat,1
the U.S. Energy Information Administrationreported,1
the U.S. Energy Information Administrationreporteda,2
the U.S. Energy Information Administrationsaidon,2
the U.S. Energy Information Agency,6
the U.S. Energy Storage Association,2
the U.S. Environmental Protection Agency,6
the U.S. Export-Import Bank,1
the U.S. Fed,4
the U.S. Federal Aviation Administration,1
the U.S. Federal Energy Regulatory Commission,7
the U.S. Federal Reserve,9
the U.S. Federal Reservesignaledonce,1
the U.S. Federal Reserveslashed,1
the U.S. Geological Survey,1
the U.S. Government,1
the U.S. Government Accountability Office,2
the U.S. House,1
the U.S. House Speakerdid,1
the U.S. House of Representatives,1
the U.S. House of Representativespassed,1
the U.S. House of Representativespassedthe Iran-China Energy Sanctions Act,1
the U.S. Immigration and Customs Enforcement s Homeland Security,1
the U.S. India,2
the U.S. Inflation Reduction Act,4
the U.S. Justice Department,1
the U.S. Maritime Administration,1
the U.S. Maritime Administrationissued,1
the U.S. Marshals Service,1
the U.S. National Ignition Facility,1
the U.S. National Oceanic AtmosphericAdministration s,1
the U.S. National Security,1
the U.S. National Security Agency,1
the U.S. Navy,3
the U.S. Northeast Coast,1
the U.S. Renewable Fuel Standard,1
the U.S. Securities and Exchange Commission,1
the U.S. Senate,5
the U.S. Senate Banking Committee,1
the U.S. Senate Committee on Energy and Natural Resources,1
the U.S. Senate Committee on Environment and Public Works,1
the U.S. Shale Patch,2
the U.S. Solar Market Insight,1
the U.S. Special Presidential Coordinator for Global Infrastructure and Energy Security,1
the U.S. State Department,5
the U.S. State Department s,1
the U.S. State Department s Office of Sanctions Coordination,1
the U.S. State Department's,1
the U.S. State Departmentsaidthat,1
the U.S. Strategic Petroleum Reserve,9
the U.S. Strategic Petroleum Reserves,8
the U.S. Supreme Court,5
the U.S. Tesla,1
the U.S. Trade Representative,1
the U.S. Treasury,24
the U.S. Treasury Department,11
the U.S. Treasury s Office of Foreign Assets Control,1
the U.S. Treasuryimposedsanctions,1
the U.S. Valero Energy,1
the U.S.Department of Energy,1
the UAE Wind Program,1
the UAE energy ministry,1
the UAE s Energy,5
the UAE s Supreme Petroleum Councilannouncednew,1
the UAE sNational News,1
the UBS CIO,1
the UCP party,1
the UK Atomic Energy Authority,1
the UK Atomic Energy Authority's,1
the UK Committee on Climate Change,1
the UK Continental Shelf,2
"the UK Department for Business, Energy & Industrial Strategy",1
the UK Department for Energy Security and Net Zero,1
the UK Energy Profits Levy,3
the UK Government,5
the UK Government s Carbon Capture Usage and Storage,1
the UK Government's,1
the UK National Crime Agency,1
the UK Office for National,1
the UK Office for National Statistics,1
the UK sAdvanced Propulsion Centre(APC,1
the UN Climate,1
the UN Climate Change Conference,1
the UN Climate Change Conference of the Parties (COP,1
the UN Climate Change Conference of the Parties (COP26,1
the UN Climate Summit,2
the UN Climate Summit Is So Important,1
the UN Environment Programme,1
the UN Environment Programmeannouncedon,1
the UN Framework Convention on Climate Change,1
the UN General Assembly,3
the UN Human Rights Council,1
the UN Security Council,6
the UN Security Council Yemen,3
the UN Security Council Yemen sanctions committee,1
the UN Sustainable Development,1
the UN s Convention on the Law of the Sea,1
the UN s Race,1
the US,1
the US &#,1
the US Administration,1
the US Bureau of Labor Statistics,1
the US Congress',1
the US Department of Commerce,1
the US Department of Treasury,1
the US Energy Information Administration,2
the US Energy Sector,1
the US Federal Reserve,1
the US Naval Postgraduate School,1
the US Power Industry Meet AI's,1
the US Securities and Exchange Commission,1
the US Seeking Military Aid for Ukraine,1
the US Supreme Court,1
the US Treasury,1
the USO Fund LP,1
the Ugandan Revenue Authority,1
the Ukraine Defense Contact Group,2
the Ukrainian Armed Forces,3
the Ukrainian Gas Transmission System Operator,1
the Ukrainian Geological Survey,1
the Ulsan National Institute of Science and Technology,1
the Union Pacific Railroad,1
the Union of Oil and Gas Producers,1
the United Arab Emirates,6
the United Arab Emirates (UAE,6
the United Arab Emirates',1
the United Auto Workers,1
the United Nations,30
the United Nations Environment Programme,1
the United Nations Environment Programme Finance,1
the United Nations Framework Convention on Climate Change,5
the United Nations Framework Convention on Climate Change.,1
the United Nations Intergovernmental Panel on Climate Change,1
the United Nations Statistics Division,1
the United Nations Support Mission,1
the United Self-Defense Forces of Colombia (AUC,1
the United States Department of,1
the United States Energy Information Administration,1
the United States Navy,1
the United States Supreme Court,1
the United Stateswarnedcompanies,4
the University of California,4
the University of California San Diego,1
the University of Chicago,1
the University of Colorado Boulder,2
the University of D,1
the University of Exeter,1
the University of Hong Kong,1
the University of Houston,1
the University of Illinois Urbana-Champaign,1
the University of International Business and Economics,1
the University of Maryland,2
the University of Massachusetts Amherst,1
the University of Tennessee,1
the University of Texas,2
the University of Texas Medical Branch,1
the University of Toronto,1
the University of Wyoming,1
the Upstream Petroleum Regulatory Commission,2
the Upstream Petroleum Regulatory Commissionreportedthat,1
the Valle Independent School District,1
the Venezuela-Related Sanctions,1
the Venezuelan National Assembly,2
the Venezuelan Supreme Court,1
the Verified Carbon Standard,1
the Vermont Senate,1
the Virginia General Assembly,1
the Virginia State Corporation Commission,1
the Vizagapatam Chamber of Commerce and Industry,1
the Wagner Mutiny Means,1
the Wall Street Journal,37
the Wall Street Journalnotes,2
the Wall Street Journalreported,5
the Wall Street Journalreportedlast week,1
the Wall Street Journalreports,3
the Washington Post,1
the Weather Prediction Center,1
the Weather and Climate Agency,1
the West Virginian Treasury,1
the Western Dakota Energy Association,1
the Western Energy Alliance,1
the Western Energy Alliancefileda,1
the Western Foreland Exploration Project,1
the Western Indigenous Pipeline Group,1
the Western States Petroleum Association,2
the White Earth Band of Ojibwe,1
the White House,91
the White House Council of Economic Advisers,1
the White House Council on Environmental,1
the White House Council on Environmental Quality,1
the White House Environmental Justice Advisory Council,1
the White House National Climate Adviser,1
the White House Office of Management and Budget,1
the White House Office of Science and Technology Policy,1
the White House s,1
the White House s Office of Management and Budget,1
the White House's,1
the White Houseannouncedit,1
the White Housesaid,2
the White Houseto,1
the White Mesa Mill,1
the Willow Project,1
the Wind Power Package and Charter,1
the WisdomTree Brent Crude Oil,2
the WisdomTree Brent Crude Oil ETF,1
the Women s World Cup,1
the Wood Group UK Limited,2
the World Bank,22
the World Bureau of Metal Statistics,1
the World Economy,2
the World Energy Council,3
the World Energy Outlook,2
the World Gold Council,2
the World Health Organization,2
the World Meteorological Organization's State of the Global Climate,1
the World Nuclear Association,1
the World Nuclear Associationsays,1
the World Nuclear Industry,1
the World Petroleum Congress,3
the World Petroleum Council,1
the World Steel Association,2
the World Steel Association s,1
the World Trade Organization,4
the Yanbu Aramco Sinopec Refining Company,1
the Yasuni National Park,1
the Yemen Press Agency,1
the Yemeni Navy,2
the Zaporizhzhia NPP,1
the Zaporizhzhya NPP,1
the Zaporizhzhya Nuclear Power Plant,1
the Zaporozhye Nuclear Power Plant,1
the Zimbabwe Independent,1
the association of Italian,1
the association of utilities,1
the bloc ssixth packageof,1
the coal ministry,1
the commerce ministry of the world,1
the defense committee,1
the defense ministry,1
the economy ministry,5
the economy ministry s,1
the energy department,1
the energy ministry,27
the energy ministry of Belarusadmittedthat,1
the energy ministry of Tanzania,1
the energy ministry of Western Europe,3
the energy ministry s,3
the energy ministry s department,1
the energy ministry s magazine,1
the energy ministry's,1
the energy resources development division,1
the energy union,1
the federation of the,1
the foreign affairs committee,1
the foreign ministry,1
the green energy club,1
the iShares Global Clean Energy ETF,2
the influential business association,1
the institute s China Energy Programme,1
the latestOil Market Reportby,1
the latestOil Market Reportof,1
the libertarian Free Democratic Party,1
the ministry of petroleum,3
the ministry s Petroleum Planning and Analysis Cell,1
the national Energy Administration,1
the national weather service,1
the new energy ministry,1
the oil ministry,8
the oil ministry s,1
the oil ministry s news,1
the oil ministry s news service,1
the oil ministry's news service,1
the outgoing Administration s Inflation Reduction Act,1
the parliamentary energy committee,1
the petroleum ministry,1
the power ministry,1
the power ministryhas,1
the resources ministry,1
the sectorial European Sustainability Reporting Standards,1
the state employment watchdog,1
the state energy giants,2
the state reserve,1
the state s Department of Natural Resources,1
the state s Department of Natural Resourcesrevoked Enbridge's,1
the state s Legislative Finance Committee,1
the technical committee,1
the the Commission,1
the theEnergy Select Sector SPDR,1
the trade association,1
theAlberta Energy Regulator,1
theArgus Americas Crude Summitin,1
theAssociated Press,3
theAssociated Pressreported,1
theAssociated Pressreports,1
theAssociated Pressthat Russian,1
theBP Energy Outlook,1
theBeaumont Enterprise,1
theBloomberg,1
theBrent Crudeinternational,1
theBrentcrude,1
theBureau of Land Management,1
theCaixin,1
theCenter for Research on Energy and Clean Air,5
theCenter for Research on Energy and Clean Air (,1
theChina National Offshore Oil Corporation,1
theChina National Petroleum Corporation,1
theDepartment of Energy,1
theDetroit Free Pressreports,1
theDetroit News,1
theEdmonton Journal,2
theEnergy Information Administrationexpects,1
theEnergy Information Administrationreported,1
theEuropean Commission(EC,1
theEuropean Green Deal,1
theEuropean Green Dealin,1
theEuropean Unionmoves,1
theFinancial Post,1
theFinancial Times,45
theFinancial Timeson,1
theFollow Thisactivist,1
theFunkemedia,1
theGlobal Coal to Clean Power Transitionstatement,2
theGlobe & Mail,1
theGuardian of Nigeria,1
theHenry Hubcontract,1
theHousehold Energy,1
theHouston Chronicle sSergio Chapareports,1
theInternational Association of Energy Economics,1
theInternational Atomic Energy Agency(IAEA,1
theInternational Energy Agency,2
theInternational Energy Agency(IEA,2
theJournal of the National Cancer Institute,1
theLondon Platinum,1
theMirai,2
theNew York Post,1
theNew York Times,1
theOceanat,1
thePartnership for Global Infrastructure,1
thePetra Nova,1
thePlaquemines LNGand Corpus,1
thePotsdam Institute for Climate Impact Research,1
theReliance Group,1
theRenewable Energy Investment Trackerof,1
theReuters,2
theS&P Global Platts Oil Security Sentinelresearch,1
theSDF,1
theShafaq News agency,1
theSolar Energy Industries Association,1
theStatistical Review of World Energywhich,1
theStrategic Petroleum Reserve,1
theStrategic Petroleum Reservesin,1
theTelegraph India,1
theTexas,1
theTimes of India,1
theTreasury,1
theTwitter,1
theUK Ministry of Defencereported,1
theUS Department of Treasury,1
theWall Street Journal,4
theWall Street Journalreports,1
theWashington Examiner,1
theWashington Postreports,1
theWhale,1
theWhite House,9
theWilliams Companies Inc.,1
theWorld Energy,1
theWorld Petroleum Congressin Calgary,1
theanalyst,1
thebiggest,1
their Norfolk Offshore Wind Zone,1
thelow refining marginsin,1
thepaperof Princeton University,1
theysent,1
this Marine Advisory,1
thisweek,1
to$69.46,1
to$74.06,1
to13,1
toAlaska Public Media,1
toAnchorage Daily News,1
toAutomotive News Europe,1
toBloomberg News,1
toCNEV Post,2
toClarksons Research,1
toCopernicus Climate Change Service,1
toEnergy Information Administration,1
toEurostat,3
toGoldman Sachs,1
toMcDonald's,1
toRystad Energy,2
toStabroek News,1
"toTrading Economics, Urals",1
toa cobalt-free,1
toa major glutthis decade,1
toa new,1
toa new record,1
toa rebound,3
toco-developa,1
todatafrom energy analytics firm,1
todatafrom energy analytics services provider OilX,1
tohelp,1
toldABC News,1
toldAnadolu Agency,1
toldFox News,1
toldLNG Primeon,1
toldThe Associated Press,1
toldThe Associated Presson,1
toldThe Canadian Press,1
toldThe Hindu Business Linelast,1
toldThe Telegraphon Sunday,1
toldThe Wall Street Journal,4
toldThe Wall Street Journalon,2
toldYahoo Finance Live,1
toldthe Financial Post,1
toldthe Financial Times,4
toldthe New York Times,1
tollso,1
towns - Energy & Oil,1
trans-Pacific,1
ukaszewska-Trzeciakowska,1
un,3
unc,1
van Beurdentoldthe Energy Intelligence Forum,1
vision - Energy & Oil,2
war - Energy & Oil,1
wasin talksto,1
wastradingat,1
weekthe Bureau of Land Management,1
wells - Energy & Oil,2
whereExxonMobil,1
whichShell,1
whichapprovedan,1
whichconsiders projectsalong the full,1
whichfoundin,1
whichpledgedearlier,1
whichsaidin September,1
whichshowedan,1
whyAngola,1
windbid,1
winter - Energy & Oil,1
withThe Wall Street Journal,1
withprices soaring againas,3
wouldshut downall,2
xThe American Petroleum Institute,1
y,1
y - AEB,1
y - Energy & Oil,6
y -GAPKI - Energy & Oil,1
~$65,1
