_id,CL=F Open,BZ=F Open,CL=F Close,BZ=F Close
2020-01-02,66.47000122070312,61.59999847412109,66.25,61.18000030517578
2020-01-03,66.29000091552734,61.18000030517578,68.5999984741211,63.04999923706055
2020-01-06,69.06999969482422,63.709999084472656,68.91000366210938,63.27000045776367
2020-01-07,68.58000183105469,62.90999984741211,68.2699966430664,62.70000076293945
2020-01-08,68.47000122070312,62.84000015258789,65.44000244140625,59.61000061035156
2020-01-09,65.79000091552734,59.9900016784668,65.37000274658203,59.560001373291016
2020-01-10,65.41000366210938,59.61000061035156,64.9800033569336,59.040000915527344
2020-01-13,65.18000030517578,59.040000915527344,64.19999694824219,58.08000183105469
2020-01-14,64.22000122070312,58.02999877929688,64.48999786376953,58.22999954223633
2020-01-15,64.45999908447266,58.20000076293945,64.0,57.810001373291016
2020-01-16,64.30999755859375,58.09999847412109,64.62000274658203,58.52000045776367
2020-01-17,64.75,58.59000015258789,64.8499984741211,58.540000915527344
2020-01-21,65.4000015258789,59.16999816894531,64.58999633789062,58.34000015258789
2020-01-22,64.54000091552734,58.2599983215332,63.209999084472656,56.7400016784668
2020-01-23,62.630001068115234,56.11000061035156,62.040000915527344,55.59000015258789
2020-01-24,62.119998931884766,55.68999862670898,60.68999862670898,54.18999862670898
2020-01-27,60.27999877929688,53.70000076293945,59.31999969482422,53.13999938964844
2020-01-28,58.95000076293945,52.77000045776367,59.5099983215332,53.47999954223633
2020-01-29,59.66999816894531,53.970001220703125,59.810001373291016,53.33000183105469
2020-01-30,59.61000061035156,53.09000015258789,58.290000915527344,52.13999938964844
2020-01-31,59.06999969482422,52.91999816894531,58.15999984741211,51.560001373291016
2020-02-03,55.84999847412109,51.0099983215332,54.45000076293945,50.11000061035156
2020-02-04,54.150001525878906,49.93999862670898,53.959999084472656,49.61000061035156
2020-02-05,53.880001068115234,49.5099983215332,55.27999877929688,50.75
2020-02-06,55.56999969482422,51.16999816894531,54.93000030517578,50.95000076293945
2020-02-07,55.36000061035156,51.11000061035156,54.470001220703125,50.31999969482422
2020-02-10,54.2400016784668,50.119998931884766,53.27000045776367,49.56999969482422
2020-02-11,53.34999847412109,49.61000061035156,54.0099983215332,49.93999862670898
2020-02-12,54.18000030517578,49.959999084472656,55.790000915527344,51.16999816894531
2020-02-13,56.34000015258789,51.720001220703125,56.34000015258789,51.41999816894531
2020-02-14,56.400001525878906,51.5099983215332,57.31999969482422,52.04999923706055
2020-02-18,57.34000015258789,52.22999954223633,57.75,52.04999923706055
2020-02-19,57.70000076293945,52.119998931884766,59.119998931884766,53.290000915527344
2020-02-20,59.34000015258789,53.5,59.310001373291016,53.77999877929688
2020-02-21,59.15999984741211,53.7400016784668,58.5,53.380001068115234
2020-02-24,58.02000045776367,52.59999847412109,56.29999923706055,51.43000030517578
2020-02-25,56.220001220703125,51.369998931884766,54.95000076293945,49.900001525878906
2020-02-26,55.08000183105469,50.08000183105469,53.43000030517578,48.72999954223633
2020-02-27,53.43999862670898,48.630001068115234,52.18000030517578,47.09000015258789
2020-02-28,51.369998931884766,46.4900016784668,50.52000045776367,44.7599983215332
2020-03-02,49.040000915527344,43.70000076293945,51.900001525878906,46.75
2020-03-03,52.97999954223633,47.720001220703125,51.86000061035156,47.18000030517578
2020-03-04,51.72999954223633,46.93999862670898,51.130001068115234,46.77999877929688
2020-03-05,51.650001525878906,47.130001068115234,49.9900016784668,45.900001525878906
2020-03-06,50.119998931884766,46.09000015258789,45.27000045776367,41.27999877929688
2020-03-09,39.2400016784668,32.869998931884766,34.36000061035156,31.1299991607666
2020-03-10,33.459999084472656,30.3700008392334,37.220001220703125,34.36000061035156
2020-03-11,37.79999923706055,34.619998931884766,35.790000915527344,32.97999954223633
2020-03-12,36.130001068115234,33.06999969482422,33.220001220703125,31.5
2020-03-13,32.86000061035156,30.770000457763672,33.849998474121094,31.729999542236328
2020-03-16,34.459999084472656,33.75,30.049999237060547,28.700000762939453
2020-03-17,29.700000762939453,28.690000534057617,28.729999542236328,26.950000762939453
2020-03-18,28.65999984741211,26.940000534057617,24.8799991607666,20.3700008392334
2020-03-19,26.440000534057617,22.299999237060547,28.46999931335449,25.21999931335449
2020-03-20,28.0,24.729999542236328,26.979999542236328,22.43000030517578
2020-03-23,26.5,22.520000457763672,27.030000686645508,23.36000061035156
2020-03-24,27.63999938964844,23.8700008392334,27.149999618530277,24.01000022888184
2020-03-25,27.600000381469727,24.3700008392334,27.38999938964844,24.489999771118164
2020-03-26,27.59000015258789,24.25,26.34000015258789,22.600000381469727
2020-03-27,26.709999084472656,23.290000915527344,24.93000030517578,21.51000022888184
2020-03-30,24.0,20.93000030517578,22.76000022888184,20.09000015258789
2020-03-31,22.959999084472656,20.229999542236328,22.739999771118164,20.479999542236328
2020-04-01,25.93000030517578,20.100000381469727,24.739999771118164,20.309999465942383
2020-04-02,25.6299991607666,21.21999931335449,29.940000534057617,25.31999969482422
2020-04-03,29.959999084472656,24.809999465942383,34.11000061035156,28.34000015258789
2020-04-06,31.25,26.09000015258789,33.04999923706055,26.07999992370605
2020-04-07,33.310001373291016,26.34000015258789,31.8700008392334,23.6299991607666
2020-04-08,32.40999984741211,24.299999237060547,32.84000015258789,25.09000015258789
2020-04-09,33.65999984741211,26.280000686645508,31.479999542236328,22.76000022888184
2020-04-13,33.0,24.600000381469727,31.739999771118164,22.40999984741211
2020-04-14,32.09000015258789,22.36000061035156,29.600000381469727,20.11000061035156
2020-04-15,30.01000022888184,20.71999931335449,27.690000534057617,19.8700008392334
2020-04-16,28.059999465942383,20.149999618530277,27.81999969482422,19.8700008392334
2020-04-17,28.46999931335449,20.0,28.07999992370605,18.270000457763672
2020-04-20,28.049999237060547,17.729999542236328,25.56999969482422,-37.630001068115234
2020-04-21,25.959999084472656,-14.0,19.32999992370605,10.010000228881836
2020-04-22,19.559999465942383,13.119999885559082,20.3700008392334,13.779999732971191
2020-04-23,21.299999237060547,14.199999809265137,21.32999992370605,16.5
2020-04-24,21.790000915527344,16.780000686645508,21.440000534057617,16.940000534057617
2020-04-27,21.299999237060547,16.84000015258789,19.989999771118164,12.779999732971191
2020-04-28,20.170000076293945,12.960000038146973,20.459999084472656,12.34000015258789
2020-04-29,20.75,13.350000381469728,22.540000915527344,15.0600004196167
2020-04-30,23.11000061035156,15.640000343322754,25.270000457763672,18.84000015258789
2020-05-01,26.71999931335449,19.040000915527344,26.440000534057617,19.780000686645508
2020-05-04,26.209999084472656,19.11000061035156,27.200000762939453,20.38999938964844
2020-05-05,27.940000534057617,21.239999771118164,30.96999931335449,24.559999465942383
2020-05-06,31.8799991607666,25.520000457763672,29.71999931335449,23.989999771118164
2020-05-07,30.1200008392334,24.09000015258789,29.459999084472656,23.549999237060547
2020-05-08,29.43000030517578,23.350000381469727,30.96999931335449,24.739999771118164
2020-05-11,30.68000030517578,24.489999771118164,29.6299991607666,24.13999938964844
2020-05-12,30.06999969482422,24.489999771118164,29.979999542236328,25.780000686645508
2020-05-13,29.46999931335449,25.299999237060547,29.190000534057617,25.290000915527344
2020-05-14,29.38999938964844,25.559999465942383,31.1299991607666,27.559999465942383
2020-05-15,31.350000381469727,27.63999938964844,32.5,29.43000030517578
2020-05-18,32.709999084472656,29.530000686645508,34.810001373291016,31.81999969482422
2020-05-19,35.439998626708984,32.83000183105469,34.650001525878906,32.5
2020-05-20,34.43000030517578,31.88999938964844,35.75,33.4900016784668
2020-05-21,35.79999923706055,33.529998779296875,36.060001373291016,33.91999816894531
2020-05-22,35.939998626708984,33.95000076293945,35.130001068115234,33.25
2020-05-26,35.130001068115234,33.29999923706055,36.16999816894531,34.349998474121094
2020-05-27,36.09999847412109,34.13999938964844,34.7400016784668,32.810001373291016
2020-05-28,34.34000015258789,32.099998474121094,35.290000915527344,33.709999084472656
2020-05-29,35.029998779296875,33.68000030517578,35.33000183105469,35.4900016784668
2020-06-01,37.540000915527344,35.209999084472656,38.31999969482422,35.439998626708984
2020-06-02,38.47999954223633,35.560001373291016,39.56999969482422,36.810001373291016
2020-06-03,39.52000045776367,36.86000061035156,39.790000915527344,37.290000915527344
2020-06-04,39.380001068115234,36.7599983215332,39.9900016784668,37.40999984741211
2020-06-05,39.93000030517578,37.33000183105469,42.29999923706055,39.54999923706055
2020-06-08,42.40999984741211,39.40999984741211,40.79999923706055,38.18999862670898
2020-06-09,40.95000076293945,38.220001220703125,41.18000030517578,38.93999862670898
2020-06-10,40.869998931884766,38.5,41.72999954223633,39.59999847412109
2020-06-11,41.310001373291016,39.09000015258789,38.54999923706055,36.34000015258789
2020-06-12,38.380001068115234,36.2599983215332,38.72999954223633,36.2599983215332
2020-06-15,38.68999862670898,36.02999877929688,39.720001220703125,37.119998931884766
2020-06-16,39.77000045776367,37.04999923706055,40.959999084472656,38.380001068115234
2020-06-17,40.709999084472656,37.93000030517578,40.709999084472656,37.959999084472656
2020-06-18,40.58000183105469,37.7400016784668,41.5099983215332,38.84000015258789
2020-06-19,41.41999816894531,38.84999847412109,42.18999862670898,39.75
2020-06-22,41.54999923706055,39.18000030517578,43.08000183105469,40.459999084472656
2020-06-23,43.16999816894531,40.68000030517578,42.630001068115234,40.369998931884766
2020-06-24,42.33000183105469,39.9900016784668,40.310001373291016,38.0099983215332
2020-06-25,40.43000030517578,38.04999923706055,41.04999923706055,38.720001220703125
2020-06-26,41.470001220703125,39.09000015258789,41.02000045776367,38.4900016784668
2020-06-29,40.310001373291016,37.959999084472656,41.709999084472656,39.70000076293945
2020-06-30,41.54999923706055,39.63999938964844,41.150001525878906,39.27000045776367
2020-07-01,41.720001220703125,39.84000015258789,42.02999877929688,39.81999969482422
2020-07-02,42.02000045776367,39.77999877929688,43.13999938964844,40.650001525878906
2020-07-06,42.75,40.380001068115234,43.09999847412109,40.630001068115234
2020-07-07,43.150001525878906,40.68000030517578,43.08000183105469,40.619998931884766
2020-07-08,42.959999084472656,40.47999954223633,43.290000915527344,40.900001525878906
2020-07-09,43.380001068115234,40.869998931884766,42.34999847412109,39.619998931884766
2020-07-10,42.400001525878906,39.58000183105469,43.2400016784668,40.54999923706055
2020-07-13,43.11000061035156,40.34999847412109,42.720001220703125,40.09999847412109
2020-07-14,42.31999969482422,39.59999847412109,42.900001525878906,40.290000915527344
2020-07-15,43.150001525878906,40.54999923706055,43.790000915527344,41.20000076293945
2020-07-16,43.63999938964844,40.970001220703125,43.369998931884766,40.75
2020-07-17,43.34000015258789,40.720001220703125,43.13999938964844,40.59000015258789
2020-07-20,43.09000015258789,40.63999938964844,43.27999877929688,40.810001373291016
2020-07-21,43.18000030517578,40.650001525878906,44.31999969482422,41.959999084472656
2020-07-22,43.900001525878906,41.540000915527344,44.290000915527344,41.900001525878906
2020-07-23,44.34999847412109,41.95000076293945,43.310001373291016,41.06999969482422
2020-07-24,43.36000061035156,41.060001373291016,43.34000015258789,41.290000915527344
2020-07-27,43.400001525878906,41.2599983215332,43.40999984741211,41.59999847412109
2020-07-28,43.619998931884766,41.650001525878906,43.220001220703125,41.040000915527344
2020-07-29,43.29999923706055,41.130001068115234,43.75,41.27000045776367
2020-07-30,43.79999923706055,41.31999969482422,42.93999862670898,39.91999816894531
2020-07-31,43.31999969482422,40.34000015258789,43.29999923706055,40.27000045776367
2020-08-03,43.54999923706055,40.38999938964844,44.150001525878906,41.0099983215332
2020-08-04,43.90999984741211,40.77999877929688,44.43000030517578,41.70000076293945
2020-08-05,44.400001525878906,41.560001373291016,45.16999816894531,42.18999862670898
2020-08-06,45.2400016784668,42.18999862670898,45.09000015258789,41.95000076293945
2020-08-07,45.119998931884766,41.970001220703125,44.400001525878906,41.220001220703125
2020-08-10,44.61000061035156,41.5,44.9900016784668,41.93999862670898
2020-08-11,44.9900016784668,41.97999954223633,44.5,41.61000061035156
2020-08-12,44.58000183105469,41.619998931884766,45.43000030517578,42.66999816894531
2020-08-13,45.43000030517578,42.56999969482422,44.959999084472656,42.2400016784668
2020-08-14,45.04999923706055,42.33000183105469,44.79999923706055,42.0099983215332
2020-08-17,44.959999084472656,42.2400016784668,45.369998931884766,42.88999938964844
2020-08-18,45.380001068115234,42.790000915527344,45.459999084472656,42.88999938964844
2020-08-19,45.040000915527344,42.59999847412109,45.369998931884766,42.93000030517578
2020-08-20,45.27000045776367,42.7400016784668,44.900001525878906,42.58000183105469
2020-08-21,44.90999984741211,42.75,44.34999847412109,42.34000015258789
2020-08-24,44.41999816894531,42.47999954223633,45.130001068115234,42.619998931884766
2020-08-25,44.9900016784668,42.36000061035156,45.86000061035156,43.34999847412109
2020-08-26,45.97999954223633,43.38999938964844,45.63999938964844,43.38999938964844
2020-08-27,45.619998931884766,43.45000076293945,45.09000015258789,43.040000915527344
2020-08-28,45.04999923706055,42.97999954223633,45.04999923706055,42.970001220703125
2020-08-31,45.709999084472656,42.90999984741211,45.27999877929688,42.61000061035156
2020-09-01,45.56999969482422,42.83000183105469,45.58000183105469,42.7599983215332
2020-09-02,45.84999847412109,43.02000045776367,44.43000030517578,41.5099983215332
2020-09-03,44.369998931884766,41.630001068115234,44.06999969482422,41.369998931884766
2020-09-04,43.869998931884766,41.25,42.65999984741211,39.77000045776367
2020-09-08,42.220001220703125,39.47999954223633,39.77999877929688,36.7599983215332
2020-09-09,39.79999923706055,36.790000915527344,40.790000915527344,38.04999923706055
2020-09-10,40.63999938964844,37.79999923706055,40.060001373291016,37.29999923706055
2020-09-11,39.95000076293945,37.0099983215332,39.83000183105469,37.33000183105469
2020-09-14,39.77000045776367,37.31999969482422,39.61000061035156,37.2599983215332
2020-09-15,39.65999984741211,37.27999877929688,40.52999877929688,38.27999877929688
2020-09-16,40.75,38.34999847412109,42.220001220703125,40.15999984741211
2020-09-17,42.2599983215332,40.18999862670898,43.29999923706055,40.970001220703125
2020-09-18,43.2599983215332,40.970001220703125,43.150001525878906,41.11000061035156
2020-09-21,43.02000045776367,40.97999954223633,41.43999862670898,39.310001373291016
2020-09-22,41.790000915527344,39.630001068115234,41.720001220703125,39.59999847412109
2020-09-23,41.7400016784668,39.7599983215332,41.77000045776367,39.93000030517578
2020-09-24,41.5,39.59999847412109,41.93999862670898,40.310001373291016
2020-09-25,41.93000030517578,40.150001525878906,41.91999816894531,40.25
2020-09-28,41.84999847412109,40.06999969482422,42.43000030517578,40.59999847412109
2020-09-29,42.43000030517578,40.58000183105469,41.02999877929688,39.290000915527344
2020-09-30,40.75,39.15999984741211,40.95000076293945,40.220001220703125
2020-10-01,42.02000045776367,39.900001525878906,40.93000030517578,38.720001220703125
2020-10-02,40.790000915527344,38.59999847412109,39.27000045776367,37.04999923706055
2020-10-05,39.220001220703125,37.0,41.290000915527344,39.220001220703125
2020-10-06,41.52000045776367,39.34999847412109,42.650001525878906,40.66999816894531
2020-10-07,41.93999862670898,39.83000183105469,41.9900016784668,39.95000076293945
2020-10-08,42.060001373291016,39.9900016784668,43.34000015258789,41.18999862670898
2020-10-09,43.40999984741211,41.310001373291016,42.84999847412109,40.59999847412109
2020-10-12,42.68999862670898,40.400001525878906,41.720001220703125,39.43000030517578
2020-10-13,41.83000183105469,39.52999877929688,42.45000076293945,40.20000076293945
2020-10-14,42.41999816894531,40.18999862670898,43.31999969482422,41.040000915527344
2020-10-15,43.40999984741211,41.130001068115234,43.15999984741211,40.959999084472656
2020-10-16,43.040000915527344,40.880001068115234,42.93000030517578,40.880001068115234
2020-10-19,42.7400016784668,40.68999862670898,42.619998931884766,40.83000183105469
2020-10-20,42.43000030517578,40.650001525878906,43.15999984741211,41.459999084472656
2020-10-21,42.81999969482422,41.220001220703125,41.72999954223633,40.02999877929688
2020-10-22,41.720001220703125,40.040000915527344,42.459999084472656,40.63999938964844
2020-10-23,42.43999862670898,40.61000061035156,41.77000045776367,39.84999847412109
2020-10-26,41.630001068115234,39.68999862670898,40.459999084472656,38.560001373291016
2020-10-27,40.52000045776367,38.59000015258789,41.20000076293945,39.56999969482422
2020-10-28,40.709999084472656,38.970001220703125,39.119998931884766,37.38999938964844
2020-10-29,39.31999969482422,37.38999938964844,37.650001525878906,36.16999816894531
2020-10-30,37.619998931884766,36.06999969482422,37.459999084472656,35.790000915527344
2020-11-02,37.41999816894531,35.2400016784668,38.970001220703125,36.810001373291016
2020-11-03,39.220001220703125,37.02999877929688,39.709999084472656,37.65999984741211
2020-11-04,40.150001525878906,38.150001525878906,41.22999954223633,39.150001525878906
2020-11-05,41.16999816894531,39.16999816894531,40.93000030517578,38.790000915527344
2020-11-06,40.77000045776367,38.540000915527344,39.45000076293945,37.13999938964844
2020-11-09,39.70000076293945,37.34000015258789,42.400001525878906,40.290000915527344
2020-11-10,42.130001068115234,39.90999984741211,43.61000061035156,41.36000061035156
2020-11-11,43.959999084472656,41.790000915527344,43.79999923706055,41.45000076293945
2020-11-12,43.77999877929688,41.470001220703125,43.52999877929688,41.119998931884766
2020-11-13,43.33000183105469,40.93999862670898,42.77999877929688,40.130001068115234
2020-11-16,42.72999954223633,40.16999816894531,43.81999969482422,41.34000015258789
2020-11-17,43.900001525878906,41.43999862670898,43.75,41.43000030517578
2020-11-18,43.77999877929688,41.34999847412109,44.34000015258789,41.81999969482422
2020-11-19,44.15999984741211,41.61000061035156,44.20000076293945,41.7400016784668
2020-11-20,44.220001220703125,41.70000076293945,44.959999084472656,42.150001525878906
2020-11-23,45.130001068115234,42.459999084472656,46.060001373291016,43.060001373291016
2020-11-24,45.84000015258789,42.84000015258789,47.86000061035156,44.90999984741211
2020-11-25,47.86000061035156,44.81999969482422,48.61000061035156,45.709999084472656
2020-11-27,48.900001525878906,45.900001525878906,48.18000030517578,45.52999877929688
2020-11-30,47.75,45.34000015258789,47.59000015258789,45.34000015258789
2020-12-01,47.70000076293945,45.08000183105469,47.41999816894531,44.54999923706055
2020-12-02,47.13999938964844,44.380001068115234,48.25,45.27999877929688
2020-12-03,48.08000183105469,44.9900016784668,48.709999084472656,45.63999938964844
2020-12-04,48.81999969482422,45.63999938964844,49.25,46.2599983215332
2020-12-07,49.22999954223633,46.150001525878906,48.790000915527344,45.7599983215332
2020-12-08,48.68000030517578,45.65999984741211,48.84000015258789,45.59999847412109
2020-12-09,48.83000183105469,45.59999847412109,48.86000061035156,45.52000045776367
2020-12-10,48.97999954223633,45.68999862670898,50.25,46.77999877929688
2020-12-11,50.34000015258789,46.970001220703125,49.970001220703125,46.56999969482422
2020-12-14,50.060001373291016,46.72999954223633,50.290000915527344,46.9900016784668
2020-12-15,50.33000183105469,46.9900016784668,50.7599983215332,47.619998931884766
2020-12-16,50.720001220703125,47.59999847412109,51.08000183105469,47.81999969482422
2020-12-17,51.08000183105469,47.84999847412109,51.5,48.36000061035156
2020-12-18,51.45000076293945,48.43000030517578,52.2599983215332,49.09999847412109
2020-12-21,52.310001373291016,48.540000915527344,50.90999984741211,47.7400016784668
2020-12-22,50.900001525878906,47.93000030517578,50.08000183105469,47.02000045776367
2020-12-23,49.79999923706055,46.790000915527344,51.20000076293945,48.119998931884766
2020-12-24,51.09999847412109,48.09000015258789,51.290000915527344,48.22999954223633
2020-12-28,51.20000076293945,48.22999954223633,50.86000061035156,47.619998931884766
2020-12-29,51.060001373291016,47.720001220703125,51.09000015258789,48.0
2020-12-30,51.04999923706055,48.130001068115234,51.34000015258789,48.400001525878906
2020-12-31,51.5099983215332,48.34999847412109,51.79999923706055,48.52000045776367
2021-01-04,51.65999984741211,48.400001525878906,51.09000015258789,47.619998931884766
2021-01-05,50.7400016784668,47.380001068115234,53.59999847412109,49.93000030517578
2021-01-06,53.59000015258789,49.81999969482422,54.29999923706055,50.630001068115234
2021-01-07,54.13999938964844,50.52999877929688,54.380001068115234,50.83000183105469
2021-01-08,54.459999084472656,50.93000030517578,55.9900016784668,52.2400016784668
2021-01-11,56.209999084472656,52.58000183105469,55.65999984741211,52.25
2021-01-12,55.560001373291016,52.18000030517578,56.58000183105469,53.209999084472656
2021-01-13,56.72999954223633,53.310001373291016,56.060001373291016,52.90999984741211
2021-01-14,55.93999862670898,52.84000015258789,56.41999816894531,53.56999969482422
2021-01-15,56.43000030517578,53.79999923706055,55.09999847412109,52.36000061035156
2021-01-19,54.7400016784668,52.0,55.900001525878906,52.97999954223633
2021-01-20,55.900001525878906,53.130001068115234,56.08000183105469,53.2400016784668
2021-01-21,55.77999877929688,52.93000030517578,56.09999847412109,53.130001068115234
2021-01-22,56.150001525878906,53.09999847412109,55.40999984741211,52.27000045776367
2021-01-25,55.20000076293945,52.16999816894531,55.880001068115234,52.77000045776367
2021-01-26,55.97999954223633,52.90999984741211,55.90999984741211,52.61000061035156
2021-01-27,56.08000183105469,52.7599983215332,55.810001373291016,52.84999847412109
2021-01-28,55.66999816894531,52.650001525878906,55.52999877929688,52.34000015258789
2021-01-29,55.52000045776367,52.150001525878906,55.880001068115234,52.20000076293945
2021-02-01,54.900001525878906,51.9900016784668,56.34999847412109,53.54999923706055
2021-02-02,56.290000915527344,53.47999954223633,57.459999084472656,54.7599983215332
2021-02-03,57.790000915527344,55.04999923706055,58.459999084472656,55.68999862670898
2021-02-04,58.66999816894531,55.959999084472656,58.84000015258789,56.22999954223633
2021-02-05,59.09999847412109,56.459999084472656,59.34000015258789,56.84999847412109
2021-02-08,59.560001373291016,57.060001373291016,60.560001373291016,57.970001220703125
2021-02-09,60.63999938964844,58.11000061035156,61.09000015258789,58.36000061035156
2021-02-10,61.22999954223633,58.45000076293945,61.470001220703125,58.68000030517578
2021-02-11,61.209999084472656,58.400001525878906,61.13999938964844,58.2400016784668
2021-02-12,60.86000061035156,57.93999862670898,62.43000030517578,59.470001220703125
2021-02-16,62.77000045776367,59.97999954223633,63.34999847412109,60.04999923706055
2021-02-17,63.54999923706055,60.2400016784668,64.33999633789062,61.13999938964844
2021-02-18,64.87000274658203,61.68000030517578,63.93000030517578,60.52000045776367
2021-02-19,63.650001525878906,60.20000076293945,62.90999984741211,59.2400016784668
2021-02-22,62.72999954223633,58.880001068115234,65.23999786376953,61.4900016784668
2021-02-23,65.66000366210938,62.15999984741211,65.37000274658203,61.66999816894531
2021-02-24,65.2300033569336,61.290000915527344,67.04000091552734,63.220001220703125
2021-02-25,67.33999633789062,63.38999938964844,66.87999725341797,63.52999877929688
2021-02-26,66.70999908447266,63.459999084472656,66.12999725341797,61.5
2021-03-01,64.70999908447266,61.95000076293945,63.68999862670898,60.63999938964844
2021-03-02,63.38999938964844,60.22999954223633,62.70000076293945,59.75
2021-03-03,62.470001220703125,59.54999923706055,64.06999969482422,61.27999877929688
2021-03-04,63.93999862670898,61.08000183105469,66.73999786376953,63.83000183105469
2021-03-05,67.26000213623047,64.16000366210938,69.36000061035156,66.08999633789062
2021-03-08,69.9000015258789,66.68000030517578,68.23999786376953,65.05000305175781
2021-03-09,68.0999984741211,64.7300033569336,67.5199966430664,64.01000213623047
2021-03-10,67.33000183105469,63.84000015258789,67.9000015258789,64.44000244140625
2021-03-11,68.26000213623047,64.69999694824219,69.62999725341797,66.0199966430664
2021-03-12,69.58999633789062,65.95999908447266,69.22000122070312,65.61000061035156
2021-03-15,69.12000274658203,65.55999755859375,68.87999725341797,65.38999938964844
2021-03-16,68.86000061035156,65.33000183105469,68.38999938964844,64.80000305175781
2021-03-17,68.38999938964844,64.75,68.0,64.5999984741211
2021-03-18,67.93000030517578,64.41999816894531,63.27999877929688,60.0
2021-03-19,62.83000183105469,59.560001373291016,64.52999877929688,61.41999816894531
2021-03-22,64.66000366210938,61.54999923706055,64.62000274658203,61.54999923706055
2021-03-23,64.30999755859375,61.27999877929688,60.790000915527344,57.7599983215332
2021-03-24,60.34999847412109,57.400001525878906,64.41000366210938,61.18000030517578
2021-03-25,64.1500015258789,60.79999923706055,61.95000076293945,58.560001373291016
2021-03-26,61.7400016784668,58.47999954223633,64.56999969482422,60.970001220703125
2021-03-29,64.04000091552734,60.93000030517578,64.9800033569336,61.560001373291016
2021-03-30,65.30999755859375,61.959999084472656,64.13999938964844,60.54999923706055
2021-03-31,64.4800033569336,60.45000076293945,63.540000915527344,59.15999984741211
2021-04-01,62.9900016784668,59.4900016784668,64.86000061035156,61.45000076293945
2021-04-05,64.80999755859375,61.5,62.150001525878906,58.650001525878906
2021-04-06,62.29999923706055,58.79999923706055,62.7400016784668,59.33000183105469
2021-04-07,62.68000030517578,59.2599983215332,63.15999984741211,59.77000045776367
2021-04-08,62.97999954223633,59.52000045776367,63.20000076293945,59.59999847412109
2021-04-09,63.290000915527344,59.7599983215332,62.95000076293945,59.31999969482422
2021-04-12,63.02000045776367,59.34999847412109,63.27999877929688,59.70000076293945
2021-04-13,63.2400016784668,59.63999938964844,63.66999816894531,60.18000030517578
2021-04-14,64.01000213623047,60.43999862670898,66.58000183105469,63.150001525878906
2021-04-15,66.3499984741211,62.83000183105469,66.94000244140625,63.459999084472656
2021-04-16,66.86000061035156,63.31999969482422,66.7699966430664,63.130001068115234
2021-04-19,66.69000244140625,62.97999954223633,67.05000305175781,63.380001068115234
2021-04-20,67.12000274658203,63.470001220703125,66.56999969482422,62.43999862670898
2021-04-21,66.36000061035156,62.38999938964844,65.31999969482422,61.34999847412109
2021-04-22,65.11000061035156,61.11000061035156,65.4000015258789,61.43000030517578
2021-04-23,65.62000274658203,61.650001525878906,66.11000061035156,62.13999938964844
2021-04-26,66.0199966430664,62.060001373291016,65.6500015258789,61.90999984741211
2021-04-27,65.7699966430664,61.970001220703125,66.41999816894531,62.93999862670898
2021-04-28,66.66000366210938,63.040000915527344,67.2699966430664,63.86000061035156
2021-04-29,67.04000091552734,63.70000076293945,68.55999755859375,65.01000213623047
2021-04-30,68.31999969482422,64.87999725341797,67.25,63.58000183105469
2021-05-03,66.7699966430664,63.63999938964844,67.55999755859375,64.48999786376953
2021-05-04,67.6500015258789,64.52999877929688,68.87999725341797,65.69000244140625
2021-05-05,69.5,66.44999694824219,68.95999908447266,65.62999725341797
2021-05-06,68.56999969482422,65.2699966430664,68.08999633789062,64.70999908447266
2021-05-07,68.29000091552734,64.9000015258789,68.27999877929688,64.9000015258789
2021-05-10,68.62000274658203,65.56999969482422,68.31999969482422,64.91999816894531
2021-05-11,68.23999786376953,64.9000015258789,68.55000305175781,65.27999877929688
2021-05-12,68.72000122070312,65.45999908447266,69.31999969482422,66.08000183105469
2021-05-13,69.0199966430664,65.75,67.05000305175781,63.81999969482422
2021-05-14,67.01000213623047,63.83000183105469,68.70999908447266,65.37000274658203
2021-05-17,68.86000061035156,65.5,69.45999908447266,66.2699966430664
2021-05-18,69.52999877929688,66.33000183105469,68.70999908447266,65.48999786376953
2021-05-19,68.58000183105469,65.27999877929688,66.66000366210938,63.36000061035156
2021-05-20,66.7300033569336,63.38999938964844,65.11000061035156,62.04999923706055
2021-05-21,65.04000091552734,61.88999938964844,66.44000244140625,63.58000183105469
2021-05-24,66.63999938964844,63.869998931884766,68.45999908447266,66.05000305175781
2021-05-25,68.38999938964844,66.0199966430664,68.6500015258789,66.06999969482422
2021-05-26,68.62999725341797,66.04000091552734,68.87000274658203,66.20999908447266
2021-05-27,68.87999725341797,66.16000366210938,69.45999908447266,66.8499984741211
2021-05-28,69.62000274658203,66.94999694824219,69.62999725341797,66.31999969482422
2021-06-01,69.02999877929688,66.68000030517578,70.25,67.72000122070312
2021-06-02,70.55999755859375,67.98999786376953,71.3499984741211,68.83000183105469
2021-06-03,71.2699966430664,68.76000213623047,71.30999755859375,68.80999755859375
2021-06-04,71.3499984741211,68.91000366210938,71.88999938964844,69.62000274658203
2021-06-07,71.69999694824219,69.5199966430664,71.48999786376953,69.2300033569336
2021-06-08,71.38999938964844,69.29000091552734,72.22000122070312,70.05000305175781
2021-06-09,72.13999938964844,70.01000213623047,72.22000122070312,69.95999908447266
2021-06-10,72.08999633789062,69.76000213623047,72.5199966430664,70.29000091552734
2021-06-11,72.38999938964844,70.0999984741211,72.69000244140625,70.91000366210938
2021-06-14,72.48999786376953,70.6500015258789,72.86000061035156,70.87999725341797
2021-06-15,73.0999984741211,71.16000366210938,73.98999786376953,72.12000274658203
2021-06-16,74.30000305175781,72.44999694824219,74.38999938964844,72.1500015258789
2021-06-17,73.9800033569336,71.6500015258789,73.08000183105469,71.04000091552734
2021-06-18,73.06999969482422,71.0999984741211,73.51000213623047,71.63999938964844
2021-06-21,73.33000183105469,71.5199966430664,74.9000015258789,73.66000366210938
2021-06-22,74.80999755859375,73.41000366210938,74.80999755859375,73.05999755859375
2021-06-23,74.76000213623047,72.91000366210938,75.19000244140625,73.08000183105469
2021-06-24,75.37000274658203,73.27999877929688,75.55999755859375,73.30000305175781
2021-06-25,75.61000061035156,73.31999969482422,76.18000030517578,74.05000305175781
2021-06-28,76.16000366210938,73.98999786376953,74.68000030517578,72.91000366210938
2021-06-29,74.5999984741211,72.77999877929688,74.76000213623047,72.9800033569336
2021-06-30,75.13999938964844,73.47000122070312,75.12999725341797,73.47000122070312
2021-07-01,74.69999694824219,73.5,75.83999633789062,75.2300033569336
2021-07-02,75.58999633789062,75.0199966430664,76.16999816894531,75.16000366210938
2021-07-06,76.08999633789062,75.3499984741211,74.52999877929688,73.37000274658203
2021-07-07,74.95999908447266,73.8499984741211,73.43000030517578,72.19999694824219
2021-07-08,73.47000122070312,72.16999816894531,74.12000274658203,72.94000244140625
2021-07-09,74.36000061035156,73.26000213623047,75.55000305175781,74.55999755859375
2021-07-12,75.63999938964844,74.73999786376953,75.16000366210938,74.0999984741211
2021-07-13,75.2300033569336,74.18000030517578,76.48999786376953,75.25
2021-07-14,76.4000015258789,75.16999816894531,74.76000213623047,73.12999725341797
2021-07-15,74.55000305175781,72.95999908447266,73.47000122070312,71.6500015258789
2021-07-16,73.26000213623047,71.4800033569336,73.58999633789062,71.80999755859375
2021-07-19,73.0,71.48999786376953,68.62000274658203,66.41999816894531
2021-07-20,68.76000213623047,66.5999984741211,69.3499984741211,67.41999816894531
2021-07-21,68.73999786376953,66.44999694824219,72.2300033569336,70.30000305175781
2021-07-22,72.0999984741211,70.22000122070312,73.79000091552734,71.91000366210938
2021-07-23,73.70999908447266,71.70999908447266,74.0999984741211,72.06999969482422
2021-07-26,74.16999816894531,72.18000030517578,74.5,71.91000366210938
2021-07-27,74.79000091552734,72.22000122070312,74.4800033569336,71.6500015258789
2021-07-28,74.66000366210938,71.9000015258789,74.73999786376953,72.38999938964844
2021-07-29,74.80999755859375,72.4000015258789,76.05000305175781,73.62000274658203
2021-07-30,75.80000305175781,73.41000366210938,76.33000183105469,73.94999694824219
2021-08-02,75.18000030517578,73.91000366210938,72.88999938964844,71.26000213623047
2021-08-03,73.2300033569336,71.5199966430664,72.41000366210938,70.55999755859375
2021-08-04,72.33000183105469,70.31999969482422,70.37999725341797,68.1500015258789
2021-08-05,70.25,68.05999755859375,71.29000091552734,69.08999633789062
2021-08-06,71.26000213623047,69.13999938964844,70.69999694824219,68.27999877929688
2021-08-09,70.05999755859375,67.87999725341797,69.04000091552734,66.4800033569336
2021-08-10,69.29000091552734,66.8499984741211,70.62999725341797,68.29000091552734
2021-08-11,70.91000366210938,68.51000213623047,71.44000244140625,69.25
2021-08-12,71.58000183105469,69.36000061035156,71.30999755859375,69.08999633789062
2021-08-13,71.12000274658203,68.91000366210938,70.58999633789062,68.44000244140625
2021-08-16,70.22000122070312,68.12999725341797,69.51000213623047,67.29000091552734
2021-08-17,69.6500015258789,67.43000030517578,69.02999877929688,66.58999633789062
2021-08-18,69.01000213623047,66.58000183105469,68.2300033569336,65.45999908447266
2021-08-19,67.41999816894531,64.58000183105469,66.44999694824219,63.68999862670898
2021-08-20,66.5999984741211,64.05000305175781,65.18000030517578,62.31999969482422
2021-08-23,65.18000030517578,61.959999084472656,68.75,65.63999938964844
2021-08-24,68.68000030517578,65.54000091552734,71.05000305175781,67.54000091552734
2021-08-25,71.12999725341797,67.62999725341797,72.25,68.36000061035156
2021-08-26,71.83999633789062,68.0,71.06999969482422,67.41999816894531
2021-08-27,71.41999816894531,67.75,72.69999694824219,68.73999786376953
2021-08-30,73.58999633789062,69.30000305175781,73.41000366210938,69.20999908447266
2021-08-31,73.02999877929688,69.18000030517578,72.98999786376953,68.5
2021-09-01,71.69999694824219,68.55000305175781,71.58999633789062,68.58999633789062
2021-09-02,71.23999786376953,68.29000091552734,73.02999877929688,69.98999786376953
2021-09-03,72.80999755859375,69.76000213623047,72.61000061035156,69.29000091552734
2021-09-07,72.69000244140625,69.11000061035156,71.69000244140625,68.3499984741211
2021-09-08,71.58000183105469,68.37000274658203,72.5999984741211,69.30000305175781
2021-09-09,72.62000274658203,69.36000061035156,71.44999694824219,68.13999938964844
2021-09-10,71.30999755859375,67.97000122070312,72.91999816894531,69.72000122070312
2021-09-13,73.05000305175781,69.73999786376953,73.51000213623047,70.44999694824219
2021-09-14,73.7300033569336,70.63999938964844,73.5999984741211,70.45999908447266
2021-09-15,73.83999633789062,70.76000213623047,75.45999908447266,72.61000061035156
2021-09-16,75.45999908447266,72.6500015258789,75.66999816894531,72.61000061035156
2021-09-17,75.01000213623047,72.62000274658203,75.33999633789062,71.97000122070312
2021-09-20,75.38999938964844,71.91999816894531,73.91999816894531,70.29000091552734
2021-09-21,74.2300033569336,70.58999633789062,74.36000061035156,70.55999755859375
2021-09-22,74.61000061035156,70.8499984741211,76.19000244140625,72.2300033569336
2021-09-23,75.87000274658203,71.97000122070312,77.25,73.30000305175781
2021-09-24,77.18000030517578,73.23999786376953,78.08999633789062,73.9800033569336
2021-09-27,78.2300033569336,74.19000244140625,79.52999877929688,75.44999694824219
2021-09-28,79.41999816894531,75.43000030517578,79.08999633789062,75.29000091552734
2021-09-29,78.25,74.37999725341797,78.63999938964844,74.83000183105469
2021-09-30,78.33000183105469,74.77999877929688,78.5199966430664,75.02999877929688
2021-10-01,78.41000366210938,75.12000274658203,79.27999877929688,75.87999725341797
2021-10-04,79.36000061035156,75.9000015258789,81.26000213623047,77.62000274658203
2021-10-05,81.27999877929688,77.58000183105469,82.55999755859375,78.93000030517578
2021-10-06,82.66000366210938,79.04000091552734,81.08000183105469,77.43000030517578
2021-10-07,80.80000305175781,77.0,81.94999694824219,78.30000305175781
2021-10-08,82.38999938964844,78.86000061035156,82.38999938964844,79.3499984741211
2021-10-11,82.58999633789062,79.58999633789062,83.6500015258789,80.5199966430664
2021-10-12,83.61000061035156,80.5,83.41999816894531,80.63999938964844
2021-10-13,83.16000366210938,80.58000183105469,83.18000030517578,80.44000244140625
2021-10-14,83.3499984741211,80.58999633789062,84.0,81.30999755859375
2021-10-15,84.19999694824219,81.4800033569336,84.86000061035156,82.27999877929688
2021-10-18,85.05000305175781,82.5999984741211,84.33000183105469,82.44000244140625
2021-10-19,84.11000061035156,82.37000274658203,85.08000183105469,82.95999908447266
2021-10-20,85.0999984741211,83.33999633789062,85.81999969482422,83.87000274658203
2021-10-21,85.87999725341797,83.58000183105469,84.61000061035156,82.5
2021-10-22,84.6500015258789,82.61000061035156,85.52999877929688,83.76000213623047
2021-10-25,85.70999908447266,83.9800033569336,85.98999786376953,83.76000213623047
2021-10-26,86.02999877929688,83.72000122070312,86.4000015258789,84.6500015258789
2021-10-27,86.12999725341797,84.38999938964844,84.58000183105469,82.66000366210938
2021-10-28,84.18000030517578,82.25,84.31999969482422,82.80999755859375
2021-10-29,84.19000244140625,83.08999633789062,84.37999725341797,83.56999969482422
2021-11-01,83.7300033569336,83.36000061035156,84.70999908447266,84.05000305175781
2021-11-02,84.41999816894531,83.87000274658203,84.72000122070312,83.91000366210938
2021-11-03,84.04000091552734,83.06999969482422,81.98999786376953,80.86000061035156
2021-11-04,81.31999969482422,80.18000030517578,80.54000091552734,78.80999755859375
2021-11-05,81.0,79.37000274658203,82.73999786376953,81.2699966430664
2021-11-08,82.56999969482422,81.12999725341797,83.43000030517578,81.93000030517578
2021-11-09,83.58999633789062,82.16000366210938,84.77999877929688,84.1500015258789
2021-11-10,85.16000366210938,84.52999877929688,82.63999938964844,81.33999633789062
2021-11-11,82.63999938964844,81.41000366210938,82.87000274658203,81.58999633789062
2021-11-12,82.66999816894531,81.20999908447266,82.16999816894531,80.79000091552734
2021-11-15,81.91999816894531,80.66000366210938,82.05000305175781,80.87999725341797
2021-11-16,82.11000061035156,80.93000030517578,82.43000030517578,80.76000213623047
2021-11-17,82.33000183105469,80.54000091552734,80.27999877929688,78.36000061035156
2021-11-18,80.27999877929688,78.33999633789062,81.23999786376953,79.01000213623047
2021-11-19,81.01000213623047,78.76000213623047,78.88999938964844,76.0999984741211
2021-11-22,78.66999816894531,75.75,79.69999694824219,76.75
2021-11-23,79.41999816894531,76.45999908447266,82.30999755859375,78.5
2021-11-24,82.19999694824219,78.4800033569336,82.25,78.38999938964844
2021-11-26,82.2699966430664,78.33999633789062,72.72000122070312,68.1500015258789
2021-11-29,73.58999633789062,69.2300033569336,73.44000244140625,69.94999694824219
2021-11-30,74.56999969482422,70.04000091552734,70.56999969482422,66.18000030517578
2021-12-01,70.13999938964844,67.01000213623047,68.87000274658203,65.56999969482422
2021-12-02,68.80999755859375,65.62999725341797,69.66999816894531,66.5
2021-12-03,70.5,67.5,69.87999725341797,66.26000213623047
2021-12-06,70.30000305175781,67.0199966430664,73.08000183105469,69.48999786376953
2021-12-07,73.54000091552734,69.72000122070312,75.44000244140625,72.05000305175781
2021-12-08,75.2699966430664,71.86000061035156,75.81999969482422,72.36000061035156
2021-12-09,76.0199966430664,72.5199966430664,74.41999816894531,70.94000244140625
2021-12-10,74.0999984741211,70.68000030517578,75.1500015258789,71.66999816894531
2021-12-13,75.54000091552734,72.04000091552734,74.38999938964844,71.29000091552734
2021-12-14,74.30000305175781,71.12000274658203,73.69999694824219,70.7300033569336
2021-12-15,73.26000213623047,70.3499984741211,73.87999725341797,70.87000274658203
2021-12-16,74.56999969482422,71.4800033569336,75.0199966430664,72.37999725341797
2021-12-17,74.51000213623047,71.91999816894531,73.5199966430664,70.86000061035156
2021-12-20,73.05999755859375,70.06999969482422,71.5199966430664,68.2300033569336
2021-12-21,72.0999984741211,69.20999908447266,73.9800033569336,71.12000274658203
2021-12-22,74.04000091552734,71.2699966430664,75.29000091552734,72.76000213623047
2021-12-23,75.66999816894531,73.02999877929688,76.8499984741211,73.79000091552734
2021-12-27,76.30000305175781,73.37999725341797,78.5999984741211,75.56999969482422
2021-12-28,78.87000274658203,75.97000122070312,78.94000244140625,75.9800033569336
2021-12-29,79.0,76.04000091552734,79.2300033569336,76.55999755859375
2021-12-30,79.25,76.58000183105469,79.31999969482422,76.98999786376953
2021-12-31,79.1500015258789,76.66000366210938,77.77999877929688,75.20999908447266
2022-01-03,77.94000244140625,75.69000244140625,78.9800033569336,76.08000183105469
2022-01-04,78.94999694824219,76.0199966430664,80.0,76.98999786376953
2022-01-05,80.08000183105469,77.18000030517578,80.80000305175781,77.8499984741211
2022-01-06,80.1500015258789,77.23999786376953,81.98999786376953,79.45999908447266
2022-01-07,82.05999755859375,79.62000274658203,81.75,78.9000015258789
2022-01-10,81.79000091552734,78.87999725341797,80.87000274658203,78.2300033569336
2022-01-11,80.95999908447266,78.41999816894531,83.72000122070312,81.22000122070312
2022-01-12,83.69000244140625,81.37999725341797,84.66999816894531,82.63999938964844
2022-01-13,84.77999877929688,82.81999969482422,84.47000122070312,82.12000274658203
2022-01-14,84.12999725341797,81.7300033569336,86.05999755859375,83.81999969482422
2022-01-18,86.5,84.31999969482422,87.51000213623047,85.43000030517578
2022-01-19,88.44999694824219,86.61000061035156,88.44000244140625,86.95999908447266
2022-01-20,87.7300033569336,86.2300033569336,88.37999725341797,86.9000015258789
2022-01-21,87.3499984741211,84.56999969482422,87.88999938964844,85.13999938964844
2022-01-24,87.6500015258789,84.91000366210938,86.2699966430664,83.30999755859375
2022-01-25,87.16999816894531,84.1500015258789,88.19999694824219,85.5999984741211
2022-01-26,88.0199966430664,85.26000213623047,89.95999908447266,87.3499984741211
2022-01-27,89.77999877929688,87.1500015258789,89.33999633789062,86.61000061035156
2022-01-28,89.88999938964844,87.5,90.02999877929688,86.81999969482422
2022-01-31,90.8000030517578,87.44999694824219,91.20999908447266,88.1500015258789
2022-02-01,89.37999725341797,88.1500015258789,89.16000366210938,88.19999694824219
2022-02-02,89.29000091552734,88.3499984741211,89.47000122070312,88.26000213623047
2022-02-03,89.05999755859375,87.9800033569336,91.11000061035156,90.2699966430664
2022-02-04,91.04000091552734,90.19000244140624,93.2699966430664,92.30999755859376
2022-02-07,92.7300033569336,91.81999969482422,92.69000244140624,91.31999969482422
2022-02-08,93.01000213623048,91.63999938964844,90.77999877929688,89.36000061035156
2022-02-09,91.2699966430664,89.86000061035156,91.5500030517578,89.66000366210938
2022-02-10,91.72000122070312,90.01000213623047,91.41000366210938,89.87999725341797
2022-02-11,91.26000213623048,90.0,94.44000244140624,93.0999984741211
2022-02-14,95.30999755859376,93.91000366210938,96.4800033569336,95.45999908447266
2022-02-15,95.76000213623048,94.83000183105467,93.27999877929688,92.06999969482422
2022-02-16,93.58999633789062,92.20999908447266,94.80999755859376,93.66000366210938
2022-02-17,92.08999633789062,90.9000015258789,92.97000122070312,91.76000213623048
2022-02-18,92.9800033569336,91.62999725341795,93.54000091552734,91.06999969482422
2022-02-22,94.27999877929688,91.75,96.83999633789062,92.3499984741211
2022-02-23,96.62999725341795,91.73999786376952,96.83999633789062,92.0999984741211
2022-02-24,97.55999755859376,92.5199966430664,99.08000183105467,92.80999755859376
2022-02-25,99.6500015258789,93.31999969482422,97.93000030517578,91.58999633789062
2022-02-28,100.4800033569336,94.98999786376952,100.98999786376952,95.72000122070312
2022-03-01,98.11000061035156,96.08999633789062,104.97000122070312,103.41000366210938
2022-03-02,107.54000091552734,107.12000274658205,112.93000030517578,110.5999984741211
2022-03-03,114.25,111.33000183105467,110.45999908447266,107.66999816894533
2022-03-04,110.58000183105467,107.95999908447266,118.11000061035156,115.68000030517578
2022-03-07,121.23999786376952,121.33000183105467,123.20999908447266,119.4000015258789
2022-03-08,124.25,120.66999816894533,127.9800033569336,123.6999969482422
2022-03-09,129.57000732421875,124.66000366210938,111.13999938964844,108.6999969482422
2022-03-10,112.73999786376952,110.41000366210938,109.33000183105467,106.0199966430664
2022-03-11,109.72000122070312,105.98999786376952,112.66999816894533,109.33000183105467
2022-03-14,112.9000015258789,109.41999816894533,106.9000015258789,103.01000213623048
2022-03-15,106.0,102.27999877929688,99.91000366210938,96.44000244140624
2022-03-16,99.04000091552734,95.2300033569336,98.0199966430664,95.04000091552734
2022-03-17,98.0999984741211,95.33999633789062,106.63999938964844,102.9800033569336
2022-03-18,107.23999786376952,103.62000274658205,107.93000030517578,104.6999969482422
2022-03-21,107.37000274658205,105.12999725341795,115.62000274658205,112.12000274658205
2022-03-22,116.8499984741211,112.9000015258789,115.4800033569336,111.76000213623048
2022-03-23,114.73999786376952,108.8499984741211,121.5999984741211,114.93000030517578
2022-03-24,121.2699966430664,114.47000122070312,119.02999877929688,112.33999633789062
2022-03-25,118.27999877929688,111.75,120.6500015258789,113.9000015258789
2022-03-28,120.30999755859376,112.91999816894533,112.4800033569336,105.95999908447266
2022-03-29,109.7300033569336,103.47000122070312,110.2300033569336,104.23999786376952
2022-03-30,111.0,105.23999786376952,113.4499969482422,107.81999969482422
2022-03-31,108.70999908447266,107.4499969482422,107.91000366210938,100.27999877929688
2022-04-01,105.98999786376952,101.2300033569336,104.38999938964844,99.2699966430664
2022-04-04,104.25,98.9499969482422,107.52999877929688,103.27999877929688
2022-04-05,108.23999786376952,103.66000366210938,106.63999938964844,101.95999908447266
2022-04-06,105.79000091552734,101.23999786376952,101.06999969482422,96.2300033569336
2022-04-07,102.1500015258789,97.16000366210938,100.58000183105467,96.02999877929688
2022-04-08,101.69000244140624,97.16999816894533,102.77999877929688,98.26000213623048
2022-04-11,103.06999969482422,98.4000015258789,98.4800033569336,94.29000091552734
2022-04-12,99.25,95.16999816894533,104.63999938964844,100.5999984741211
2022-04-13,104.9800033569336,100.91000366210938,108.77999877929688,104.25
2022-04-14,108.37000274658205,104.1999969482422,111.6999969482422,106.9499969482422
2022-04-18,111.88999938964844,107.02999877929688,113.16000366210938,108.20999908447266
2022-04-19,112.6500015258789,107.75,107.25,102.55999755859376
2022-04-20,107.72000122070312,103.0500030517578,106.8000030517578,102.75
2022-04-21,107.01000213623048,102.5,108.33000183105467,103.79000091552734
2022-04-22,108.63999938964844,104.06999969482422,106.6500015258789,102.06999969482422
2022-04-25,105.73999786376952,101.37999725341795,102.31999969482422,98.54000091552734
2022-04-26,102.56999969482422,98.63999938964844,104.98999786376952,101.6999969482422
2022-04-27,105.37000274658205,101.76000213623048,105.31999969482422,102.0199966430664
2022-04-28,104.76000213623048,102.11000061035156,107.58999633789062,105.36000061035156
2022-04-29,107.6500015258789,105.16999816894533,109.33999633789062,104.69000244140624
2022-05-02,106.1999969482422,104.0,107.58000183105467,105.16999816894533
2022-05-03,107.37000274658205,105.08000183105467,104.97000122070312,102.41000366210938
2022-05-04,106.0999984741211,103.5,110.13999938964844,107.80999755859376
2022-05-05,110.13999938964844,107.58000183105467,110.9000015258789,108.26000213623048
2022-05-06,111.1500015258789,108.6999969482422,112.38999938964844,109.7699966430664
2022-05-09,113.0500030517578,110.43000030517578,105.94000244140624,103.08999633789062
2022-05-10,105.55999755859376,102.6500015258789,102.45999908447266,99.76000213623048
2022-05-11,101.6999969482422,99.0,107.51000213623048,105.70999908447266
2022-05-12,107.55999755859376,105.62999725341795,107.4499969482422,106.12999725341795
2022-05-13,108.0,106.6500015258789,111.5500030517578,110.48999786376952
2022-05-16,111.41000366210938,110.9800033569336,114.23999786376952,114.1999969482422
2022-05-17,114.29000091552734,113.87000274658205,111.93000030517578,112.4000015258789
2022-05-18,112.88999938964844,113.66000366210938,109.11000061035156,109.58999633789062
2022-05-19,109.3000030517578,109.08999633789062,112.04000091552734,112.20999908447266
2022-05-20,111.5,111.4499969482422,112.5500030517578,113.2300033569336
2022-05-23,112.73999786376952,110.55999755859376,113.41999816894533,110.29000091552734
2022-05-24,113.36000061035156,110.41000366210938,113.55999755859376,109.7699966430664
2022-05-25,113.91999816894533,110.38999938964844,114.02999877929688,110.33000183105467
2022-05-26,114.4499969482422,110.69000244140624,117.4000015258789,114.08999633789062
2022-05-27,117.54000091552734,114.1999969482422,119.43000030517578,115.06999969482422
2022-05-31,119.47000122070312,114.95999908447266,122.83999633789062,114.66999816894533
2022-06-01,116.62999725341795,115.4000015258789,116.29000091552734,115.26000213623048
2022-06-02,115.81999969482422,114.8000030517578,117.61000061035156,116.87000274658205
2022-06-03,118.26000213623048,117.5500030517578,119.72000122070312,118.87000274658205
2022-06-06,121.3499984741211,120.81999969482422,119.51000213623048,118.5
2022-06-07,120.08000183105467,119.0999984741211,120.56999969482422,119.41000366210938
2022-06-08,121.02999877929688,119.79000091552734,123.58000183105467,122.11000061035156
2022-06-09,123.88999938964844,122.43000030517578,123.06999969482422,121.51000213623048
2022-06-10,122.94000244140624,121.45999908447266,122.01000213623048,120.66999816894533
2022-06-13,121.69000244140624,120.19000244140624,122.2699966430664,120.93000030517578
2022-06-14,122.5,121.08999633789062,121.16999816894533,118.93000030517578
2022-06-15,121.0,119.06999969482422,118.51000213623048,115.30999755859376
2022-06-16,119.12000274658205,115.9800033569336,119.80999755859376,117.58999633789062
2022-06-17,119.33999633789062,117.08000183105467,113.12000274658205,109.55999755859376
2022-06-21,113.8000030517578,110.58000183105467,114.6500015258789,110.6500015258789
2022-06-22,114.56999969482422,109.54000091552734,111.73999786376952,106.19000244140624
2022-06-23,110.22000122070312,104.41999816894533,110.0500030517578,104.2699966430664
2022-06-24,109.80999755859376,103.98999786376952,113.12000274658205,107.62000274658205
2022-06-27,112.45999908447266,107.22000122070312,115.08999633789062,109.56999969482422
2022-06-28,115.83999633789062,110.18000030517578,117.9800033569336,111.76000213623048
2022-06-29,117.95999908447266,111.86000061035156,116.26000213623048,109.77999877929688
2022-06-30,116.04000091552734,109.6999969482422,114.80999755859376,105.76000213623048
2022-07-01,109.45999908447266,106.01000213623048,111.62999725341795,108.43000030517578
2022-07-05,111.61000061035156,108.8000030517578,102.7699966430664,99.5
2022-07-06,104.0,100.36000061035156,100.69000244140624,98.52999877929688
2022-07-07,99.95999908447266,98.22000122070312,104.6500015258789,102.7300033569336
2022-07-08,104.48999786376952,102.22000122070312,107.0199966430664,104.79000091552734
2022-07-11,106.76000213623048,104.79000091552734,107.0999984741211,104.08999633789062
2022-07-12,106.2300033569336,103.45999908447266,99.48999786376952,95.83999633789062
2022-07-13,99.30999755859376,95.88999938964844,99.56999969482422,96.3000030517578
2022-07-14,99.8499984741211,96.56999969482422,99.0999984741211,95.77999877929688
2022-07-15,99.5999984741211,96.38999938964844,101.16000366210938,97.58999633789062
2022-07-18,100.91999816894533,97.2699966430664,106.2699966430664,102.5999984741211
2022-07-19,105.58999633789062,102.0,107.3499984741211,104.22000122070312
2022-07-20,107.1500015258789,103.5999984741211,106.91999816894533,102.26000213623048
2022-07-21,106.79000091552734,99.91000366210938,103.86000061035156,96.3499984741211
2022-07-22,104.25,96.51000213623048,103.1999969482422,94.6999969482422
2022-07-25,103.44000244140624,95.0999984741211,105.1500015258789,96.6999969482422
2022-07-26,104.80999755859376,96.33000183105467,104.4000015258789,94.9800033569336
2022-07-27,104.77999877929688,95.5999984741211,106.62000274658205,97.26000213623048
2022-07-28,107.48999786376952,98.16999816894533,107.13999938964844,96.41999816894533
2022-07-29,108.0500030517578,97.3000030517578,110.01000213623048,98.62000274658205
2022-08-01,103.87000274658205,98.45999908447266,100.02999877929688,93.88999938964844
2022-08-02,100.0,93.75,100.54000091552734,94.41999816894533
2022-08-03,99.63999938964844,93.83000183105467,96.77999877929688,90.66000366210938
2022-08-04,97.01000213623048,90.9499969482422,94.12000274658205,88.54000091552734
2022-08-05,93.58999633789062,88.05999755859375,94.91999816894533,89.01000213623047
2022-08-08,94.2699966430664,88.45999908447266,96.6500015258789,90.76000213623048
2022-08-09,96.54000091552734,90.69000244140624,96.30999755859376,90.5
2022-08-10,96.45999908447266,90.51000213623048,97.4000015258789,91.93000030517578
2022-08-11,97.2699966430664,91.5500030517578,99.5999984741211,94.33999633789062
2022-08-12,99.29000091552734,94.08999633789062,98.1500015258789,92.08999633789062
2022-08-15,97.76000213623048,91.94000244140624,95.0999984741211,89.41000366210938
2022-08-16,93.63999938964844,87.93000030517578,92.33999633789062,86.52999877929688
2022-08-17,92.7699966430664,87.0999984741211,93.6500015258789,88.11000061035156
2022-08-18,93.18000030517578,87.38999938964844,96.58999633789062,90.5
2022-08-19,96.62999725341795,90.38999938964844,96.72000122070312,90.7699966430664
2022-08-22,95.66000366210938,89.6500015258789,96.4800033569336,90.2300033569336
2022-08-23,96.58000183105467,90.5500030517578,100.22000122070312,93.73999786376952
2022-08-24,100.16000366210938,93.77999877929688,101.22000122070312,94.88999938964844
2022-08-25,101.5999984741211,95.3499984741211,99.33999633789062,92.5199966430664
2022-08-26,99.87999725341795,93.05999755859376,100.98999786376952,93.05999755859376
2022-08-29,100.83000183105467,92.95999908447266,105.08999633789062,97.01000213623048
2022-08-30,105.0,96.9000015258789,99.30999755859376,91.63999938964844
2022-08-31,99.70999908447266,92.30999755859376,96.48999786376952,89.55000305175781
2022-09-01,94.77999877929688,88.83000183105469,92.36000061035156,86.61000061035156
2022-09-02,92.0,86.55999755859375,93.0199966430664,86.87000274658203
2022-09-06,93.08999633789062,86.83999633789062,92.83000183105467,86.87999725341797
2022-09-07,92.8000030517578,86.93000030517578,88.0,81.94000244140625
2022-09-08,87.63999938964844,81.91000366210938,89.1500015258789,83.54000091552734
2022-09-09,88.45999908447266,82.80000305175781,92.83999633789062,86.79000091552734
2022-09-12,92.3000030517578,86.25,94.0,87.77999877929688
2022-09-13,94.20999908447266,88.08999633789062,93.16999816894533,87.30999755859375
2022-09-14,93.48999786376952,87.94000244140625,94.0999984741211,88.4800033569336
2022-09-15,94.43000030517578,88.91000366210938,90.83999633789062,85.0999984741211
2022-09-16,90.6500015258789,85.16000366210938,91.3499984741211,85.11000061035156
2022-09-19,91.6500015258789,85.20999908447266,92.0,85.7300033569336
2022-09-20,91.97000122070312,85.61000061035156,90.62000274658205,84.44999694824219
2022-09-21,90.69000244140624,84.25,89.83000183105469,82.94000244140625
2022-09-22,89.91999816894531,83.06999969482422,90.45999908447266,83.48999786376953
2022-09-23,90.3499984741211,83.54000091552734,86.1500015258789,78.73999786376953
2022-09-26,86.72000122070312,79.2300033569336,84.05999755859375,76.70999908447266
2022-09-27,83.91000366210938,76.47000122070312,86.2699966430664,78.5
2022-09-28,85.83000183105469,78.08000183105469,89.31999969482422,82.1500015258789
2022-09-29,88.94999694824219,81.9000015258789,88.48999786376953,81.2300033569336
2022-09-30,88.55999755859375,81.73999786376953,87.95999908447266,79.48999786376953
2022-10-03,86.51000213623047,81.0199966430664,88.86000061035156,83.62999725341797
2022-10-04,88.88999938964844,83.22000122070312,91.8000030517578,86.5199966430664
2022-10-05,91.6500015258789,86.37000274658203,93.37000274658205,87.76000213623047
2022-10-06,93.83000183105467,88.08000183105469,94.41999816894533,88.44999694824219
2022-10-07,94.98999786376952,88.93000030517578,97.91999816894533,92.63999938964844
2022-10-10,98.6999969482422,93.4800033569336,96.19000244140624,91.12999725341795
2022-10-11,96.1500015258789,91.13999938964844,94.29000091552734,89.3499984741211
2022-10-12,93.69000244140624,88.66999816894531,92.4499969482422,87.2699966430664
2022-10-13,92.47000122070312,87.08000183105469,94.56999969482422,89.11000061035156
2022-10-14,94.75,89.2699966430664,91.62999725341795,85.61000061035156
2022-10-17,91.70999908447266,85.58999633789062,91.62000274658205,85.45999908447266
2022-10-18,92.0199966430664,85.69999694824219,90.02999877929688,82.81999969482422
2022-10-19,90.79000091552734,83.69000244140625,92.41000366210938,85.55000305175781
2022-10-20,92.51000213623048,85.94000244140625,92.37999725341795,85.9800033569336
2022-10-21,92.79000091552734,85.06999969482422,93.5,85.05000305175781
2022-10-24,93.61000061035156,85.23999786376953,93.26000213623048,84.58000183105469
2022-10-25,93.55999755859376,84.87999725341797,93.5199966430664,85.31999969482422
2022-10-26,93.25,85.06999969482422,95.69000244140624,87.91000366210938
2022-10-27,96.16000366210938,88.26000213623047,96.95999908447266,89.08000183105469
2022-10-28,96.77999877929688,88.66999816894531,95.7699966430664,87.9000015258789
2022-10-31,96.0,88.38999938964844,94.83000183105467,86.52999877929688
2022-11-01,92.8000030517578,86.43000030517578,94.6500015258789,88.37000274658203
2022-11-02,94.66999816894533,88.62000274658203,96.16000366210938,90.0
2022-11-03,95.66000366210938,89.3499984741211,94.66999816894533,88.16999816894531
2022-11-04,94.4800033569336,87.9000015258789,98.56999969482422,92.61000061035156
2022-11-07,97.77999877929688,91.0,97.91999816894533,91.79000091552734
2022-11-08,98.0,91.87000274658205,95.36000061035156,88.91000366210938
2022-11-09,95.01000213623048,88.56999969482422,92.6500015258789,85.83000183105469
2022-11-10,92.54000091552734,85.8499984741211,93.66999816894533,86.47000122070312
2022-11-11,93.2699966430664,86.2699966430664,95.98999786376952,88.95999908447266
2022-11-14,95.97000122070312,89.0199966430664,93.13999938964844,85.87000274658203
2022-11-15,92.52999877929688,85.25,93.86000061035156,86.91999816894531
2022-11-16,93.76000213623048,86.88999938964844,92.86000061035156,85.58999633789062
2022-11-17,92.8000030517578,85.22000122070312,89.77999877929688,81.63999938964844
2022-11-18,89.9800033569336,82.08999633789062,87.62000274658203,80.08000183105469
2022-11-21,87.80000305175781,80.30000305175781,87.44999694824219,79.7300033569336
2022-11-22,87.6500015258789,80.22000122070312,88.36000061035156,80.94999694824219
2022-11-23,88.41000366210938,81.08000183105469,85.41000366210938,77.94000244140625
2022-11-25,84.94000244140625,77.51000213623047,83.62999725341797,76.27999877929688
2022-11-28,83.80000305175781,75.93000030517578,83.19000244140625,77.23999786376953
2022-11-29,82.33000183105469,76.54000091552734,83.02999877929688,78.19999694824219
2022-11-30,83.58000183105469,79.0,85.43000030517578,80.55000305175781
2022-12-01,86.5999984741211,80.4000015258789,86.87999725341797,81.22000122070312
2022-12-02,87.12999725341797,81.47000122070312,85.56999969482422,79.9800033569336
2022-12-05,85.5199966430664,79.98999786376953,82.68000030517578,76.93000030517578
2022-12-06,83.08999633789062,77.3499984741211,79.3499984741211,74.25
2022-12-07,79.79000091552734,74.55000305175781,77.16999816894531,72.01000213623047
2022-12-08,77.48999786376953,72.37999725341797,76.1500015258789,71.45999908447266
2022-12-09,76.7300033569336,71.8499984741211,76.0999984741211,71.0199966430664
2022-12-12,76.66999816894531,71.79000091552734,77.98999786376953,73.16999816894531
2022-12-13,78.19000244140625,73.29000091552734,80.68000030517578,75.38999938964844
2022-12-14,80.33999633789062,75.2699966430664,82.69999694824219,77.27999877929688
2022-12-15,82.83999633789062,77.37000274658203,81.20999908447266,76.11000061035156
2022-12-16,81.33999633789062,76.37000274658203,79.04000091552734,74.29000091552734
2022-12-19,79.08999633789062,74.5,79.80000305175781,75.19000244140625
2022-12-20,80.27999877929688,75.69999694824219,79.98999786376953,76.08999633789062
2022-12-21,79.94999694824219,75.98999786376953,82.19999694824219,78.29000091552734
2022-12-22,82.37000274658203,78.43000030517578,80.9800033569336,77.48999786376953
2022-12-23,81.7300033569336,78.18000030517578,83.91999816894531,79.55999755859375
2022-12-27,84.45999908447266,79.9000015258789,84.33000183105469,79.52999877929688
2022-12-28,84.5999984741211,79.88999938964844,83.26000213623047,78.95999908447266
2022-12-29,82.86000061035156,78.81999969482422,82.26000213623047,78.4000015258789
2022-12-30,83.66000366210938,78.7300033569336,85.91000366210938,80.26000213623047
2023-01-03,86.04000091552734,80.56999969482422,82.0999984741211,76.93000030517578
2023-01-04,82.2300033569336,77.25,77.83999633789062,72.83999633789062
2023-01-05,78.08999633789062,73.25,78.69000244140625,73.66999816894531
2023-01-06,78.80999755859375,73.97000122070312,78.56999969482422,73.7699966430664
2023-01-09,78.4800033569336,73.47000122070312,79.6500015258789,74.62999725341797
2023-01-10,79.70999908447266,74.86000061035156,80.0999984741211,75.12000274658203
2023-01-11,79.58999633789062,74.77999877929688,82.66999816894531,77.41000366210938
2023-01-12,82.86000061035156,77.69999694824219,84.02999877929688,78.38999938964844
2023-01-13,83.94999694824219,78.31999969482422,85.27999877929688,79.86000061035156
2023-01-17,85.44000244140625,80.0999984741211,85.91999816894531,80.18000030517578
2023-01-18,86.72000122070312,80.97000122070312,84.9800033569336,79.4800033569336
2023-01-19,84.58999633789062,79.13999938964844,86.16000366210938,80.33000183105469
2023-01-20,86.36000061035156,80.5999984741211,87.62999725341797,81.30999755859375
2023-01-23,87.80999755859375,81.79000091552734,88.19000244140625,81.62000274658203
2023-01-24,88.02999877929688,81.62000274658203,86.12999725341797,80.12999725341797
2023-01-25,86.30000305175781,80.26000213623047,86.12000274658203,80.1500015258789
2023-01-26,86.12999725341797,80.4800033569336,87.47000122070312,81.01000213623047
2023-01-27,87.5999984741211,81.22000122070312,86.66000366210938,79.68000030517578
2023-01-30,86.80000305175781,80.04000091552734,84.9000015258789,77.9000015258789
2023-01-31,85.16000366210938,77.91000366210938,84.48999786376953,78.87000274658203
2023-02-01,85.5199966430664,79.05999755859375,82.83999633789062,76.41000366210938
2023-02-02,83.08999633789062,76.79000091552734,82.16999816894531,75.87999725341797
2023-02-03,82.1500015258789,75.91999816894531,79.94000244140625,73.38999938964844
2023-02-06,79.75,73.2300033569336,80.98999786376953,74.11000061035156
2023-02-07,81.4000015258789,74.56999969482422,83.69000244140625,77.13999938964844
2023-02-08,84.02999877929688,77.48999786376953,85.08999633789062,78.47000122070312
2023-02-09,85.06999969482422,78.44999694824219,84.5,78.05999755859375
2023-02-10,84.2300033569336,77.68000030517578,86.38999938964844,79.72000122070312
2023-02-13,86.5999984741211,79.94000244140625,86.61000061035156,80.13999938964844
2023-02-14,85.75,79.05999755859375,85.58000183105469,79.05999755859375
2023-02-15,85.29000091552734,78.83000183105469,85.37999725341797,78.58999633789062
2023-02-16,85.13999938964844,78.54000091552734,85.13999938964844,78.48999786376953
2023-02-17,84.66999816894531,78.06999969482422,83.0,76.33999633789062
2023-02-21,83.01000213623047,76.52999877929688,83.05000305175781,76.16000366210938
2023-02-22,82.73999786376953,76.11000061035156,80.5999984741211,73.94999694824219
2023-02-23,80.47000122070312,73.91999816894531,82.20999908447266,75.38999938964844
2023-02-24,82.3499984741211,75.5999984741211,83.16000366210938,76.31999969482422
2023-02-27,83.12000274658203,76.41999816894531,82.44999694824219,75.68000030517578
2023-02-28,82.63999938964844,75.76000213623047,83.88999938964844,77.05000305175781
2023-03-01,83.0999984741211,76.8499984741211,84.30999755859375,77.69000244140625
2023-03-02,84.30999755859375,77.73999786376953,84.75,78.16000366210938
2023-03-03,84.41000366210938,77.88999938964844,85.83000183105469,79.68000030517578
2023-03-06,85.93000030517578,79.91999816894531,86.18000030517578,80.45999908447266
2023-03-07,86.2300033569336,80.5,83.29000091552734,77.58000183105469
2023-03-08,82.9800033569336,77.31999969482422,82.66000366210938,76.66000366210938
2023-03-09,82.62000274658203,76.5,81.58999633789062,75.72000122070312
2023-03-10,81.47000122070312,75.6500015258789,82.77999877929688,76.68000030517578
2023-03-13,82.54000091552734,76.5999984741211,80.7699966430664,74.80000305175781
2023-03-14,80.69000244140625,74.69999694824219,77.44999694824219,71.33000183105469
2023-03-15,77.56999969482422,71.55999755859375,73.69000244140625,67.61000061035156
2023-03-16,74.3499984741211,68.22000122070312,74.69999694824219,68.3499984741211
2023-03-17,74.55000305175781,68.26000213623047,72.97000122070312,66.73999786376953
2023-03-20,72.88999938964844,66.62000274658203,73.79000091552734,67.63999938964844
2023-03-21,73.73999786376953,67.62000274658203,75.31999969482422,69.33000183105469
2023-03-22,75.08999633789062,69.4800033569336,76.69000244140625,70.9000015258789
2023-03-23,75.73999786376953,69.94999694824219,75.91000366210938,69.95999908447266
2023-03-24,75.41999816894531,69.51000213623047,74.98999786376953,69.26000213623047
2023-03-27,75.23999786376953,69.41999816894531,78.12000274658203,72.80999755859375
2023-03-28,78.18000030517578,72.86000061035156,78.6500015258789,73.19999694824219
2023-03-29,79.0199966430664,73.61000061035156,78.27999877929688,72.97000122070312
2023-03-30,78.22000122070312,72.9800033569336,79.2699966430664,74.37000274658203
2023-03-31,79.27999877929688,74.37000274658203,79.7699966430664,75.66999816894531
2023-04-03,83.29000091552734,80.0999984741211,84.93000030517578,80.41999816894531
2023-04-04,84.77999877929688,80.44000244140625,84.94000244140625,80.70999908447266
2023-04-05,85.0999984741211,81.01000213623047,84.98999786376953,80.61000061035156
2023-04-06,84.83000183105469,80.37000274658203,85.12000274658203,80.69999694824219
2023-04-10,84.94999694824219,80.5,84.18000030517578,79.73999786376953
2023-04-11,84.27999877929688,79.87999725341797,85.61000061035156,81.52999877929688
2023-04-12,85.55000305175781,81.44000244140625,87.33000183105469,83.26000213623047
2023-04-13,87.1500015258789,83.22000122070312,86.08999633789062,82.16000366210938
2023-04-14,86.33999633789062,82.4000015258789,86.30999755859375,82.5199966430664
2023-04-17,86.2699966430664,82.4800033569336,84.76000213623047,80.83000183105469
2023-04-18,84.81999969482422,81.0,84.7699966430664,80.86000061035156
2023-04-19,84.86000061035156,80.91999816894531,83.12000274658203,79.16000366210938
2023-04-20,83.0,78.87000274658203,81.0999984741211,77.29000091552734
2023-04-21,80.83000183105469,77.12999725341797,81.66000366210938,77.87000274658203
2023-04-24,81.5999984741211,77.97000122070312,82.7300033569336,78.76000213623047
2023-04-25,82.58000183105469,78.73999786376953,80.7699966430664,77.06999969482422
2023-04-26,81.0,77.08000183105469,77.69000244140625,74.30000305175781
2023-04-27,77.87000274658203,74.37999725341797,78.37000274658203,74.76000213623047
2023-04-28,78.30999755859375,74.91000366210938,79.54000091552734,76.77999877929688
2023-05-01,80.18000030517578,76.66000366210938,79.30999755859375,75.66000366210938
2023-05-02,79.26000213623047,75.76000213623047,75.31999969482422,71.66000366210938
2023-05-03,75.2699966430664,71.55999755859375,72.33000183105469,68.5999984741211
2023-05-04,71.88999938964844,68.16000366210938,72.5,68.55999755859375
2023-05-05,72.6500015258789,68.69999694824219,75.30000305175781,71.33999633789062
2023-05-08,75.41000366210938,71.3499984741211,77.01000213623047,73.16000366210938
2023-05-09,76.8499984741211,72.83999633789062,77.44000244140625,73.70999908447266
2023-05-10,77.25,73.58000183105469,76.41000366210938,72.55999755859375
2023-05-11,76.63999938964844,72.7699966430664,74.9800033569336,70.87000274658203
2023-05-12,75.45999908447266,71.41999816894531,74.16999816894531,70.04000091552734
2023-05-15,74.25,70.04000091552734,75.2300033569336,71.11000061035156
2023-05-16,75.44999694824219,71.31999969482422,74.91000366210938,70.86000061035156
2023-05-17,74.68000030517578,70.5999984741211,76.95999908447266,72.83000183105469
2023-05-18,76.79000091552734,72.75,75.86000061035156,71.86000061035156
2023-05-19,75.9000015258789,71.94000244140625,75.58000183105469,71.55000305175781
2023-05-22,75.73999786376953,71.69999694824219,75.98999786376953,71.98999786376953
2023-05-23,75.97000122070312,72.0999984741211,76.83999633789062,72.91000366210938
2023-05-24,77.58999633789062,73.7699966430664,78.36000061035156,74.33999633789062
2023-05-25,78.26000213623047,74.20999908447266,76.26000213623047,71.83000183105469
2023-05-26,76.12000274658203,71.88999938964844,76.94999694824219,72.66999816894531
2023-05-30,77.37000274658203,73.2300033569336,73.54000091552734,69.45999908447266
2023-05-31,73.6500015258789,69.62000274658203,72.66000366210938,68.08999633789062
2023-06-01,72.08999633789062,67.5999984741211,74.27999877929688,70.0999984741211
2023-06-02,74.41000366210938,70.20999908447266,76.12999725341797,71.73999786376953
2023-06-05,77.5,75.02999877929688,76.70999908447266,72.1500015258789
2023-06-06,76.47000122070312,71.98999786376953,76.29000091552734,71.73999786376953
2023-06-07,76.06999969482422,71.55999755859375,76.94999694824219,72.52999877929688
2023-06-08,76.80000305175781,72.47000122070312,75.95999908447266,71.29000091552734
2023-06-09,75.52999877929688,70.94000244140625,74.79000091552734,70.16999816894531
2023-06-12,74.87999725341797,70.2699966430664,71.83999633789062,67.12000274658203
2023-06-13,72.0,67.30999755859375,74.29000091552734,69.41999816894531
2023-06-14,74.06999969482422,69.3499984741211,73.19999694824219,68.2699966430664
2023-06-15,73.47000122070312,68.69999694824219,75.66999816894531,70.62000274658203
2023-06-16,75.58000183105469,70.55000305175781,76.61000061035156,71.77999877929688
2023-06-20,76.2300033569336,71.44999694824219,75.9000015258789,70.5
2023-06-21,75.5,70.9000015258789,77.12000274658203,72.52999877929688
2023-06-22,76.95999908447266,72.43000030517578,74.13999938964844,69.51000213623047
2023-06-23,74.1500015258789,69.52999877929688,73.8499984741211,69.16000366210938
2023-06-26,74.44999694824219,69.83999633789062,74.18000030517578,69.37000274658203
2023-06-27,74.2300033569336,69.48999786376953,72.26000213623047,67.69999694824219
2023-06-28,72.55999755859375,68.01000213623047,74.02999877929688,69.55999755859375
2023-06-29,73.75,69.25,74.33999633789062,69.86000061035156
2023-06-30,74.25,69.81999969482422,74.9000015258789,70.63999938964844
2023-07-03,75.12999725341797,70.44999694824219,74.6500015258789,69.79000091552734
2023-07-05,74.94000244140625,70.1500015258789,76.6500015258789,71.79000091552734
2023-07-06,76.54000091552734,71.80000305175781,76.5199966430664,71.80000305175781
2023-07-07,76.4800033569336,71.88999938964844,78.47000122070312,73.86000061035156
2023-07-10,78.48999786376953,73.86000061035156,77.69000244140625,72.98999786376953
2023-07-11,77.86000061035156,73.19000244140625,79.4000015258789,74.83000183105469
2023-07-12,79.27999877929688,74.83000183105469,80.11000061035156,75.75
2023-07-13,80.1500015258789,75.8499984741211,81.36000061035156,76.88999938964844
2023-07-14,81.61000061035156,77.16000366210938,79.87000274658203,75.41999816894531
2023-07-17,79.44999694824219,75.0199966430664,78.5,74.1500015258789
2023-07-18,78.52999877929688,74.18000030517578,79.62999725341797,75.75
2023-07-19,79.80000305175781,75.83999633789062,79.45999908447266,75.3499984741211
2023-07-20,79.5,75.3499984741211,79.63999938964844,75.62999725341797
2023-07-21,79.66000366210938,75.69999694824219,81.06999969482422,77.06999969482422
2023-07-24,80.98999786376953,77.01000213623047,82.73999786376953,78.73999786376953
2023-07-25,82.83000183105469,78.8499984741211,83.63999938964844,79.62999725341797
2023-07-26,83.2699966430664,79.33999633789062,82.91999816894531,78.77999877929688
2023-07-27,83.02999877929688,78.9000015258789,84.23999786376953,80.08999633789062
2023-07-28,84.05000305175781,79.83999633789062,84.98999786376953,80.58000183105469
2023-07-31,84.87999725341797,80.6500015258789,85.55999755859375,81.80000305175781
2023-08-01,85.3499984741211,81.7300033569336,84.91000366210938,81.37000274658203
2023-08-02,85.7300033569336,82.05000305175781,83.19999694824219,79.48999786376953
2023-08-03,83.44000244140625,79.7699966430664,85.13999938964844,81.55000305175781
2023-08-04,85.31999969482422,81.7300033569336,86.23999786376953,82.81999969482422
2023-08-07,86.13999938964844,82.81999969482422,85.33999633789062,81.94000244140625
2023-08-08,85.83999633789062,82.52999877929688,86.16999816894531,82.91999816894531
2023-08-09,86.01000213623047,82.87999725341797,87.55000305175781,84.4000015258789
2023-08-10,87.37000274658203,84.25,86.4000015258789,82.81999969482422
2023-08-11,86.38999938964844,82.83000183105469,86.80999755859375,83.19000244140625
2023-08-14,86.63999938964844,83.08999633789062,86.20999908447266,82.51000213623047
2023-08-15,86.30000305175781,82.5199966430664,84.88999938964844,80.98999786376953
2023-08-16,85.12000274658203,81.2300033569336,83.44999694824219,79.37999725341797
2023-08-17,83.3499984741211,79.25,84.12000274658203,80.38999938964844
2023-08-18,83.83000183105469,80.04000091552734,84.80000305175781,81.25
2023-08-21,85.05999755859375,81.43000030517578,84.45999908447266,80.72000122070312
2023-08-22,84.38999938964844,80.80000305175781,84.02999877929688,80.3499984741211
2023-08-23,83.9800033569336,79.63999938964844,83.20999908447266,78.88999938964844
2023-08-24,82.98999786376953,78.56999969482422,83.36000061035156,79.05000305175781
2023-08-25,83.19999694824219,78.87999725341797,84.4800033569336,79.83000183105469
2023-08-28,84.87000274658203,80.1500015258789,84.41999816894531,80.0999984741211
2023-08-29,84.37999725341797,79.9800033569336,85.48999786376953,81.16000366210938
2023-08-30,85.62999725341797,81.29000091552734,85.86000061035156,81.62999725341797
2023-08-31,85.8499984741211,81.69999694824219,86.86000061035156,83.62999725341797
2023-09-01,86.81999969482422,83.62999725341797,88.55000305175781,85.55000305175781
2023-09-05,88.69999694824219,86.05999755859375,90.04000091552734,86.69000244140625
2023-09-06,89.9800033569336,86.72000122070312,90.5999984741211,87.54000091552734
2023-09-07,90.61000061035156,87.54000091552734,89.91999816894531,86.87000274658203
2023-09-08,89.80000305175781,86.77999877929688,90.6500015258789,87.51000213623047
2023-09-11,90.66000366210938,87.4000015258789,90.63999938964844,87.29000091552734
2023-09-12,90.55999755859376,87.2699966430664,92.05999755859376,88.83999633789062
2023-09-13,91.93000030517578,88.75,91.87999725341795,88.5199966430664
2023-09-14,92.1999969482422,88.80999755859375,93.6999969482422,90.16000366210938
2023-09-15,94.12999725341795,90.66999816894533,93.93000030517578,90.7699966430664
2023-09-18,94.1999969482422,91.1999969482422,94.43000030517578,91.4800033569336
2023-09-19,94.62999725341795,92.22000122070312,94.33999633789062,91.1999969482422
2023-09-20,94.4800033569336,91.5500030517578,93.52999877929688,90.27999877929688
2023-09-21,93.22000122070312,89.30000305175781,93.3000030517578,89.62999725341797
2023-09-22,93.31999969482422,89.62000274658203,93.2699966430664,90.02999877929688
2023-09-25,93.75,90.5500030517578,93.29000091552734,89.68000030517578
2023-09-26,93.26000213623048,89.87999725341797,93.95999908447266,90.38999938964844
2023-09-27,94.16000366210938,90.52999877929688,96.5500030517578,93.68000030517578
2023-09-28,96.62000274658205,93.77999877929688,95.37999725341795,91.70999908447266
2023-09-29,95.0999984741211,91.76000213623048,95.30999755859376,90.79000091552734
2023-10-02,92.19000244140624,90.81999969482422,90.70999908447266,88.81999969482422
2023-10-03,90.44000244140624,88.66999816894531,90.91999816894533,89.2300033569336
2023-10-04,90.95999908447266,89.41999816894531,85.80999755859375,84.22000122070312
2023-10-05,86.02999877929688,84.44999694824219,84.06999969482422,82.30999755859375
2023-10-06,84.22000122070312,82.27999877929688,84.58000183105469,82.79000091552734
2023-10-09,86.3499984741211,85.25,88.1500015258789,86.37999725341797
2023-10-10,88.11000061035156,86.43000030517578,87.6500015258789,85.97000122070312
2023-10-11,87.75,85.95999908447266,85.81999969482422,83.48999786376953
2023-10-12,85.5999984741211,83.19999694824219,86.0,82.91000366210938
2023-10-13,86.41000366210938,83.51000213623047,90.88999938964844,87.69000244140625
2023-10-16,90.91999816894533,87.72000122070312,89.6500015258789,86.66000366210938
2023-10-17,90.05999755859375,87.05999755859375,89.9000015258789,86.66000366210938
2023-10-18,90.9000015258789,87.80999755859375,91.5,88.31999969482422
2023-10-19,91.33999633789062,88.23999786376953,92.37999725341795,89.37000274658203
2023-10-20,92.8499984741211,90.27999877929688,92.16000366210938,88.75
2023-10-23,92.12999725341795,88.0,89.83000183105469,85.48999786376953
2023-10-24,90.3499984741211,86.1500015258789,88.06999969482422,83.73999786376953
2023-10-25,88.13999938964844,83.69000244140625,90.12999725341795,85.38999938964844
2023-10-26,90.04000091552734,85.37000274658203,87.93000030517578,83.20999908447266
2023-10-27,88.26000213623047,83.52999877929688,90.4800033569336,85.54000091552734
2023-10-30,90.3000030517578,85.0,87.44999694824219,82.30999755859375
2023-10-31,87.80999755859375,82.58999633789062,87.41000366210938,81.0199966430664
2023-11-01,85.44999694824219,81.4800033569336,84.62999725341797,80.44000244140625
2023-11-02,84.94000244140625,80.81999969482422,86.8499984741211,82.45999908447266
2023-11-03,86.86000061035156,82.58000183105469,84.88999938964844,80.51000213623047
2023-11-06,85.38999938964844,81.12999725341797,85.18000030517578,80.81999969482422
2023-11-07,85.2300033569336,80.93000030517578,81.61000061035156,77.37000274658203
2023-11-08,81.47000122070312,77.12000274658203,79.54000091552734,75.33000183105469
2023-11-09,79.77999877929688,75.6500015258789,80.01000213623047,75.73999786376953
2023-11-10,79.69999694824219,75.58999633789062,81.43000030517578,77.16999816894531
2023-11-13,81.44999694824219,77.1500015258789,82.5199966430664,78.26000213623047
2023-11-14,82.75,78.52999877929688,82.47000122070312,78.26000213623047
2023-11-15,82.37999725341797,78.16999816894531,81.18000030517578,76.66000366210938
2023-11-16,80.94000244140625,76.5999984741211,77.41999816894531,72.9000015258789
2023-11-17,77.52999877929688,72.97000122070312,80.61000061035156,75.88999938964844
2023-11-20,80.47000122070312,75.6500015258789,82.31999969482422,77.5999984741211
2023-11-21,82.12999725341797,77.6500015258789,82.44999694824219,77.7699966430664
2023-11-22,82.4000015258789,77.7699966430664,81.95999908447266,77.0999984741211
2023-11-23,81.62999725341797,,81.37000274658203,
2023-11-24,81.62999725341797,76.79000091552734,80.58000183105469,75.54000091552734
2023-11-27,80.33999633789062,75.30999755859375,79.9800033569336,74.86000061035156
2023-11-28,80.13999938964844,75.06999969482422,81.68000030517578,76.41000366210938
2023-11-29,81.93000030517578,76.55999755859375,83.0999984741211,77.86000061035156
2023-11-30,82.87000274658203,77.75,82.83000183105469,75.95999908447266
2023-12-01,80.47000122070312,75.58999633789062,78.87999725341797,74.06999969482422
2023-12-04,79.43000030517578,74.58000183105469,78.02999877929688,73.04000091552734
2023-12-05,78.19999694824219,73.30000305175781,77.19999694824219,72.31999969482422
2023-12-06,77.05999755859375,72.0999984741211,74.30000305175781,69.37999725341797
2023-12-07,74.30000305175781,69.27999877929688,74.05000305175781,69.33999633789062
2023-12-08,74.5,69.76000213623047,75.83999633789062,71.2300033569336
2023-12-11,75.66000366210938,71.1500015258789,76.02999877929688,71.31999969482422
2023-12-12,76.25,71.43000030517578,73.23999786376953,68.61000061035156
2023-12-13,73.36000061035156,68.7300033569336,74.26000213623047,69.47000122070312
2023-12-14,74.70999908447266,69.8499984741211,76.61000061035156,71.58000183105469
2023-12-15,76.5999984741211,71.61000061035156,76.55000305175781,71.43000030517578
2023-12-18,76.97000122070312,71.68000030517578,77.94999694824219,72.47000122070312
2023-12-19,78.05000305175781,72.4800033569336,79.2300033569336,73.44000244140625
2023-12-20,79.25,74.05999755859375,79.69999694824219,74.22000122070312
2023-12-21,79.13999938964844,73.80999755859375,79.38999938964844,73.88999938964844
2023-12-22,79.44000244140625,73.91000366210938,79.06999969482422,73.55999755859375
2023-12-26,79.19000244140625,73.55999755859375,81.06999969482422,75.56999969482422
2023-12-27,80.73999786376953,75.31999969482422,79.6500015258789,74.11000061035156
2023-12-28,79.83999633789062,73.80000305175781,78.38999938964844,71.7699966430664
2023-12-29,77.41999816894531,71.98999786376953,77.04000091552734,71.6500015258789
2024-01-02,77.20999908447266,71.70999908447266,75.88999938964844,70.37999725341797
2024-01-03,75.98999786376953,70.5,78.25,72.69999694824219
2024-01-04,78.5,73.04000091552734,77.58999633789062,72.19000244140625
2024-01-05,77.5999984741211,72.4000015258789,78.76000213623047,73.80999755859375
2024-01-08,78.5999984741211,73.51000213623047,76.12000274658203,70.7699966430664
2024-01-09,76.36000061035156,70.91000366210938,77.58999633789062,72.23999786376953
2024-01-10,77.45999908447266,72.16999816894531,76.80000305175781,71.37000274658203
2024-01-11,76.73999786376953,71.33000183105469,77.41000366210938,72.0199966430664
2024-01-12,78.45999908447266,73.01000213623047,78.29000091552734,72.68000030517578
2024-01-16,78.08000183105469,72.62999725341797,78.29000091552734,72.4000015258789
2024-01-17,77.86000061035156,72.0,77.87999725341797,72.55999755859375
2024-01-18,78.05000305175781,72.77999877929688,79.0999984741211,74.08000183105469
2024-01-19,78.9800033569336,74.08000183105469,78.55999755859375,73.41000366210938
2024-01-22,78.8499984741211,73.41000366210938,80.05999755859375,75.19000244140625
2024-01-23,79.91000366210938,74.68000030517578,79.55000305175781,74.37000274658203
2024-01-24,79.73999786376953,74.56999969482422,80.04000091552734,75.08999633789062
2024-01-25,80.30999755859375,75.30000305175781,82.43000030517578,77.36000061035156
2024-01-26,82.38999938964844,77.1500015258789,83.55000305175781,78.01000213623047
2024-01-29,84.12999725341797,78.9000015258789,82.4000015258789,76.77999877929688
2024-01-30,82.56999969482422,77.0199966430664,82.87000274658203,77.81999969482422
2024-01-31,82.58999633789062,77.83999633789062,81.70999908447266,75.8499984741211
2024-02-01,80.66999816894531,75.95999908447266,78.69999694824219,73.81999969482422
2024-02-02,78.91999816894531,73.91000366210938,77.33000183105469,72.27999877929688
2024-02-05,77.66000366210938,72.75,77.98999786376953,72.77999877929688
2024-02-06,77.94000244140625,72.76000213623047,78.58999633789062,73.30999755859375
2024-02-07,78.69999694824219,73.5,79.20999908447266,73.86000061035156
2024-02-08,79.37999725341797,74.08000183105469,81.62999725341797,76.22000122070312
2024-02-09,81.7300033569336,76.41999816894531,82.19000244140625,76.83999633789062
2024-02-12,81.76000213623047,76.5999984741211,82.0,76.91999816894531
2024-02-13,82.05000305175781,77.02999877929688,82.7699966430664,77.87000274658203
2024-02-14,82.66000366210938,77.80999755859375,81.5999984741211,76.63999938964844
2024-02-15,81.5199966430664,76.5999984741211,82.86000061035156,78.02999877929688
2024-02-16,82.83000183105469,78.11000061035156,83.47000122070312,79.19000244140625
2024-02-20,83.30000305175781,78.9800033569336,82.33999633789062,78.18000030517578
2024-02-21,82.55999755859375,77.1500015258789,83.02999877929688,77.91000366210938
2024-02-22,83.16000366210938,78.08999633789062,83.66999816894531,78.61000061035156
2024-02-23,83.41999816894531,78.37000274658203,81.62000274658203,76.48999786376953
2024-02-26,81.58999633789062,76.4000015258789,82.52999877929688,77.58000183105469
2024-02-27,82.55000305175781,77.62000274658203,83.6500015258789,78.87000274658203
2024-02-28,83.4000015258789,78.4800033569336,83.68000030517578,78.54000091552734
2024-02-29,83.6500015258789,78.19999694824219,83.62000274658203,78.26000213623047
2024-03-01,81.97000122070312,78.27999877929688,83.55000305175781,79.97000122070312
2024-03-04,83.58999633789062,80.13999938964844,82.80000305175781,78.73999786376953
2024-03-05,82.97000122070312,78.73999786376953,82.04000091552734,78.1500015258789
2024-03-06,82.08000183105469,78.1500015258789,82.95999908447266,79.12999725341797
2024-03-07,82.83999633789062,79.12999725341797,82.95999908447266,78.93000030517578
2024-03-08,83.33999633789062,79.51000213623047,82.08000183105469,78.01000213623047
2024-03-11,81.91000366210938,77.80000305175781,82.20999908447266,77.93000030517578
2024-03-12,82.43000030517578,78.08999633789062,81.91999816894531,77.55999755859375
2024-03-13,82.38999938964844,78.05999755859375,84.02999877929688,79.72000122070312
2024-03-14,83.9800033569336,79.62999725341797,85.41999816894531,81.26000213623047
2024-03-15,85.12999725341797,81.13999938964844,85.33999633789062,81.04000091552734
2024-03-18,85.37999725341797,81.02999877929688,86.88999938964844,82.72000122070312
2024-03-19,86.8499984741211,82.8499984741211,87.37999725341797,83.47000122070312
2024-03-20,87.22000122070312,83.19999694824219,85.94999694824219,81.68000030517578
2024-03-21,86.16000366210938,81.48999786376953,85.77999877929688,81.06999969482422
2024-03-22,85.55000305175781,80.83999633789062,85.43000030517578,80.62999725341797
2024-03-25,85.5999984741211,80.8499984741211,86.75,81.94999694824219
2024-03-26,86.7699966430664,81.94000244140625,86.25,81.62000274658203
2024-03-27,85.97000122070312,81.29000091552734,86.08999633789062,81.3499984741211
2024-03-28,86.52999877929688,81.70999908447266,87.4800033569336,83.16999816894531
2024-04-01,86.93000030517578,83.13999938964844,87.41999816894531,83.70999908447266
2024-04-02,87.80000305175781,84.04000091552734,88.91999816894531,85.1500015258789
2024-04-03,89.20999908447266,85.45999908447266,89.3499984741211,85.43000030517578
2024-04-04,89.5,85.66000366210938,90.6500015258789,86.58999633789062
2024-04-05,91.01000213623048,86.86000061035156,91.16999816894533,86.91000366210938
2024-04-08,90.30999755859376,86.0999984741211,90.37999725341795,86.43000030517578
2024-04-09,90.5500030517578,86.58999633789062,89.41999816894531,85.2300033569336
2024-04-10,89.51000213623047,85.33999633789062,90.4800033569336,86.20999908447266
2024-04-11,90.54000091552734,86.31999969482422,89.73999786376953,85.0199966430664
2024-04-12,90.29000091552734,85.5999984741211,90.4499969482422,85.66000366210938
2024-04-15,90.37000274658205,85.93000030517578,90.0999984741211,85.41000366210938
2024-04-16,90.43000030517578,85.69999694824219,90.0199966430664,85.36000061035156
2024-04-17,90.05000305175781,85.36000061035156,87.29000091552734,82.69000244140625
2024-04-18,87.44000244140625,82.79000091552734,87.11000061035156,82.7300033569336
2024-04-19,86.95999908447266,82.62000274658203,87.29000091552734,83.13999938964844
2024-04-22,87.04000091552734,83.05000305175781,87.0,82.8499984741211
2024-04-23,87.2300033569336,82.12999725341797,88.41999816894531,83.36000061035156
2024-04-24,88.45999908447266,83.4000015258789,88.0199966430664,82.80999755859375
2024-04-25,88.11000061035156,82.83000183105469,89.01000213623047,83.56999969482422
2024-04-26,89.20999908447266,83.80999755859375,89.5,83.8499984741211
2024-04-29,89.25,83.69000244140625,88.4000015258789,82.62999725341797
2024-04-30,88.31999969482422,82.76000213623047,87.86000061035156,81.93000030517578
2024-05-01,85.95999908447266,81.4800033569336,83.44000244140625,79.0
2024-05-02,83.55999755859375,79.1500015258789,83.66999816894531,78.94999694824219
2024-05-03,83.80000305175781,79.06999969482422,82.95999908447266,78.11000061035156
2024-05-06,82.9800033569336,78.16000366210938,83.33000183105469,78.4800033569336
2024-05-07,83.58999633789062,78.72000122070312,83.16000366210938,78.37999725341797
2024-05-08,83.04000091552734,78.33999633789062,83.58000183105469,78.98999786376953
2024-05-09,83.77999877929688,79.2300033569336,83.87999725341797,79.26000213623047
2024-05-10,84.20999908447266,79.58999633789062,82.79000091552734,78.26000213623047
2024-05-13,82.69999694824219,78.18000030517578,83.36000061035156,79.12000274658203
2024-05-14,83.5,79.2300033569336,82.37999725341797,78.0199966430664
2024-05-15,82.7699966430664,78.44000244140625,82.75,78.62999725341797
2024-05-16,82.93000030517578,78.83999633789062,83.2699966430664,79.2300033569336
2024-05-17,83.44000244140625,79.37999725341797,83.9800033569336,80.05999755859375
2024-05-20,84.0,80.01000213623047,83.70999908447266,79.80000305175781
2024-05-21,83.69999694824219,79.69999694824219,82.87999725341797,79.26000213623047
2024-05-22,82.4800033569336,78.20999908447266,81.9000015258789,77.56999969482422
2024-05-23,81.69000244140625,77.29000091552734,81.36000061035156,76.87000274658203
2024-05-24,81.54000091552734,77.04000091552734,82.12000274658203,77.72000122070312
2024-05-28,82.1500015258789,77.80999755859375,84.22000122070312,79.83000183105469
2024-05-29,84.62000274658203,80.26000213623047,83.5999984741211,79.2300033569336
2024-05-30,83.5,79.27999877929688,81.86000061035156,77.91000366210938
2024-05-31,81.77999877929688,77.91000366210938,81.62000274658203,76.98999786376953
2024-06-03,81.19000244140625,76.97000122070312,78.36000061035156,74.22000122070312
2024-06-04,78.16000366210938,74.0199966430664,77.5199966430664,73.25
2024-06-05,77.16999816894531,72.9000015258789,78.41000366210938,74.06999969482422
2024-06-06,78.58000183105469,74.30000305175781,79.87000274658203,75.55000305175781
2024-06-07,80.0199966430664,75.66999816894531,79.62000274658203,75.52999877929688
2024-06-10,79.41000366210938,75.3499984741211,81.62999725341797,77.73999786376953
2024-06-11,81.97000122070312,78.12000274658203,81.91999816894531,77.9000015258789
2024-06-12,82.12000274658203,78.22000122070312,82.5999984741211,78.5
2024-06-13,82.54000091552734,78.37000274658203,82.75,78.62000274658203
2024-06-14,82.13999938964844,77.95999908447266,82.62000274658203,78.44999694824219
2024-06-17,82.62000274658203,78.4800033569336,84.25,80.33000183105469
2024-06-18,84.4000015258789,80.43000030517578,85.33000183105469,81.56999969482422
2024-06-20,85.37999725341797,81.5199966430664,85.70999908447266,82.16999816894531
2024-06-21,85.68000030517578,81.2699966430664,85.23999786376953,80.7300033569336
2024-06-24,85.08999633789062,80.44999694824219,86.01000213623047,81.62999725341797
2024-06-25,86.1500015258789,81.69999694824219,85.01000213623047,80.83000183105469
2024-06-26,84.88999938964844,80.72000122070312,85.25,80.9000015258789
2024-06-27,85.25,80.86000061035156,86.38999938964844,81.73999786376953
2024-06-28,86.54000091552734,81.86000061035156,86.41000366210938,81.54000091552734
2024-07-01,84.9000015258789,81.44999694824219,86.5999984741211,83.37999725341797
2024-07-02,86.69000244140625,83.43000030517578,86.23999786376953,82.80999755859375
2024-07-03,86.5,83.19999694824219,87.33999633789062,83.87999725341797
2024-07-05,87.02999877929688,83.5999984741211,86.54000091552734,83.16000366210938
2024-07-08,86.75,83.1500015258789,85.75,82.33000183105469
2024-07-09,85.68000030517578,82.22000122070312,84.66000366210938,81.41000366210938
2024-07-10,85.01000213623047,81.80999755859375,85.08000183105469,82.0999984741211
2024-07-11,85.41999816894531,82.4000015258789,85.4000015258789,82.62000274658203
2024-07-12,85.58999633789062,82.86000061035156,85.02999877929688,82.20999908447266
2024-07-15,85.02999877929688,82.16000366210938,84.8499984741211,81.91000366210938
2024-07-16,84.86000061035156,81.91999816894531,83.7300033569336,80.76000213623047
2024-07-17,83.83999633789062,80.8499984741211,85.08000183105469,82.8499984741211
2024-07-18,85.19999694824219,83.11000061035156,85.11000061035156,82.81999969482422
2024-07-19,84.80000305175781,82.47000122070312,82.62999725341797,80.12999725341797
2024-07-22,82.83000183105469,80.38999938964844,82.4000015258789,79.77999877929688
2024-07-23,82.20999908447266,78.2699966430664,81.01000213623047,76.95999908447266
2024-07-24,81.48999786376953,77.44999694824219,81.70999908447266,77.58999633789062
2024-07-25,81.52999877929688,77.5,82.37000274658203,78.27999877929688
2024-07-26,82.44999694824219,78.3499984741211,81.12999725341797,77.16000366210938
2024-07-29,81.0199966430664,77.30000305175781,79.77999877929688,75.80999755859375
2024-07-30,79.83999633789062,75.91000366210938,78.62999725341797,74.7300033569336
2024-07-31,79.05999755859375,75.23999786376953,80.72000122070312,77.91000366210938
2024-08-01,81.51000213623047,78.58999633789062,79.5199966430664,76.30999755859375
2024-08-02,80.04000091552734,76.87000274658203,76.80999755859375,73.5199966430664
2024-08-05,77.44000244140625,74.20999908447266,76.30000305175781,72.94000244140625
2024-08-06,77.2300033569336,73.86000061035156,76.4800033569336,73.19999694824219
2024-08-07,76.19999694824219,72.83999633789062,78.33000183105469,75.2300033569336
2024-08-08,78.4800033569336,75.47000122070312,79.16000366210938,76.19000244140625
2024-08-09,79.01000213623047,76.0199966430664,79.66000366210938,76.83999633789062
2024-08-12,79.66999816894531,76.98999786376953,82.30000305175781,80.05999755859375
2024-08-13,81.98999786376953,79.73999786376953,80.69000244140625,78.3499984741211
2024-08-14,80.9800033569336,78.7300033569336,79.76000213623047,76.9800033569336
2024-08-15,79.98999786376953,77.5199966430664,81.04000091552734,78.16000366210938
2024-08-16,80.95999908447266,78.16000366210938,79.68000030517578,76.6500015258789
2024-08-19,79.6500015258789,76.58000183105469,77.66000366210938,74.37000274658203
2024-08-20,77.73999786376953,74.33999633789062,77.19999694824219,74.04000091552734
2024-08-21,77.08000183105469,73.12000274658203,76.05000305175781,71.93000030517578
2024-08-22,76.16000366210938,71.93000030517578,77.22000122070312,73.01000213623047
2024-08-23,77.12000274658203,72.95999908447266,79.0199966430664,74.83000183105469
2024-08-26,79.31999969482422,75.0999984741211,81.43000030517578,77.41999816894531
2024-08-27,81.22000122070312,77.19999694824219,79.55000305175781,75.52999877929688
2024-08-28,79.83999633789062,75.75,78.6500015258789,74.5199966430664
2024-08-29,78.36000061035156,74.41999816894531,79.94000244140625,75.91000366210938
2024-08-30,79.5199966430664,75.87000274658203,78.80000305175781,73.55000305175781
2024-09-03,76.88999938964844,73.52999877929688,73.75,70.33999633789062
2024-09-04,73.68000030517578,70.27999877929688,72.69999694824219,69.19999694824219
2024-09-05,72.62000274658203,69.2699966430664,72.69000244140625,69.1500015258789
2024-09-06,72.8499984741211,69.33000183105469,71.05999755859375,67.66999816894531
2024-09-09,71.5199966430664,68.12999725341797,71.83999633789062,68.70999908447266
2024-09-10,71.9000015258789,68.77999877929688,69.19000244140625,65.75
2024-09-11,69.68000030517578,66.27999877929688,70.61000061035156,67.30999755859375
2024-09-12,70.72000122070312,67.38999938964844,71.97000122070312,68.97000122070312
2024-09-13,72.37000274658203,69.30999755859375,71.61000061035156,68.6500015258789
2024-09-16,72.0199966430664,69.16000366210938,72.75,70.08999633789062
2024-09-17,73.01000213623047,70.5,73.69999694824219,71.19000244140625
2024-09-18,73.68000030517578,71.13999938964844,73.6500015258789,70.91000366210938
2024-09-19,72.9000015258789,70.12999725341797,74.87999725341797,71.94999694824219
2024-09-20,74.87999725341797,72.0999984741211,74.48999786376953,71.91999816894531
2024-09-23,74.76000213623047,71.30999755859375,73.9000015258789,70.37000274658203
2024-09-24,74.27999877929688,70.76000213623047,75.16999816894531,71.55999755859375
2024-09-25,75.12999725341797,71.54000091552734,73.45999908447266,69.69000244140625
2024-09-26,73.47000122070312,69.88999938964844,71.5999984741211,67.66999816894531
2024-09-27,71.23999786376953,67.44999694824219,71.9800033569336,68.18000030517578
2024-09-30,71.83999633789062,68.62999725341797,71.7699966430664,68.16999816894531
2024-10-01,72.0,68.41000366210938,73.55999755859375,69.83000183105469
2024-10-02,74.4000015258789,70.80000305175781,73.9000015258789,70.0999984741211
2024-10-03,74.7300033569336,70.9800033569336,77.62000274658203,73.70999908447266
2024-10-04,77.98999786376953,73.94999694824219,78.05000305175781,74.37999725341797
2024-10-07,78.01000213623047,74.4000015258789,80.93000030517578,77.13999938964844
2024-10-08,81.16000366210938,77.33000183105469,77.18000030517578,73.56999969482422
2024-10-09,77.5199966430664,73.83999633789062,76.58000183105469,73.23999786376953
2024-10-10,76.75,73.38999938964844,79.4000015258789,75.8499984741211
2024-10-11,79.2300033569336,75.73999786376953,79.04000091552734,75.55999755859375
2024-10-14,78.5999984741211,75.05000305175781,77.45999908447266,73.83000183105469
2024-10-15,75.20999908447266,71.51000213623047,74.25,70.58000183105469
2024-10-16,74.72000122070312,70.98999786376953,74.22000122070312,70.38999938964844
2024-10-17,74.5,70.68000030517578,74.44999694824219,70.66999816894531
2024-10-18,74.5199966430664,70.75,73.05999755859375,69.22000122070312
2024-10-21,73.13999938964844,69.45999908447266,74.29000091552734,70.55999755859375
2024-10-22,74.13999938964844,70.48999786376953,76.04000091552734,72.08999633789062
2024-10-23,75.6500015258789,71.3499984741211,74.95999908447266,70.7699966430664
2024-10-24,75.20999908447266,71.0199966430664,74.37999725341797,70.19000244140625
2024-10-25,74.55000305175781,70.33000183105469,76.05000305175781,71.77999877929688
2024-10-28,74.0,68.9800033569336,71.41999816894531,67.37999725341797
2024-10-29,72.11000061035156,68.0199966430664,71.12000274658203,67.20999908447266
2024-10-30,71.31999969482422,67.47000122070312,72.55000305175781,68.61000061035156
2024-10-31,72.76000213623047,69.0999984741211,73.16000366210938,69.26000213623047
2024-11-01,74.12999725341797,70.44000244140625,73.0999984741211,69.48999786376953
2024-11-04,73.7300033569336,70.29000091552734,75.08000183105469,71.47000122070312
2024-11-05,75.19999694824219,71.62000274658203,75.52999877929688,71.98999786376953
2024-11-06,75.48999786376953,72.0199966430664,74.91999816894531,71.69000244140625
2024-11-07,75.11000061035156,71.87000274658203,75.62999725341797,72.36000061035156
2024-11-08,75.5199966430664,72.20999908447266,73.87000274658203,70.37999725341797
2024-11-11,73.73999786376953,70.25,71.83000183105469,68.04000091552734
2024-11-12,71.91999816894531,68.1500015258789,71.88999938964844,68.12000274658203
2024-11-13,71.77999877929688,67.9800033569336,72.27999877929688,68.43000030517578
2024-11-14,71.98999786376953,68.12999725341797,72.55999755859375,68.69999694824219
2024-11-15,72.43000030517578,68.62000274658203,71.04000091552734,67.0199966430664
2024-11-18,70.87999725341797,66.86000061035156,73.30000305175781,69.16000366210938
2024-11-19,73.18000030517578,69.01000213623047,73.30999755859375,69.38999938964844
2024-11-20,73.33999633789062,69.55000305175781,72.80999755859375,68.87000274658203
2024-11-21,73.12000274658203,69.04000091552734,74.2300033569336,70.0999984741211
2024-11-22,74.29000091552734,70.18000030517578,75.16999816894531,71.23999786376953
2024-11-25,75.20999908447266,71.44000244140625,73.01000213623047,68.94000244140625
2024-11-26,73.12000274658203,69.08000183105469,72.80999755859375,68.7699966430664
2024-11-27,72.94000244140625,68.91000366210938,72.83000183105469,68.72000122070312
2024-11-29,72.91999816894531,68.7699966430664,72.94000244140625,68.0
2024-12-02,71.73999786376953,68.0,71.83000183105469,68.0999984741211
2024-12-03,71.86000061035156,68.16000366210938,73.62000274658203,69.94000244140625
2024-12-04,73.80999755859375,70.0199966430664,72.30999755859375,68.54000091552734
2024-12-05,72.44999694824219,68.73999786376953,72.08999633789062,68.30000305175781
2024-12-06,72.16999816894531,68.44000244140625,71.12000274658203,67.19999694824219
2024-12-09,71.04000091552734,67.1500015258789,72.13999938964844,68.37000274658203
2024-12-10,71.93000030517578,68.19000244140625,72.19000244140625,68.58999633789062
2024-12-11,72.02999877929688,68.5,73.5199966430664,70.29000091552734
2024-12-12,73.58999633789062,70.43000030517578,73.41000366210938,70.0199966430664
2024-12-13,73.43000030517578,70.05999755859375,74.48999786376953,71.29000091552734
2024-12-16,74.51000213623047,71.44000244140625,73.91000366210938,70.70999908447266
2024-12-17,73.86000061035156,70.61000061035156,73.19000244140625,70.08000183105469
2024-12-18,73.33999633789062,70.22000122070312,73.38999938964844,70.58000183105469
2024-12-19,72.93000030517578,70.13999938964844,72.87999725341797,69.91000366210938
2024-12-20,72.70999908447266,69.2300033569336,72.94000244140625,69.45999908447266
2024-12-23,72.83000183105469,69.4000015258789,72.62999725341797,69.23999786376953
2024-12-24,72.83999633789062,69.55999755859375,73.58000183105469,70.0999984741211
2024-12-26,73.77999877929688,70.19999694824219,73.26000213623047,69.62000274658203
2024-12-27,73.13999938964844,69.68000030517578,74.16999816894531,70.5999984741211
2024-12-30,74.2300033569336,70.41999816894531,74.38999938964844,70.98999786376953
2024-12-31,74.0999984741211,71.1500015258789,74.63999938964844,71.72000122070312
2025-01-02,74.87999725341797,71.8499984741211,75.93000030517578,73.12999725341797
2025-01-03,75.9000015258789,73.12999725341797,76.51000213623047,73.95999908447266
2025-01-06,76.58999633789062,74.05000305175781,76.30000305175781,73.55999755859375
2025-01-07,76.23999786376953,73.44000244140625,77.05000305175781,74.25
2025-01-08,77.23999786376953,74.5199966430664,76.16000366210938,73.31999969482422
2025-01-09,76.16000366210938,73.31999969482422,76.91999816894531,73.91999816894531
2025-01-10,77.20999908447266,74.29000091552734,79.76000213623047,76.56999969482422
2025-01-13,79.55000305175781,76.54000091552734,81.01000213623047,78.81999969482422
2025-01-14,80.91000366210938,78.81999969482422,79.91999816894531,77.5
2025-01-15,80.31999969482422,78.02999877929688,82.02999877929688,80.04000091552734
2025-01-16,82.44000244140625,80.4000015258789,81.29000091552734,78.68000030517578
2025-01-17,81.30999755859375,78.75,80.79000091552734,77.87999725341797
2025-01-21,80.94000244140625,78.19000244140625,79.29000091552734,75.88999938964844
2025-01-22,79.30999755859375,75.87999725341797,79.0,75.44000244140625
2025-01-23,78.91000366210938,75.38999938964844,78.29000091552734,74.62000274658203
2025-01-24,77.87999725341797,74.30000305175781,78.5,74.66000366210938
2025-01-27,78.55000305175781,74.54000091552734,77.08000183105469,73.16999816894531
2025-01-28,77.06999969482422,73.1500015258789,77.48999786376953,73.7699966430664
2025-01-29,77.62999725341797,73.94999694824219,76.58000183105469,72.62000274658203
2025-01-30,76.86000061035156,73.0,76.87000274658203,72.7300033569336
2025-01-31,77.0,73.19999694824219,76.76000213623047,72.52999877929688
2025-02-03,76.81999969482422,74.13999938964844,75.95999908447266,73.16000366210938
2025-02-04,75.5199966430664,72.3499984741211,76.19999694824219,72.69999694824219
2025-02-05,76.08000183105469,72.76000213623047,74.61000061035156,71.02999877929688
2025-02-06,74.5999984741211,71.18000030517578,74.29000091552734,70.61000061035156
2025-02-07,74.19999694824219,70.55999755859375,74.66000366210938,71.0
2025-02-10,74.54000091552734,71.0,75.87000274658203,72.31999969482422
2025-02-11,76.05000305175781,72.48999786376953,77.0,73.31999969482422
2025-02-12,76.81999969482422,73.19999694824219,75.18000030517578,71.37000274658203
2025-02-13,74.97000122070312,71.23999786376953,75.0199966430664,71.29000091552734
2025-02-14,75.23999786376953,71.5199966430664,74.73999786376953,70.73999786376953
2025-02-17,74.63999938964844,70.69999694824219,75.30999755859375,71.38999938964844
2025-02-18,74.63999938964844,70.69999694824219,75.83999633789062,71.8499984741211
2025-02-19,75.80000305175781,71.77999877929688,76.04000091552734,72.25
2025-02-20,76.04000091552734,72.18000030517578,76.4800033569336,72.56999969482422
2025-02-21,76.55999755859375,72.58000183105469,74.43000030517578,70.4000015258789
2025-02-24,73.91000366210938,69.80000305175781,74.77999877929688,70.69999694824219
2025-02-25,74.88999938964844,70.91999816894531,73.0199966430664,68.93000030517578
2025-02-26,73.13999938964844,69.11000061035156,72.52999877929688,68.62000274658203
2025-02-27,72.25,68.81999969482422,73.18000030517578,69.87000274658203
