_id,CL=F Open,BZ=F Open,CL=F Close,BZ=F Close,CL=F Daily % Change,BZ=F Daily % Change,CL=F Weekly % Change,BZ=F Weekly % Change
02-01-2020,66.47000122070312,61.599998474121094,66.25,61.18000030517578,0.0,0.0,0.0,0.0
03-01-2020,66.29000091552734,61.18000030517578,68.5999984741211,63.04999923706055,3.5471675081073073,3.0565526684486866,0.0,0.0
06-01-2020,69.06999969482422,63.709999084472656,68.91000366210938,63.27000045776367,0.4519026164486517,0.348931361404059,0.0,0.0
07-01-2020,68.58000183105469,62.90999984741211,68.2699966430664,62.70000076293945,-0.928757778306255,-0.9009004120439812,0.0,0.0
08-01-2020,68.47000122070312,62.84000015258789,65.44000244140625,59.61000061035156,-4.145297115592539,-4.928229848466481,0.0,0.0
09-01-2020,65.79000091552734,59.9900016784668,65.37000274658203,59.560001373291016,-0.10696774482380489,-0.08387726312464316,0.0,0.0
10-01-2020,65.41000366210938,59.61000061035156,64.9800033569336,59.040000915527344,-0.5966029880101642,-0.873069922387304,0.0,0.0
13-01-2020,65.18000030517578,59.040000915527344,64.19999694824219,58.08000183105469,-1.200379144960717,-1.6260146842582146,-3.094344229068391,-5.067012845141871
14-01-2020,64.22000122070312,58.029998779296875,64.48999786376953,58.22999954223633,0.45171484316601784,0.25826051386492743,-5.991254667304446,-7.644726016096515
15-01-2020,64.45999908447266,58.20000076293945,64.0,57.810001373291016,-0.7598044347971844,-0.7212745530603581,-7.125240750508299,-8.629680804439877
16-01-2020,64.30999755859375,58.099998474121094,64.62000274658203,58.52000045776367,0.9687542915344238,1.2281596049237953,-5.346409954533183,-6.666667072269772
17-01-2020,64.75,58.59000015258789,64.8499984741211,58.540000915527344,0.3559203308007186,0.03417713193305527,-0.901595270894795,-1.795000308452288
21-01-2020,65.4000015258789,59.16999816894531,64.58999633789062,58.34000015258789,-0.4009285155715525,-0.34164803520938536,-1.1932176471144307,-2.0483566027085787
22-01-2020,64.54000091552734,58.2599983215332,63.209999084472656,56.7400016784668,-2.1365495148796265,-2.742541086623773,-2.723921485104186,-3.8956626039882924
23-01-2020,62.630001068115234,56.11000061035156,62.040000915527344,55.59000015258789,-1.8509700773476467,-2.02679149076469,-3.3644799616676435,-4.2871928374069395
24-01-2020,62.119998931884766,55.689998626708984,60.689998626708984,54.189998626708984,-2.1760191310385424,-2.5184413060551747,-5.892385428648595,-6.938006091854742
27-01-2020,60.279998779296875,53.70000076293945,59.31999969482422,53.13999938964844,-2.257371828777477,-1.9376255096323791,-7.312500476837158,-8.078190404264863
28-01-2020,58.95000076293945,52.77000045776367,59.5099983215332,53.47999954223633,0.32029438247882513,0.6398196396180555,-7.907775004418605,-8.612441688487205
29-01-2020,59.66999816894531,53.970001220703125,59.810001373291016,53.33000183105469,0.5041220974951077,-0.2804744062557041,-7.771776745440217,-8.899895802855617
30-01-2020,59.61000061035156,53.09000015258789,58.290000915527344,52.13999938964844,-2.5413817469705835,-2.2313939631505852,-9.75382532831558,-10.627358153451139
31-01-2020,59.06999969482422,52.91999816894531,58.15999984741211,51.560001373291016,-0.22302464586272386,-1.1123859285517623,-7.98924111723498,-9.129362269902131
03-02-2020,55.849998474121094,51.0099983215332,54.45000076293945,50.11000061035156,-6.37895305056081,-2.812258968810999,-12.234042618603947,-9.857887258849408
04-02-2020,54.150001525878906,49.939998626708984,53.959999084472656,49.61000061035156,-0.8999112426097633,-0.9978048172218812,-11.089141035627792,-8.451740417834309
05-02-2020,53.880001068115234,49.5099983215332,55.279998779296875,50.75,2.446255962231958,2.29792254711354,-6.810520796209374,-4.4975525350006045
06-02-2020,55.56999969482422,51.16999816894531,54.93000030517578,50.95000076293945,-0.6331376299743563,0.3940901732797153,-7.696182398815809,-4.730738221676278
07-02-2020,55.36000061035156,51.11000061035156,54.470001220703125,50.31999969482422,-0.8374277843018918,-1.2365084566858142,-8.928272914189472,-5.64410656831763
10-02-2020,54.2400016784668,50.119998931884766,53.27000045776367,49.56999969482422,-2.2030489003979525,-1.4904610583237776,-8.61211250457613,-4.929036679916898
11-02-2020,53.349998474121094,49.61000061035156,54.0099983215332,49.939998626708984,1.3891455930364671,0.746417054998294,-7.13549095042435,-3.1419757630596568
12-02-2020,54.18000030517578,49.959999084472656,55.790000915527344,51.16999816894531,3.295690889300529,2.462954697757036,2.4609736158166307,2.1153413404165544
13-02-2020,56.34000015258789,51.720001220703125,56.34000015258789,51.41999816894531,0.9858383725307895,0.4885675375140508,4.410676628050747,3.6484530060982845
14-02-2020,56.400001525878906,51.5099983215332,57.31999969482422,52.04999923706055,1.7394383024177396,1.2252063215663744,3.6903056450344085,2.561574851350823
18-02-2020,57.34000015258789,52.22999954223633,57.75,52.04999923706055,0.7501749955777015,0.0,5.133806078931524,2.1589763643756754
19-02-2020,57.70000076293945,52.119998931884766,59.119998931884766,53.290000915527344,2.3722925227441793,2.3823279474399994,8.53680485950541,5.902228216842809
20-02-2020,59.34000015258789,53.5,59.310001373291016,53.779998779296875,0.3213843789563686,0.9194930669005785,11.338466047726614,8.493038350597848
21-02-2020,59.15999984741211,53.7400016784668,58.5,53.380001068115234,-1.3657078983912885,-0.7437666795478304,8.313278685433101,6.888270997201151
24-02-2020,58.02000045776367,52.599998474121094,56.29999923706055,51.43000030517578,-3.7606850648537637,-3.6530549342836616,0.9141392958666561,0.5081144137860427
25-02-2020,56.220001220703125,51.369998931884766,54.95000076293945,49.900001525878906,-2.397865883508632,-2.9749149722305135,-2.4671625592542545,-2.9560418070656347
26-02-2020,55.08000183105469,50.08000183105469,53.43000030517578,48.72999954223633,-2.766151841054787,-2.3446932822953848,-6.786460939216809,-6.378481735808206
27-02-2020,53.439998626708984,48.630001068115234,52.18000030517578,47.09000015258789,-2.3395096254171466,-3.365482054287694,-9.645021116578734,-9.529297131941261
28-02-2020,51.369998931884766,46.4900016784668,50.52000045776367,44.7599983215332,-3.181295204491308,-4.9479758409528,-14.546682390893817,-16.006760081531013
02-03-2020,49.040000915527344,43.70000076293945,51.900001525878906,46.75,2.7315935384223833,4.44593778617155,-12.493676742265336,-13.071771920536268
03-03-2020,52.97999954223633,47.720001220703125,51.86000061035156,47.18000030517578,-0.0770730527000052,0.9197867490390976,-11.350426307091343,-11.614838214461587
04-03-2020,51.72999954223633,46.939998626708984,51.130001068115234,46.779998779296875,-1.4076350436652674,-0.8478201002364627,-9.182945362354577,-9.041418429489955
05-03-2020,51.650001525878906,47.130001068115234,49.9900016784668,45.900001525878906,-2.2296095557082674,-1.881139966612022,-9.02638583367934,-8.016031819008141
06-03-2020,50.119998931884766,46.09000015258789,45.27000045776367,41.279998779296875,-9.441890502548766,-10.065365126354575,-15.272318549138486,-15.288325123997238
09-03-2020,39.2400016784668,32.869998931884766,34.36000061035156,31.1299991607666,-24.099844791455215,-24.588178097574932,-34.15101493024836,-33.89254818455163
10-03-2020,33.459999084472656,30.3700008392334,37.220001220703125,34.36000061035156,8.323633758871175,10.3758481743095,-26.32620569388112,-23.235027035687793
11-03-2020,37.79999923706055,34.619998931884766,35.790000915527344,32.97999954223633,-3.842021113047045,-4.016301058212102,-31.04046269115932,-29.454546433719088
12-03-2020,36.130001068115234,33.06999969482422,33.220001220703125,31.5,-7.180775716910459,-4.487566897449302,-35.94292165497542,-33.23442179684692
13-03-2020,32.86000061035156,30.770000457763672,33.849998474121094,31.729999542236328,1.8964395853945604,0.7301572769407239,-33.79621011737076,-32.17186752839577
16-03-2020,34.459999084472656,33.75,30.049999237060547,28.700000762939453,-11.225995297948721,-9.549318698424791,-39.88798114002746,-37.47276730098127
17-03-2020,29.700000762939453,28.690000534057617,28.729999542236328,26.950000762939453,-4.392677964518111,-6.097560813516734,-36.53633918329414,-34.714143508028236
18-03-2020,28.65999984741211,26.940000534057617,24.8799991607666,20.3700008392334,-13.40062806408957,-24.41558344129846,-27.5902249161455,-34.56472409769326
19-03-2020,26.440000534057617,22.299999237060547,28.469999313354492,25.219999313354492,14.429261550173123,23.809515337769717,-23.508870554473717,-26.60070178882209
20-03-2020,28.0,24.729999542236328,26.979999542236328,22.43000030517578,-5.233578528466087,-11.062645060031196,-24.615817680711018,-31.98908242418116
23-03-2020,26.5,22.520000457763672,27.030000686645508,23.360000610351562,0.18532670592119604,4.146234028187612,-18.63335432450235,-25.841267903645836
24-03-2020,27.639999389648438,23.8700008392334,27.149999618530273,24.010000228881836,0.44394720250249264,2.782532540869198,-19.793202828984125,-24.330284981814366
25-03-2020,27.600000381469727,24.3700008392334,27.389999389648438,24.489999771118164,0.8839770699457405,1.9991650881324485,-8.851913194498662,-14.668992612912046
26-03-2020,27.59000015258789,24.25,26.34000015258789,22.600000381469727,-3.8335131816665036,-7.717433267914419,-8.318828498882747,-16.141002813816876
27-03-2020,26.709999084472656,23.290000915527344,24.93000030517578,21.510000228881836,-5.353074560531379,-4.823009443316684,0.20096923671937272,5.596462163382698
30-03-2020,24.0,20.93000030517578,22.760000228881836,20.09000015258789,-8.704372441758156,-6.601580944603091,-20.056196776212264,-20.340996433136947
31-03-2020,22.959999084472656,20.229999542236328,22.739999771118164,20.479999542236328,-0.08787547259464512,1.9412612577715649,-15.715344118077468,-8.693717059332739
01-04-2020,25.93000030517578,20.100000381469727,24.739999771118164,20.309999465942383,8.795074846659311,-0.8300785160827329,-8.472071244373836,-13.056511407185612
02-04-2020,25.6299991607666,21.219999313354492,29.940000534057617,25.31999969482422,21.01859664934196,24.667653178834637,10.276246610416617,5.456057698685779
03-04-2020,29.959999084472656,24.809999465942383,34.11000061035156,28.34000015258789,13.927855717806192,11.927332125446299,24.53450664640333,15.720704032060272
06-04-2020,31.25,26.09000015258789,33.04999923706055,26.079999923706055,-3.107597051667399,-7.974594977817818,25.47455977828992,15.398227803082975
07-04-2020,33.310001373291016,26.34000015258789,31.8700008392334,23.6299991607666,-3.570343192334968,-9.39417473200399,27.83794805095443,9.855875915046287
08-04-2020,32.40999984741211,24.299999237060547,32.84000015258789,25.09000015258789,3.043612449988964,6.17859095926403,44.28822417547607,24.88800379305087
09-04-2020,33.65999984741211,26.280000686645508,31.479999542236328,22.760000228881836,-4.141292947723663,-9.286567993367377,38.43447607338477,11.132816101599108
13-04-2020,33.0,24.600000381469727,31.739999771118164,22.40999984741211,0.8259219589028088,-1.5377872493409939,28.294260568958872,10.33973627124507
14-04-2020,32.09000015258789,22.360000610351562,29.600000381469727,20.110000610351562,-6.74227915904313,-10.263271988938227,-1.1356050318072963,-20.576615905479876
15-04-2020,30.010000228881836,20.719999313354492,27.690000534057617,19.8700008392334,-6.452702104043928,-1.1934349270711797,-18.82145986929602,-29.887082807870225
16-04-2020,28.059999465942383,20.149999618530273,27.81999969482422,19.8700008392334,0.4694805282026149,0.0,-15.824507300961388,-23.811346252451195
17-04-2020,28.469999313354492,20.0,28.079999923706055,18.270000457763672,0.9345802722284358,-8.052341791101082,-11.8920640593824,-22.683025363378984
20-04-2020,28.049999237060547,17.729999542236328,25.56999969482422,-37.630001068115234,-8.93874727813946,-305.9660652724544,-22.137638319075258,-249.98007508674291
21-04-2020,25.959999084472656,-14.0,19.329999923706055,10.010000228881836,-24.40359736250306,-126.60111598392577,-38.595933275757424,-56.01933159833886
22-04-2020,19.559999465942383,13.119999885559082,20.3700008392334,13.779999732971191,5.3802427296024025,37.66233184702416,-35.8223031313028,-38.50959470415839
23-04-2020,21.299999237060547,14.199999809265137,21.329999923706055,16.5,4.712808271581714,19.738754134520818,-27.939190375622026,-17.951270516090013
24-04-2020,21.790000915527344,16.780000686645508,21.440000534057617,16.940000534057617,0.5157084423113689,2.6666699033794927,-22.57132495289318,-14.74584892513182
27-04-2020,21.299999237060547,16.84000015258789,19.989999771118164,12.779999732971191,-6.763063091514921,-24.557264875658102,-28.145219301216564,-35.68193662208091
28-04-2020,20.170000076293945,12.960000038146973,20.459999084472656,12.34000015258789,2.3511721797693674,-3.4428762877681707,-27.1367551992062,-32.457581590567955
29-04-2020,20.75,13.350000381469727,22.540000915527344,15.0600004196167,10.16618731245802,22.0421412754876,-11.84981937997518,-140.02125961239312
30-04-2020,23.110000610351562,15.640000343322754,25.270000457763672,18.84000015258789,12.111798719385526,25.099599121175853,30.729438993804024,88.21178543262039
01-05-2020,26.719999313354492,19.040000915527344,26.440000534057617,19.780000686645508,4.629996260781577,4.98938708303831,29.79872088730191,43.54137206053936
04-05-2020,26.209999084472656,19.110000610351562,27.200000762939453,20.389999389648438,2.874433485365757,3.0839164905326344,27.519929021235058,23.575753876657203
05-05-2020,27.940000534057617,21.239999771118164,30.969999313354492,24.559999465942383,13.860288399519959,20.4512025557537,44.449620064880094,44.98228271342066
06-05-2020,31.8799991607666,25.520000457763672,29.719999313354492,23.989999771118164,-4.03616411919322,-2.320845713431885,48.67433543593318,87.71518209993567
07-05-2020,30.1200008392334,24.09000015258789,29.459999084472656,23.549999237060547,-0.8748325534617574,-1.8340997843082074,43.9882717630726,90.8427791398507
08-05-2020,29.43000030517578,23.350000381469727,30.969999313354492,24.739999771118164,5.125594962009705,5.053080987726388,37.400168835041605,64.2762223226275
11-05-2020,30.68000030517578,24.489999771118164,29.6299991607666,24.139999389648438,-4.32676842847094,-2.42522387639702,17.253655021851856,28.13163054211829
12-05-2020,30.06999969482422,24.489999771118164,29.979999542236328,25.780000686645508,1.181236555460874,6.793708941435694,13.388800819496227,30.333669321108303
13-05-2020,29.469999313354492,25.299999237060547,29.190000534057617,25.290000915527344,-2.6350867919985976,-1.90069727721921,7.316175423897708,24.031396138081938
14-05-2020,29.389999389648438,25.559999465942383,31.1299991607666,27.559999465942383,6.646106855823719,8.975873737597716,0.5166285145609129,12.214983978970073
15-05-2020,31.350000381469727,27.639999389648438,32.5,29.43000030517578,4.400902268446005,6.785199112736828,9.353972916803976,22.676117490450732
18-05-2020,32.709999084472656,29.530000686645508,34.810001373291016,31.81999969482422,7.107696533203134,8.120962843578749,18.16022557732584,35.116775905237404
19-05-2020,35.439998626708984,32.83000183105469,34.650001525878906,32.5,-0.4596375785692275,2.1370217212365095,11.882474310994162,31.36620978445186
20-05-2020,34.43000030517578,31.889999389648438,35.75,33.4900016784668,3.174598631112735,3.046159010667071,20.654745233124938,38.732404826935365
21-05-2020,35.79999923706055,33.529998779296875,36.060001373291016,33.91999816894531,0.8671367085063331,1.2839548191333483,20.2801932084391,31.574853628752876
22-05-2020,35.939998626708984,33.95000076293945,35.130001068115234,33.25,-2.5790356898450217,-1.9752305575261309,20.34943619520351,31.474886501824685
26-05-2020,35.130001068115234,33.29999923706055,36.16999816894531,34.349998474121094,2.9604243359218074,3.3082660875822345,16.190167504182472,24.637152176180322
27-05-2020,36.099998474121094,34.13999938964844,34.7400016784668,32.810001373291016,-3.953543165247586,-4.483252312195285,6.8923128568209036,11.484882885036196
28-05-2020,34.34000015258789,32.099998474121094,35.290000915527344,33.709999084472656,1.5831871343905402,2.7430590475814087,1.3789127357076714,5.939658729650654
29-05-2020,35.029998779296875,33.68000030517578,35.33000183105469,35.4900016784668,0.11334914845453348,5.280340084061397,1.962482756798467,9.200005164513225
01-06-2020,37.540000915527344,35.209999084472656,38.31999969482422,35.439998626708984,8.463056067948905,-0.14089334852905866,7.188810335172646,5.82262421771087
02-06-2020,38.47999954223633,35.560001373291016,39.56999969482422,36.810001373291016,3.262004201343549,3.8656963873286987,9.733772012923424,8.520057076511222
03-06-2020,39.52000045776367,36.86000061035156,39.790000915527344,37.290000915527344,0.5559798392717807,1.3039921877987526,13.265014818464183,12.150378693315321
04-06-2020,39.380001068115234,36.7599983215332,39.9900016784668,37.40999984741211,0.5026407598332172,0.3217992194652908,10.561248833021075,8.908301336887646
05-06-2020,39.93000030517578,37.33000183105469,42.29999923706055,39.54999923706055,5.776437763536291,5.720394007957941,21.761649952019813,20.542510154407445
08-06-2020,42.40999984741211,39.40999984741211,40.79999923706055,38.189998626708984,-3.546099354738985,-3.4386868181710772,15.613483079023794,13.289823980742522
09-06-2020,40.95000076293945,38.220001220703125,41.18000030517578,38.939998626708984,0.9313751843653462,1.9638649567153221,16.558160687608602,9.721039123915954
10-06-2020,40.869998931884766,38.5,41.72999954223633,39.599998474121094,1.3355979431389553,1.694914922157742,8.898747063071323,11.738149008496212
11-06-2020,41.310001373291016,39.09000015258789,38.54999923706055,36.34000015258789,-7.620417781114986,-8.232319310980873,-2.5777115633819125,-1.2768302177900814
12-06-2020,38.380001068115234,36.2599983215332,38.72999954223633,36.2599983215332,0.46692687091607343,-0.22014813076161044,-2.6639893161635175,-2.7621415089996826
15-06-2020,38.689998626708984,36.029998779296875,39.720001220703125,37.119998931884766,2.5561623810172573,2.371761307669029,-0.6751699085550622,-0.7751962488912079
16-06-2020,39.77000045776367,37.04999923706055,40.959999084472656,38.380001068115234,3.1218474966290044,3.394402404328112,-3.167849117628041,-2.9582760847412626
17-06-2020,40.709999084472656,37.93000030517578,40.709999084472656,37.959999084472656,-0.6103515761424205,-1.094325096284332,-0.2205886134089452,-0.6022507214113237
18-06-2020,40.58000183105469,37.7400016784668,41.5099983215332,38.84000015258789,1.9651173054574533,2.3182325851930585,0.8013550604951014,-0.2568014320691425
19-06-2020,41.41999816894531,38.849998474121094,42.189998626708984,39.75,1.6381602810690454,2.3429450150284747,1.1023222849716907,0.3787917466131496
22-06-2020,41.54999923706055,39.18000030517578,43.08000183105469,40.459999084472656,2.1095122856493065,1.7861612187991316,11.750979724116739,11.337366303206696
23-06-2020,43.16999816894531,40.68000030517578,42.630001068115234,40.369998931884766,-1.0445699717103185,-0.22244230010975974,10.06971745926779,11.334806399896657
24-06-2020,42.33000183105469,39.9900016784668,40.310001373291016,38.0099983215332,-5.442176018521017,-5.845926858540496,1.4853981229999702,2.397627735069685
25-06-2020,40.43000030517578,38.04999923706055,41.04999923706055,38.720001220703125,1.8357673990550882,1.8679372021116247,0.21972693994030124,0.8858784344077275
26-06-2020,41.470001220703125,39.09000015258789,41.02000045776367,38.4900016784668,-0.0730786354553481,-0.5940070634950056,0.7614870554228492,1.3962134003605353
29-06-2020,40.310001373291016,37.959999084472656,41.709999084472656,39.70000076293945,1.682102922986184,3.1436711657759853,0.4818134691075171,2.214213715172342
30-06-2020,41.54999923706055,39.63999938964844,41.150001525878906,39.27000045776367,-1.3425978683423656,-1.0831241735823616,-2.4650323173314614,-1.2075460182045972
01-07-2020,41.720001220703125,39.84000015258789,42.029998779296875,39.81999969482422,2.1385108646096773,1.4005582649587511,-2.4373328856288623,-1.5818077215282278
02-07-2020,42.02000045776367,39.779998779296875,43.13999938964844,40.650001525878906,2.6409722640732713,2.0843843229927828,1.196336637942652,0.6935907887106518
06-07-2020,42.75,40.380001068115234,43.099998474121094,40.630001068115234,-0.09272349581196382,-0.0492016162679354,6.921352036169126,6.8929304453501095
07-07-2020,43.150001525878906,40.68000030517578,43.08000183105469,40.619998931884766,-0.0463959252305135,-0.024617612521593557,4.945195205171715,4.907018727483248
08-07-2020,42.959999084472656,40.47999954223633,43.290000915527344,40.900001525878906,0.48746303516002953,0.6893220122030863,5.533886963509382,6.261365919244377
09-07-2020,43.380001068115234,40.869998931884766,42.349998474121094,39.619998931884766,-2.1714077651337926,-3.129590577604835,1.5344027899695911,-0.20151594336836887
10-07-2020,42.400001525878906,39.58000183105469,43.2400016784668,40.54999923706055,2.101542470868223,2.347300177303513,5.078979526339755,3.2594824659438526
13-07-2020,43.11000061035156,40.349998474121094,42.720001220703125,40.099998474121094,-1.2025912062409327,-1.109742962777116,1.6416903674670857,0.7031611789119818
14-07-2020,42.31999969482422,39.599998474121094,42.900001525878906,40.290000915527344,0.42134901692967297,0.47382156767130645,-0.5563232896732995,-0.88561032432527
15-07-2020,43.150001525878906,40.54999923706055,43.790000915527344,41.20000076293945,2.0745905780715557,2.2586245389272452,1.6009337954398184,1.4029034699473142
16-07-2020,43.63999938964844,40.970001220703125,43.369998931884766,40.75,-0.959127597308751,-1.092234841277584,0.6731594440672284,0.3200420274092952
17-07-2020,43.34000015258789,40.720001220703125,43.13999938964844,40.59000015258789,-0.5303194556162127,-0.39263766236100617,-0.34650386395603805,-0.7579495396714542
20-07-2020,43.09000015258789,40.63999938964844,43.279998779296875,40.810001373291016,0.3245233927426261,0.5420084254153412,2.1959866320752752,3.0035398119321544
21-07-2020,43.18000030517578,40.650001525878906,44.31999969482422,41.959999084472656,2.4029596692706656,2.8179310769008703,2.4976826420782805,3.4771883451071517
22-07-2020,43.900001525878906,41.540000915527344,44.290000915527344,41.900001525878906,-0.06768677685793367,-0.1429875116845558,3.675092813582026,4.488785836038023
23-07-2020,44.349998474121094,41.95000076293945,43.310001373291016,41.06999969482422,-2.2126880153049533,-1.9809112191608191,0.9557105660352505,1.9359611853378533
24-07-2020,43.36000061035156,41.060001373291016,43.34000015258789,41.290000915527344,0.06926524669974565,0.5356737821715862,-1.0276336002082331,0.21844696825552568
27-07-2020,43.400001525878906,41.2599983215332,43.40999984741211,41.599998474121094,0.16151290857815415,0.7507811860502311,0.09223176507375808,2.085885826064038
28-07-2020,43.619998931884766,41.650001525878906,43.220001220703125,41.040000915527344,-0.4376840068574972,-1.346148026765237,0.18544699162392764,1.1086493255673568
29-07-2020,43.29999923706055,41.130001068115234,43.75,41.27000045776367,1.2262812686895552,0.5604277219918519,1.085954791957966,1.1271724307603481
30-07-2020,43.79999923706055,41.31999969482422,42.939998626708984,39.91999816894531,-1.8514317103794697,-3.2711467745195955,-3.113720842999901,-4.861775405238866
31-07-2020,43.31999969482422,40.34000015258789,43.29999923706055,40.27000045776367,0.8383805818932721,0.8767592807422453,-2.2352712982665945,-3.890217204666424
03-08-2020,43.54999923706055,40.38999938964844,44.150001525878906,41.0099983215332,1.963053819388616,1.8375908998204737,1.9395061786027012,-0.14609538285089707
04-08-2020,43.90999984741211,40.779998779296875,44.43000030517578,41.70000076293945,0.6341987986857811,1.6825224814602135,2.5149980358798008,0.9929761160599293
05-08-2020,44.400001525878906,41.560001373291016,45.16999816894531,42.189998626708984,1.665536481401575,1.1750548076848277,4.054361501312287,1.4182696495888658
06-08-2020,45.2400016784668,42.189998626708984,45.09000015258789,41.95000076293945,-0.1771043161396868,-0.5688501341111651,4.32669800802552,2.2173485066073972
07-08-2020,45.119998931884766,41.970001220703125,44.400001525878906,41.220001220703125,-1.5302697369127927,-1.740165742455102,1.4857177734374893,-0.12115153018162905
10-08-2020,44.61000061035156,41.5,44.9900016784668,41.939998626708984,1.3288291268278574,1.746718546054371,4.774110659804953,5.060121619281732
11-08-2020,44.9900016784668,41.97999954223633,44.5,41.61000061035156,-1.0891346081041031,-0.7868336365353779,2.7713643974209834,3.32753945208748
12-08-2020,44.58000183105469,41.619998931884766,45.43000030517578,42.66999816894531,2.08988832623771,2.5474586470687344,2.89920438291853,4.0477930147597485
13-08-2020,45.43000030517578,42.56999969482422,44.959999084472656,42.2400016784668,-1.034561341725504,-1.0077255892442571,1.1928849328302515,1.294966200593617
14-08-2020,45.04999923706055,42.33000183105469,44.79999923706055,42.0099983215332,-0.35587155398179027,-0.5445155014064396,-0.8191254081988064,-0.42664212143830316
17-08-2020,44.959999084472656,42.2400016784668,45.369998931884766,42.88999938964844,1.2723207690429783,2.0947419739937745,0.6209775523382977,2.2407594984823476
18-08-2020,45.380001068115234,42.790000915527344,45.459999084472656,42.88999938964844,0.19836930726626623,0.0,2.387381806678368,4.051426781876311
19-08-2020,45.040000915527344,42.599998474121094,45.369998931884766,42.93000030517578,-0.1979765824910218,0.09326396851616625,0.8446260040924747,2.360519100819247
20-08-2020,45.27000045776367,42.7400016784668,44.900001525878906,42.58000183105469,-1.035921130858919,-0.8152771293572503,0.8988798334357506,2.3311732912155048
21-08-2020,44.90999984741211,42.75,44.349998474121094,42.34000015258789,-1.2249510758720272,-0.5636488213858093,-2.377287747743295,-0.773372464303479
24-08-2020,44.41999816894531,42.47999954223633,45.130001068115234,42.619998931884766,1.758743226224202,0.6613102935469906,0.3781182987196541,0.8996146740488431
25-08-2020,44.9900016784668,42.36000061035156,45.86000061035156,43.349998474121094,1.617548249410694,1.7128098557745552,2.3660745342471756,3.1897172247708605
26-08-2020,45.97999954223633,43.38999938964844,45.63999938964844,43.38999938964844,-0.47972354508313275,0.09227431818994436,0.5951079217987987,1.1657729240273085
27-08-2020,45.619998931884766,43.45000076293945,45.09000015258789,43.040000915527344,-1.2050816047672663,-0.8066339687586965,-0.8138999985399131,0.3497354348648285
28-08-2020,45.04999923706055,42.97999954223633,45.04999923706055,42.970001220703125,-0.08871349610107826,-0.16263869269335096,-0.7053112240638204,0.09317706788489755
31-08-2020,45.709999084472656,42.90999984741211,45.279998779296875,42.61000061035156,0.5105428327002448,-0.8377952062475491,0.8463190211674076,0.07045274308794536
01-09-2020,45.56999969482422,42.83000183105469,45.58000183105469,42.7599983215332,0.6625509272208285,0.3520246633021751,2.7734011257098956,0.9919654403204747
02-09-2020,45.849998474121094,43.02000045776367,44.43000030517578,41.5099983215332,-2.523039665819815,-2.9232929117551487,-1.5510763269935057,-2.6044125719607902
03-09-2020,44.369998931884766,41.630001068115234,44.06999969482422,41.369998931884766,-0.8102647037560917,-0.3372666714269945,-3.9031855466728937,-4.567473153242075
04-09-2020,43.869998931884766,41.25,42.65999984741211,39.77000045776367,-3.1994550877605388,-3.8675332739444235,-6.529359294672165,-8.342933816100462
08-09-2020,42.220001220703125,39.47999954223633,39.779998779296875,36.7599983215332,-6.7510573802544105,-7.568524268505195,-11.776450111602522,-14.591083783477643
09-09-2020,39.79999923706055,36.790000915527344,40.790000915527344,38.04999923706055,2.538969751693698,3.509251834681648,-9.456156256776804,-11.449853022745781
10-09-2020,40.63999938964844,37.79999923706055,40.060001373291016,37.29999923706055,-1.7896531646275138,-1.971090709693113,-11.528263133241445,-12.461866456770288
11-09-2020,39.95000076293945,37.0099983215332,39.83000183105469,37.33000183105469,-0.5741376294352118,0.08043591047672827,-12.615181590629943,-12.698776201176932
14-09-2020,39.77000045776367,37.31999969482422,39.61000061035156,37.2599983215332,-0.5523505161669218,-0.18752613471143542,-10.848525009491672,-10.238497161767713
15-09-2020,39.65999984741211,37.279998779296875,40.529998779296875,38.279998779296875,2.3226411380182777,2.7375214807086934,-8.032677422376056,-7.469181127308078
16-09-2020,40.75,38.349998474121094,42.220001220703125,40.15999984741211,4.169756951163595,4.9111837201311515,-1.0314079425288059,0.9806371263752611
17-09-2020,42.2599983215332,40.189998626708984,43.29999923706055,40.970001220703125,2.55802459765877,2.0169356981290187,8.848669094468708,11.452674350922898
18-09-2020,43.2599983215332,40.970001220703125,43.150001525878906,41.11000061035156,-0.34641504347477925,0.3417119489312892,5.785733163475348,8.042053704722774
21-09-2020,43.02000045776367,40.97999954223633,41.439998626708984,39.310001373291016,-3.962926625030039,-4.3784947952720366,3.4448257766112933,5.388745783762294
22-09-2020,41.790000915527344,39.630001068115234,41.720001220703125,39.599998474121094,0.6756819577056428,0.7377183686060995,4.745165209043112,6.080890789504334
23-09-2020,41.7400016784668,39.7599983215332,41.77000045776367,39.93000030517578,0.11984476413613443,0.8333379893192383,5.45316792256656,7.165867160277184
24-09-2020,41.5,39.599998474121094,41.939998626708984,40.310001373291016,0.4069862750353703,0.951668082171242,3.478904243471992,5.303037248507003
25-09-2020,41.93000030517578,40.150001525878906,41.91999816894531,40.25,-0.04768826518495306,-0.14884984184290184,-0.7105709215628919,0.2241039664587774
28-09-2020,41.849998474121094,40.06999969482422,42.43000030517578,40.599998474121094,1.2166082025458769,0.8695614263878104,-2.0092354439122717,-0.9031065061210208
29-09-2020,42.43000030517578,40.58000183105469,41.029998779296875,39.290000915527344,-3.299555776124108,-3.226595093171636,-4.9131000500905575,-4.427145871571547
30-09-2020,40.75,39.15999984741211,40.95000076293945,40.220001220703125,-0.1949744546368093,2.367015229078917,-1.1824273166208932,2.3149321180904403
01-10-2020,42.02000045776367,39.900001525878906,40.93000030517578,38.720001220703125,-0.048841165790092234,-3.729487703814094,-1.8935783614869917,-2.2222153720360738
02-10-2020,40.790000915527344,38.599998474121094,39.27000045776367,37.04999923706055,-4.055704458917864,-4.31302151599533,-5.985156745516229,-7.2126247085000035
05-10-2020,39.220001220703125,37.0,41.290000915527344,39.220001220703125,5.143876837832617,5.856955542044817,-1.5498276882815576,-2.704043948036461
06-10-2020,41.52000045776367,39.349998474121094,42.650001525878906,40.66999816894531,3.2937771377963942,3.697085423538371,1.7414202977575233,1.043473711665377
07-10-2020,41.939998626708984,39.83000183105469,41.9900016784668,39.95000076293945,-1.5474790710420905,-1.7703403944474116,-1.0369988770782768,-1.6009796443612112
08-10-2020,42.060001373291016,39.9900016784668,43.34000015258789,41.189998626708984,3.215047440241947,3.103874443276222,5.630030324194424,4.835830152477194
09-10-2020,43.40999984741211,41.310001373291016,42.849998474121094,40.599998474121094,-1.1305991618404287,-1.4323869197832795,4.639798964060526,0.9447967227369514
12-10-2020,42.689998626708984,40.400001525878906,41.720001220703125,39.43000030517578,-2.637099868510895,-2.8817689973340332,1.9301268254020565,1.8336752636594067
13-10-2020,41.83000183105469,39.529998779296875,42.45000076293945,40.20000076293945,1.7497591583819805,1.952828941932827,8.09778525110023,8.502028585004684
14-10-2020,42.41999816894531,40.189998626708984,43.31999969482422,41.040000915527344,2.049467411657413,2.0895525787210767,4.916441594297671,4.640488623604355
15-10-2020,43.40999984741211,41.130001068115234,43.15999984741211,40.959999084472656,-0.3693440640333723,-0.1949362311646996,1.1957756231819827,0.7130585900758213
16-10-2020,43.040000915527344,40.880001068115234,42.93000030517578,40.880001068115234,-0.5328997753694775,-0.19530766148807555,2.238624884816409,2.3279106067965794
19-10-2020,42.7400016784668,40.689998626708984,42.619998931884766,40.83000183105469,-0.7221089473266162,-0.12230732816576051,-1.6612856902819662,-0.8739907930486401
20-10-2020,42.43000030517578,40.650001525878906,43.15999984741211,41.459999084472656,1.267012972924686,1.5429763045927691,0.7234571396268263,2.1182281839240424
21-10-2020,42.81999969482422,41.220001220703125,41.72999954223633,40.029998779296875,-3.313253730841992,-3.449108385801525,0.023965295399475117,1.5216801153367765
22-10-2020,41.720001220703125,40.040000915527344,42.459999084472656,40.63999938964844,1.7493399239016716,1.5238586783746122,0.02355317162192616,1.0945239262647455
23-10-2020,42.439998626708984,40.61000061035156,41.77000045776367,39.849998474121094,-1.6250556796674864,-1.943899919763703,-3.5780222714215215,-2.8996160206127497
26-10-2020,41.630001068115234,39.689998626708984,40.459999084472656,38.560001373291016,-3.1362254223953,-3.2371321210157955,-6.255794190187758,-5.859369543031667
27-10-2020,40.52000045776367,38.59000015258789,41.20000076293945,39.56999969482422,1.8289710707155793,2.619290159654364,-4.0298148845523185,-3.204504254068541
28-10-2020,40.709999084472656,38.970001220703125,39.119998931884766,37.38999938964844,-5.048548040139133,-5.509224973435945,-8.212107197829111,-8.425183167123528
29-10-2020,39.31999969482422,37.38999938964844,37.650001525878906,36.16999816894531,-3.7576621833896207,-3.2629078379736165,-12.766446573246649,-12.759288548823244
30-10-2020,37.619998931884766,36.06999969482422,37.459999084472656,35.790000915527344,-0.5046545383953105,-1.0505868749095648,-10.232447890256658,-10.592050944459231
02-11-2020,37.41999816894531,35.2400016784668,38.970001220703125,36.810001373291016,4.030972165336677,2.849959294974891,-8.219495852617198,-9.424207858952316
03-11-2020,39.220001220703125,37.029998779296875,39.709999084472656,37.65999984741211,1.8988910459063701,2.3091508894586665,-4.931772446050164,-5.4956052962741975
04-11-2020,40.150001525878906,38.150001525878906,41.22999954223633,39.150001525878906,3.8277524371890914,3.9564569423894635,1.9031153613129348,1.5300833287743565
05-11-2020,41.16999816894531,39.16999816894531,40.93000030517578,38.790000915527344,-0.7276236730326069,-0.9195417530535654,-0.6553409047665437,-1.9711872259602248
06-11-2020,40.77000045776367,38.540000915527344,39.45000076293945,37.13999938964844,-3.615928490597098,-4.253677460519012,0.8435629858509985,-0.6686279863091227
09-11-2020,39.70000076293945,37.34000015258789,42.400001525878906,40.290000915527344,7.4778218146722475,8.481425895652727,12.61620134792043,11.390663409320734
10-11-2020,42.130001068115234,39.90999984741211,43.61000061035156,41.36000061035156,2.8537713229423556,2.6557450248452463,16.417516487415273,15.56300517558158
11-11-2020,43.959999084472656,41.790000915527344,43.79999923706055,41.45000076293945,0.4356767348081325,0.2176019131038487,12.394143867235607,12.60526817859664
12-11-2020,43.779998779296875,41.470001220703125,43.529998779296875,41.119998931884766,-0.6164394120245054,-0.7961443304718707,9.619742591023893,9.187464414475865
13-11-2020,43.33000183105469,40.939998626708984,42.779998779296875,40.130001068115234,-1.7229497381853975,-2.4075824160634363,3.7593966875326235,2.50319158120218
16-11-2020,42.72999954223633,40.16999816894531,43.81999969482422,41.34000015258789,2.4310447526956214,3.015198236398864,7.0608340290752025,6.573857120069837
17-11-2020,43.900001525878906,41.439998626708984,43.75,41.43000030517578,-0.15974371362783568,0.21770718978155745,10.899871112550397,11.550891184782962
18-11-2020,43.779998779296875,41.349998474121094,44.34000015258789,41.81999969482422,1.3485717773437544,0.9413453699630203,4.575468294558682,3.7974652383470975
19-11-2020,44.15999984741211,41.61000061035156,44.20000076293945,41.7400016784668,-0.31574061607274606,-0.19129128871639978,1.352901041803345,0.9187646579002395
20-11-2020,44.220001220703125,41.70000076293945,44.959999084472656,42.150001525878906,1.7194531864588525,0.9822707976162359,2.6484015242415726,1.6887834741979635
23-11-2020,45.130001068115234,42.459999084472656,46.060001373291016,43.060001373291016,2.4466243576910074,2.158955668965734,5.8120897425741,4.717904892507074
24-11-2020,45.84000015258789,42.84000015258789,47.86000061035156,44.90999984741211,3.907944384266382,4.29632702071534,11.874712426390065,11.911284954075807
25-11-2020,47.86000061035156,44.81999969482422,48.61000061035156,45.709999084472656,1.5670706026647663,1.7813387659288749,10.931083863273305,10.570873042464669
27-11-2020,48.900001525878906,45.900001525878906,48.18000030517578,45.529998779296875,-0.8845922645066007,-0.39378759304531386,10.125714983258938,9.89620671957583
30-11-2020,47.75,45.34000015258789,47.59000015258789,45.34000015258789,-1.2245748211929919,-0.41730426488695294,7.329724828181616,8.417026502750824
01-12-2020,47.70000076293945,45.08000183105469,47.41999816894531,44.54999923706055,-0.35722206996743333,-1.7423928382634846,7.285061878790144,6.732145293715686
02-12-2020,47.13999938964844,44.380001068115234,48.25,45.279998779296875,1.7503202511683025,1.6386073058090034,7.317617843688029,7.425853238691427
03-12-2020,48.08000183105469,44.9900016784668,48.709999084472656,45.63999938964844,0.953365978181675,0.7950543729170034,5.753360035109134,5.99163477490674
04-12-2020,48.81999969482422,45.63999938964844,49.25,46.2599983215332,1.1086038301722834,1.3584551712886084,2.9043029083200667,3.0060086366241245
07-12-2020,49.22999954223633,46.150001525878906,48.790000915527344,45.7599983215332,-0.9340082933454896,-1.080847423566067,0.3702948013077245,0.10938358797196734
08-12-2020,48.68000030517578,45.65999984741211,48.84000015258789,45.599998474121094,0.10247845075288531,-0.34965002902287434,1.3698626883180243,0.15374411750708195
09-12-2020,48.83000183105469,45.599998474121094,48.86000061035156,45.52000045776367,0.040950978094156376,-0.17543425226828058,2.668628816330454,0.39700111285840833
10-12-2020,48.97999954223633,45.689998626708984,50.25,46.779998779296875,2.8448615887940676,2.7680103446007465,5.967950106138997,5.005610730473875
11-12-2020,50.34000015258789,46.970001220703125,49.970001220703125,46.56999969482422,-0.5572115010883061,-0.448907845131441,3.5647693693328986,2.848942028057566
14-12-2020,50.060001373291016,46.72999954223633,50.290000915527344,46.9900016784668,0.6403836041765754,0.9018724208607942,3.243690947960509,2.9579366934096685
15-12-2020,50.33000183105469,46.9900016784668,50.7599983215332,47.619998931884766,0.9345742641669874,1.3407048966049828,3.065986439661317,2.9399063114935453
16-12-2020,50.720001220703125,47.599998474121094,51.08000183105469,47.81999969482422,0.6304245864912295,0.41999321172923043,4.69358653936518,4.501751417944533
17-12-2020,51.08000183105469,47.849998474121094,51.5,48.36000061035156,0.8222360099642056,1.1292365515966019,5.446355116915713,6.05263646619818
18-12-2020,51.45000076293945,48.43000030517578,52.2599983215332,49.099998474121094,1.4757248961809744,1.530185803205164,6.958652617088412,7.864670431361631
21-12-2020,52.310001373291016,48.540000915527344,50.90999984741211,47.7400016784668,-2.583234821048286,-2.7698509937247873,1.3134325321634055,2.05216529333212
22-12-2020,50.900001525878906,47.93000030517578,50.08000183105469,47.02000045776367,-1.6303241383718303,-1.5081717540615047,0.2201332953059687,0.9662889540226205
23-12-2020,49.79999923706055,46.790000915527344,51.20000076293945,48.119998931884766,2.2364195106523654,2.3394267618291,1.809504535385953,2.404761040763681
24-12-2020,51.099998474121094,48.09000015258789,51.290000915527344,48.22999954223633,0.1757815454038747,0.22859645218877844,1.044134380456252,1.2809756909572867
28-12-2020,51.20000076293945,48.22999954223633,50.86000061035156,47.619998931884766,-0.8383706326774543,-1.2647742403923634,-0.43069932031477576,-0.4182366462062159
29-12-2020,51.060001373291016,47.720001220703125,51.09000015258789,48.0,0.4522208798194871,0.7979863012151256,-0.7961162085671991,-0.7444181261538341
30-12-2020,51.04999923706055,48.130001068115234,51.34000015258789,48.400001525878906,0.4893325489397915,0.8333365122477288,-1.7604251789006264,-1.4256557433726447
31-12-2020,51.5099983215332,48.349998474121094,51.79999923706055,48.52000045776367,0.8959857481602773,0.24793166963146263,1.7481818745157085,1.6338474065213493
04-01-2021,51.65999984741211,48.400001525878906,51.09000015258789,47.619998931884766,-1.3706546234168338,-1.8549083210795736,2.0167697376298754,1.2760494859204607
05-01-2021,50.7400016784668,47.380001068115234,53.599998474121094,49.93000030517578,4.912895506041726,4.850905974599495,4.687495459802515,3.7614326963163913
06-01-2021,53.59000015258789,49.81999969482422,54.29999923706055,50.630001068115234,1.305971609826484,1.4019642672962185,5.8685869912354915,4.976159130536928
07-01-2021,54.13999938964844,50.529998779296875,54.380001068115234,50.83000183105469,0.14733302427025752,0.39502421236448093,6.920960313648217,6.740871422028971
08-01-2021,54.459999084472656,50.93000030517578,55.9900016784668,52.2400016784668,2.9606483610305823,2.7739519902017173,9.590920945868708,8.83333683013916
11-01-2021,56.209999084472656,52.58000183105469,55.65999984741211,52.25,-0.5893942153275655,0.01913920599532215,8.414491005034531,7.954542051124824
12-01-2021,55.560001373291016,52.18000030517578,56.58000183105469,53.209999084472656,1.6528961303713618,1.8373188219572345,9.22780437142221,9.666114143571768
13-01-2021,56.72999954223633,53.310001373291016,56.060001373291016,52.90999984741211,-0.9190534481005708,-0.5638023721524332,9.727933462242078,11.108779996182093
14-01-2021,55.939998626708984,52.84000015258789,56.41999816894531,53.56999969482422,0.6421633728782128,1.247400962607248,5.261193610268022,7.290205021831553
15-01-2021,56.43000030517578,53.79999923706055,55.099998474121094,52.36000061035156,-2.3395954230122085,-2.2587252032214677,1.4732951165762342,3.4169454982014846
19-01-2021,54.7400016784668,52.0,55.900001525878906,52.97999954223633,1.4519112049223626,1.1841079538914112,2.7951460608832024,4.229780904450209
20-01-2021,55.900001525878906,53.130001068115234,56.08000183105469,53.2400016784668,0.32200411495955095,0.49075526326343155,0.16074325752788443,1.9142418986793475
21-01-2021,55.779998779296875,52.93000030517578,56.099998474121094,53.130001068115234,0.03565735095132361,-0.2066127101495785,0.7905113688738918,1.6842125705554656
22-01-2021,56.150001525878906,53.099998474121094,55.40999984741211,52.27000045776367,-1.2299441095836805,-1.618672300136037,-2.06787194375877,-1.7665826778472726
25-01-2021,55.20000076293945,52.16999816894531,55.880001068115234,52.77000045776367,0.8482245479108697,0.9565716388390433,-0.32108508877336517,-0.26459911179773643
26-01-2021,55.97999954223633,52.90999984741211,55.90999984741211,52.61000061035156,0.053684285475052995,-0.3032022854352112,-0.9039318292887066,-1.7920460891199252
27-01-2021,56.08000183105469,52.7599983215332,55.810001373291016,52.849998474121094,-0.1788561516616105,0.4561829708899623,1.2885715405298814,0.935824786206485
28-01-2021,55.66999816894531,52.650001525878906,55.529998779296875,52.34000015258789,-0.501706839462901,-0.964992121585273,-0.6619011386086227,-1.2080018784036084
29-01-2021,55.52000045776367,52.150001525878906,55.880001068115234,52.20000076293945,0.6302940689940195,-0.267480682537824,-0.3566347296884431,-1.9534201403828666
01-02-2021,54.900001525878906,51.9900016784668,56.349998474121094,53.54999923706055,0.8410833876558943,2.586203935612885,0.4456328106948515,0.7905103717330109
02-02-2021,56.290000915527344,53.47999954223633,57.459999084472656,54.7599983215332,1.969832547309358,2.2595688173889794,3.6996918294636805,4.763722674503423
03-02-2021,57.790000915527344,55.04999923706055,58.459999084472656,55.689998626708984,1.7403411345863207,1.698320550915855,4.6170328687225926,5.533443516420733
04-02-2021,58.66999816894531,55.959999084472656,58.84000015258789,56.22999954223633,0.6500189429803793,0.9696551065604853,5.2405657541982675,6.880819026587304
05-02-2021,59.099998474121094,56.459999084472656,59.34000015258789,56.849998474121094,0.8497620644176918,1.1026123722783554,6.3250290135026255,7.568590568566758
08-02-2021,59.560001373291016,57.060001373291016,60.560001373291016,57.970001220703125,2.0559508216481115,1.9701016299795926,9.058171627170042,10.75659352636984
09-02-2021,60.63999938964844,58.11000061035156,61.09000015258789,58.36000061035156,0.8751630899576313,0.6727607062894991,9.323548648687208,11.800765818734504
10-02-2021,61.22999954223633,58.45000076293945,61.470001220703125,58.68000030517578,0.622034812843486,0.5483202389950925,9.0860743304783,9.579834063872216
11-02-2021,61.209999084472656,58.400001525878906,61.13999938964844,58.2400016784668,-0.5368502106740558,-0.7498272399807271,6.404455906387629,6.355009977356341
12-02-2021,60.86000061035156,57.939998626708984,62.43000030517578,59.470001220703125,2.1099131966065388,2.111949702589211,6.790970377824701,6.787578896044799
16-02-2021,62.77000045776367,59.97999954223633,63.349998474121094,60.04999923706055,1.4736475483711375,0.9752782990619879,7.664850968452708,6.793526099808855
17-02-2021,63.54999923706055,60.2400016784668,64.33999633789062,61.13999938964844,1.5627433111524924,1.8151543154644845,8.426013098155805,7.546175955449175
18-02-2021,64.87000274658203,61.68000030517578,63.93000030517578,60.52000045776367,-0.6372335344280944,-1.0140643409782824,5.564727304268269,4.398825570750287
19-02-2021,63.650001525878906,60.20000076293945,62.90999984741211,59.2400016784668,-1.5954957811584625,-2.115001271670802,2.979210493171225,1.5078839254829335
22-02-2021,62.72999954223633,58.880001068115234,65.23999786376953,61.4900016784668,3.703700559543499,3.7981092779372005,6.133067460874986,4.788686705312029
23-02-2021,65.66000366210938,62.15999984741211,65.37000274658203,61.66999816894531,0.1992717459678106,0.29272480983124627,6.918553155317464,5.8894168812270165
24-02-2021,65.2300033569336,61.290000915527344,67.04000091552734,63.220001220703125,2.554685786719868,2.5133826784161206,7.384271324389813,6.305700223686084
25-02-2021,67.33999633789062,63.38999938964844,66.87999725341797,63.529998779296875,-0.23866894380115689,0.4903472834673517,5.572216044707412,5.795170002414607
26-02-2021,66.70999908447266,63.459999084472656,66.12999725341797,61.5,-1.1214115293069482,-3.195338923819424,2.7820967009803743,0.5888135654978699
01-03-2021,64.70999908447266,61.95000076293945,63.689998626708984,60.63999938964844,-3.689700178511457,-1.3983749761814046,-0.3754132290335166,0.19827979341888735
02-03-2021,63.38999938964844,60.22999954223633,62.70000076293945,59.75,-1.554400824487323,-1.4676771085198381,-0.33380875056748804,0.8609019363323034
03-03-2021,62.470001220703125,59.54999923706055,64.06999969482422,61.279998779296875,2.1850062443612206,2.560667413049167,-1.7933755476026159,-0.34152365171176147
04-03-2021,63.939998626708984,61.08000183105469,66.73999786376953,63.83000183105469,4.167314158986968,4.161232216961652,2.0957550246686107,3.5025194198839316
05-03-2021,67.26000213623047,64.16000366210938,69.36000061035156,66.08999633789062,3.9256859910754116,3.5406461569869485,3.46062002258547,4.539694814570239
08-03-2021,69.9000015258789,66.68000030517578,68.23999786376953,65.05000305175781,-1.614767498163594,-1.573601670085989,2.0334938190836427,2.39257721024273
09-03-2021,68.0999984741211,64.7300033569336,67.5199966430664,64.01000213623047,-1.0551014701678296,-1.598771509203245,2.1019196240426252,4.0813042865536
10-03-2021,67.33000183105469,63.84000015258789,67.9000015258789,64.44000244140625,0.5628034681656402,0.6717704902752919,6.610147574103453,6.266495860826948
11-03-2021,68.26000213623047,64.69999694824219,69.62999725341797,66.0199966430664,2.5478581570866465,2.4518841430783755,11.052625847135044,10.49371823107348
12-03-2021,69.58999633789062,65.95999908447266,69.22000122070312,65.61000061035156,-0.5888209807371703,-0.6210179545016681,8.038085766207592,7.06593002171787
15-03-2021,69.12000274658203,65.55999755859375,68.87999725341797,65.38999938964844,-0.4911932408106723,-0.335316596031876,3.206472067944377,2.443987958394156
16-03-2021,68.86000061035156,65.33000183105469,68.38999938964844,64.80000305175781,-0.7113790408074028,-0.9022730438869253,-1.3985023243473838,-1.9518737443070977
17-03-2021,68.38999938964844,64.75,68.0,64.5999984741211,-0.5702579223994975,-0.308649025027008,-0.3516967633097612,-0.6917825619142004
18-03-2021,67.93000030517578,64.41999816894531,63.279998779296875,60.0,-6.9411782657398895,-7.1207408402089385,-6.279618001439779,-6.264649277305301
19-03-2021,62.83000183105469,59.560001373291016,64.52999877929688,61.41999816894531,1.9753476992938168,2.3666636149088482,-4.963185082253075,-4.686536558106058
22-03-2021,64.66000366210938,61.54999923706055,64.62000274658203,61.54999923706055,0.13947616455562972,0.2116591859179895,-7.195166888492166,-6.770671968029118
23-03-2021,64.30999755859375,61.279998779296875,60.790000915527344,57.7599983215332,-5.926960179922414,-6.157597014632133,-12.178561335613558,-11.964642913872847
24-03-2021,60.349998474121094,57.400001525878906,64.41000366210938,61.18000030517578,5.9549312256341524,5.921056237925115,-6.489537992957429,-6.438291977013111
25-03-2021,64.1500015258789,60.79999923706055,61.95000076293945,58.560001373291016,-3.8192870040420046,-4.282443476325248,-9.41657944755553,-9.629631766348389
26-03-2021,61.7400016784668,58.47999954223633,64.56999969482422,60.970001220703125,4.229215334331582,4.115436801392058,-5.0441180958467395,-5.619190927492291
29-03-2021,64.04000091552734,60.93000030517578,64.9800033569336,61.560001373291016,0.6349754747516867,0.9676892582832108,2.6864801049789166,2.6000022888183594
30-03-2021,65.30999755859375,61.959999084472656,64.13999938964844,60.54999923706055,-1.2927114864415001,-1.640679197042183,-0.6043691260281925,-1.4164750208746302
31-03-2021,64.4800033569336,60.45000076293945,63.540000915527344,59.15999984741211,-0.9354513249620111,-2.2956224726055297,-1.6713119547365096,-3.8830209898838897
01-04-2021,62.9900016784668,59.4900016784668,64.86000061035156,61.45000076293945,2.0774310289656484,3.87086024583132,6.695179525461459,6.3885085675817965
05-04-2021,64.80999755859375,61.5,62.150001525878906,58.650001525878906,-4.178228583057009,-4.556548742549782,-3.5087750469419143,-4.135336329971939
06-04-2021,62.29999923706055,58.79999923706055,62.7400016784668,59.33000183105469,0.9493163927634329,1.1594207800246004,1.275223415331972,1.3148914612472362
07-04-2021,62.68000030517578,59.2599983215332,63.15999984741211,59.77000045776367,0.6694264547485007,0.7416123599016666,-2.1836764040206957,-1.968182284588793
08-04-2021,62.97999954223633,59.52000045776367,63.20000076293945,59.599998474121094,0.06333267198224135,-0.28442694050623274,-2.7393082518272993,-3.1838902785020218
09-04-2021,63.290000915527344,59.7599983215332,62.95000076293945,59.31999969482422,-0.3955696154779198,-0.46979662158624924,-1.8553143717382703,-2.0313782951849935
12-04-2021,63.02000045776367,59.349998474121094,63.279998779296875,59.70000076293945,0.524222418360476,0.640595195667859,-0.40919441687784497,0.9127804545641327
13-04-2021,63.2400016784668,59.63999938964844,63.66999816894531,60.18000030517578,0.6163075176544242,0.8040193234541748,-1.8347246842552845,-2.0667216305872094
14-04-2021,64.01000213623047,60.439998626708984,66.58000183105469,63.150001525878906,4.570447221292229,4.935196420143062,7.127916647485777,7.6726340714831975
15-04-2021,66.3499984741211,62.83000183105469,66.94000244140625,63.459999084472656,0.5407038156368005,0.49089081726578776,6.694294948323143,6.96106038421902
16-04-2021,66.86000061035156,63.31999969482422,66.7699966430664,63.130001068115234,-0.2539674217798993,-0.5200094880527084,5.715637752336389,5.62155025032316
19-04-2021,66.69000244140625,62.97999954223633,67.05000305175781,63.380001068115234,0.4193596267321187,0.39600823027114984,6.091775699907909,6.342286393908969
20-04-2021,67.12000274658203,63.470001220703125,66.56999969482422,62.439998626708984,-0.7158886429327493,-1.4831215297645972,5.750593944418125,5.259607127336174
21-04-2021,66.36000061035156,62.38999938964844,65.31999969482422,61.349998474121094,-1.8777227065199908,-1.745676131584084,3.2237688920353946,2.763815226290456
22-04-2021,65.11000061035156,61.11000061035156,65.4000015258789,61.43000030517578,0.1224767780594771,0.13040233585079886,2.71714057905752,2.0771020167184906
23-04-2021,65.62000274658203,61.650001525878906,66.11000061035156,62.13999938964844,1.0856254860968306,1.1557855786187288,-0.7059195070251656,-1.5993699316326548
26-04-2021,66.0199966430664,62.060001373291016,65.6500015258789,61.90999984741211,-0.69580862233517,-0.370131227060555,-1.9271001919315744,-2.442482287144876
27-04-2021,65.7699966430664,61.970001220703125,66.41999816894531,62.939998626708984,1.1728813787808878,1.6637034111379068,-0.5241852504382916,-0.3009701222739469
28-04-2021,66.66000366210938,63.040000915527344,67.2699966430664,63.86000061035156,1.2797327575334139,1.4617127481985293,0.3281037752358884,0.7573359642586208
29-04-2021,67.04000091552734,63.70000076293945,68.55999755859375,65.01000213623047,1.9176467666143449,1.8008166534412728,2.989331339781054,4.115957024416317
30-04-2021,68.31999969482422,64.87999725341797,67.25,63.58000183105469,-1.9107316295835397,-2.199661987672563,2.954685110521682,3.634887387771113
03-05-2021,66.7699966430664,63.63999938964844,67.55999755859375,64.48999786376953,0.4609629124070702,1.4312614131922974,3.3027461503347677,4.981275506091665
04-05-2021,67.6500015258789,64.52999877929688,68.87999725341797,65.69000244140625,1.9538184466028286,1.860760765059477,4.18998126984238,5.712911307735213
05-05-2021,69.5,66.44999694824219,68.95999908447266,65.62999725341797,0.11614668154000807,-0.09134599750061367,5.041884968256949,6.008718163744842
06-05-2021,68.56999969482422,65.2699966430664,68.08999633789062,64.70999908447266,-1.2616049276861552,-1.4017952269492095,2.514300233338651,2.8122028858967196
07-05-2021,68.29000091552734,64.9000015258789,68.27999877929688,64.9000015258789,0.2790460443901077,0.29362145587148447,1.5014154699449778,1.6285638985082729
10-05-2021,68.62000274658203,65.56999969482422,68.31999969482422,64.91999816894531,0.058583650032928425,0.030811467790847757,-0.35005523966715746,-0.13844633799049433
11-05-2021,68.23999786376953,64.9000015258789,68.55000305175781,65.27999877929688,0.3366559689124582,0.554529606446863,1.9330900397885653,2.6737919145699784
12-05-2021,68.72000122070312,65.45999908447266,69.31999969482422,66.08000183105469,1.123262740754405,1.2254948938686727,2.605095026393456,2.4655047603566738
13-05-2021,69.0199966430664,65.75,67.05000305175781,63.81999969482422,-3.274663377178144,-3.42009999032471,-2.656786112995013,-2.846708292102784
14-05-2021,67.01000213623047,63.83000183105469,68.70999908447266,65.37000274658203,2.47575832537017,2.4287105283134602,-0.36252900713319436,-0.3961519392298829
17-05-2021,68.86000061035156,65.5,69.45999908447266,66.2699966430664,1.091544185698412,1.3767689439655673,2.012047026384778,2.4107519404494626
18-05-2021,69.52999877929688,66.33000183105469,68.70999908447266,65.48999786376953,-1.0797581484098484,-1.1770013864614959,0.6297602707429517,0.9090852450217124
19-05-2021,68.58000183105469,65.27999877929688,66.66000366210938,63.36000061035156,-2.9835474453186905,-3.2524008595155696,-2.4297365926958636,-2.402953793273488
20-05-2021,66.7300033569336,63.38999938964844,65.11000061035156,62.04999923706055,-2.325236973604994,-2.067552652575244,-5.018238203153569,-4.947916057959089
21-05-2021,65.04000091552734,61.88999938964844,66.44000244140625,63.58000183105469,2.0426997674505287,2.4657576354655486,-4.154641180174446,-3.7832928733744553
24-05-2021,66.63999938964844,63.869998931884766,68.45999908447266,66.05000305175781,3.0403319819981123,3.884871263870715,2.1029022647865103,3.4942077210859734
25-05-2021,68.38999938964844,66.0199966430664,68.6500015258789,66.06999969482422,0.2775378965047981,0.03027500702874608,-0.08731998165214527,1.0708228833274491
26-05-2021,68.62999725341797,66.04000091552734,68.87000274658203,66.20999908447266,0.3204679035880176,0.21189555062068877,-0.8494044711591653,-0.09053502585325557
27-05-2021,68.87999725341797,66.16000366210938,69.45999908447266,66.8499984741211,0.8566811592292334,0.9666204478147034,1.091544185698412,2.076653923826055
28-05-2021,69.62000274658203,66.94999694824219,69.62999725341797,66.31999969482422,0.24474254417794494,-0.7928179377626243,4.455435685787079,4.671715681753108
01-06-2021,69.02999877929688,66.68000030517578,70.25,67.72000122070312,0.8904247752955285,2.110979391316503,7.894331656374232,9.137795412342342
02-06-2021,70.55999755859375,67.98999786376953,71.3499984741211,68.83000183105469,1.5658341268627751,1.6391030572105336,7.390120187074034,8.2573133828312
03-06-2021,71.2699966430664,68.76000213623047,71.30999755859375,68.80999755859375,-0.056062952183322246,-0.02906330368847021,4.163012726021931,4.178644026213241
04-06-2021,71.3499984741211,68.91000366210938,71.88999938964844,69.62000274658203,0.8133527568530807,1.1771620647109238,4.719588917340589,5.373093791668215
07-06-2021,71.69999694824219,69.5199966430664,71.48999786376953,69.2300033569336,-0.5564077469397022,-0.5601829564242378,3.8042616708295895,4.561251040961234
08-06-2021,71.38999938964844,69.29000091552734,72.22000122070312,70.05000305175781,1.021126561403296,1.184457106836323,3.973513061631251,4.786843157334553
09-06-2021,72.13999938964844,70.01000213623047,72.22000122070312,69.95999908447266,0.0,-0.1284853152949239,3.7196669100227675,5.488539515075597
10-06-2021,72.08999633789062,69.76000213623047,72.5199966430664,70.29000091552734,0.41539105136054744,0.4717007366684234,3.231311947425497,3.795037874332663
11-06-2021,72.38999938964844,70.0999984741211,72.69000244140625,70.91000366210938,0.23442609791695102,0.8820639330011204,1.878071472939391,3.0219406882483035
14-06-2021,72.48999786376953,70.6500015258789,72.86000061035156,70.87999725341797,0.23386733145640548,-0.04231618550520899,2.173612543576664,3.00828334292782
15-06-2021,73.0999984741211,71.16000366210938,73.98999786376953,72.12000274658203,1.5509157891187675,1.7494434836540007,2.921127405689572,3.590922007142172
16-06-2021,74.30000305175781,72.44999694824219,74.38999938964844,72.1500015258789,0.540615674317757,0.04159564358627854,4.056513655805549,4.217821793089471
17-06-2021,73.9800033569336,71.6500015258789,73.08000183105469,71.04000091552734,-1.7609861128403792,-1.538462351873171,1.1908066959503527,1.4132731201140114
18-06-2021,73.06999969482422,71.0999984741211,73.51000213623047,71.63999938964844,0.5883966809002716,0.8445924357947998,1.7862100439255402,2.401372680333047
21-06-2021,73.33000183105469,71.5199966430664,74.9000015258789,73.66000366210938,1.8908983121405099,2.819659812494102,3.2818601668262115,4.794426949335251
22-06-2021,74.80999755859375,73.41000366210938,74.80999755859375,73.05999755859375,-0.12016550794602399,-0.8145615988127686,2.916487888270991,3.0320036460993904
23-06-2021,74.76000213623047,72.91000366210938,75.19000244140625,73.08000183105469,0.5079600256835626,0.027380609265548195,3.197916293626335,3.1038440503475373
24-06-2021,75.37000274658203,73.27999877929688,75.55999755859375,73.30000305175781,0.4920802037156946,0.30104161903514726,2.121908014803431,1.636162313140943
25-06-2021,75.61000061035156,73.31999969482422,76.18000030517578,74.05000305175781,0.8205436297178847,1.0231923175643143,2.4062386479551723,2.6334046925798216
28-06-2021,76.16000366210938,73.98999786376953,74.68000030517578,72.91000366210938,-1.969020732463933,-1.539499449921189,2.1893793569134568,2.6323236521430093
29-06-2021,74.5999984741211,72.77999877929688,74.76000213623047,72.9800033569336,0.10712617933552604,0.09600835455807477,1.7004488690987474,1.8704689819955211
30-06-2021,75.13999938964844,73.47000122070312,75.12999725341797,73.47000122070312,0.4949105224920647,0.6714138684990489,0.30707039099271416,-0.2579451967961055
01-07-2021,74.69999694824219,73.5,75.83999633789062,75.2300033569336,0.9450274330209174,2.3955384605798935,1.376819693771747,2.9701695467475364
02-07-2021,75.58999633789062,75.0199966430664,76.16999816894531,75.16000366210938,0.43512901765505596,-0.09304757636671157,1.303359084610678,2.846198383879628
06-07-2021,76.08999633789062,75.3499984741211,74.52999877929688,73.37000274658203,-2.153077890340649,-2.3815870520370153,-1.363153537026196,0.09549753330131416
07-07-2021,74.95999908447266,73.8499984741211,73.43000030517578,72.19999694824219,-1.475913715467081,-1.5946650600259793,-3.609871342850546,-2.498320090848005
08-07-2021,73.47000122070312,72.16999816894531,74.12000274658203,72.94000244140625,0.9396737553296841,1.0249383995051264,-0.7498628231191073,0.041144942792614714
09-07-2021,74.36000061035156,73.26000213623047,75.55000305175781,74.55999755859375,1.9293041718643655,2.220996795947272,1.0567160151865318,2.1649686612545738
12-07-2021,75.63999938964844,74.73999786376953,75.16000366210938,74.0999984741211,-0.5162135988019179,-0.6169515819942961,0.03993931823289554,0.8574891016068786
13-07-2021,75.2300033569336,74.18000030517578,76.48999786376953,75.25,1.7695504747968105,1.5519589062886974,0.8570695639052328,0.02658067549397014
14-07-2021,76.4000015258789,75.16999816894531,74.76000213623047,73.12999725341797,-2.2617280374621296,-2.8172793974512,-1.8511173252065305,-2.7009131316937385
15-07-2021,74.55000305175781,72.95999908447266,73.47000122070312,71.6500015258789,-1.7255228446578341,-2.0237874786326326,-1.4222428229640593,-2.3442839802581994
16-07-2021,73.26000213623047,71.4800033569336,73.58999633789062,71.80999755859375,0.16332532352494322,0.22330220419752855,0.21788918977243554,-0.5401653824556485
19-07-2021,73.0,71.48999786376953,68.62000274658203,66.41999816894531,-6.753626632197019,-7.505917801000395,-7.420399077432071,-8.938859410785671
20-07-2021,68.76000213623047,66.5999984741211,69.3499984741211,67.41999816894531,1.0638235183915379,1.5055706527669743,-8.206491498602874,-9.576179752470349
21-07-2021,68.73999786376953,66.44999694824219,72.2300033569336,70.30000305175781,4.152855005306466,4.271736815530014,-3.8983504023601956,-5.128199056158422
22-07-2021,72.0999984741211,70.22000122070312,73.79000091552734,71.91000366210938,2.159763929242575,2.2901856905556794,-3.529869294872967,-4.438533339389538
23-07-2021,73.70999908447266,71.70999908447266,74.0999984741211,72.06999969482422,0.42010781236963,0.22249481931142512,-0.8828299133896378,-1.4494702562623307
26-07-2021,74.16999816894531,72.18000030517578,74.5,71.91000366210938,0.5398131364585668,-0.2220008788571315,1.4019310768796256,0.3628780609816973
27-07-2021,74.79000091552734,72.22000122070312,74.4800033569336,71.6500015258789,-0.026841131632759918,-0.361566017229209,1.2094130497798616,-0.22280467644396618
28-07-2021,74.66000366210938,71.9000015258789,74.73999786376953,72.38999938964844,0.3490796121342177,1.0327953217171393,8.918675127118592,8.988258634873624
29-07-2021,74.80999755859375,72.4000015258789,76.05000305175781,73.62000274658203,1.7527498333302916,1.6991343656641567,9.661145962587025,9.196091287484688
30-07-2021,75.80000305175781,73.41000366210938,76.33000183105469,73.94999694824219,0.3681772098106384,0.4482398659995557,5.676309405470237,5.192025231915132
02-08-2021,75.18000030517578,73.91000366210938,72.88999938964844,71.26000213623047,-4.506750109898061,-3.6375861028019485,-1.2196795158048612,-0.9039097382516292
03-08-2021,73.2300033569336,71.5199966430664,72.41000366210938,70.55999755859375,-0.6585206908469643,-0.9823246655234374,-2.2806948000166805,-2.09518820955249
04-08-2021,72.33000183105469,70.31999969482422,70.37999725341797,68.1500015258789,-2.803488891071093,-3.4155273754276405,-5.530205028969171,-5.2287608743534
05-08-2021,70.25,68.05999755859375,71.29000091552734,69.08999633789062,1.2929862142970983,1.379302701342966,-4.28303208596631,-3.572931100446164
06-08-2021,71.26000213623047,69.13999938964844,70.69999694824219,68.27999877929688,-0.8276111091431448,-1.1723803756369944,-5.405406784853217,-5.677580667225812
09-08-2021,70.05999755859375,67.87999725341797,69.04000091552734,66.4800033569336,-2.347943570535216,-2.6361972093488895,-9.217622425944716,-9.698450316860285
10-08-2021,69.29000091552734,66.8499984741211,70.62999725341797,68.29000091552734,2.3030074113643773,2.7226195354952187,-7.467580821303854,-7.653815099784644
11-08-2021,70.91000366210938,68.51000213623047,71.44000244140625,69.25,1.1468288538678761,1.4057681528810484,-1.9892947734721944,-2.8206596631696335
12-08-2021,71.58000183105469,69.36000061035156,71.30999755859375,69.08999633789062,-0.18197771328343215,-0.23105221965252776,-1.519135544652972,-2.0833351354390572
13-08-2021,71.12000274658203,68.91000366210938,70.58999633789062,68.44000244140625,-1.0096778086572167,-0.9407930683705934,0.2983789324636055,0.4255332487662855
16-08-2021,70.22000122070312,68.12999725341797,69.51000213623047,67.29000091552734,-1.5299536162186267,-1.6803060854117646,-2.4968421327501766,-2.6052909506033894
17-08-2021,69.6500015258789,67.43000030517578,69.02999877929688,66.58999633789062,-0.6905529307751235,-1.0402802319998017,-2.3620908642582816,-2.4751061388692874
18-08-2021,69.01000213623047,66.58000183105469,68.2300033569336,65.45999908447266,-1.1589098022745659,-1.6969474629254244,-1.173229356680927,-1.5343023780918008
19-08-2021,67.41999816894531,64.58000183105469,66.44999694824219,63.689998626708984,-2.608832362765112,-2.7039420753421917,-5.9181657478735055,-6.735982174767319
20-08-2021,66.5999984741211,64.05000305175781,65.18000030517578,62.31999969482422,-1.9112064731253597,-2.151042489283783,-8.762600675111686,-10.007220657293548
23-08-2021,65.18000030517578,61.959999084472656,68.75,65.63999938964844,5.477139733214664,5.327342283507663,-3.589956031747521,-4.993482604007793
24-08-2021,68.68000030517578,65.54000091552734,71.05000305175781,67.54000091552734,3.345458984374994,2.8945788292900954,0.6516599202885498,-1.3150226384772923
25-08-2021,71.12999725341797,67.62999725341797,72.25,68.36000061035156,1.6889470748763014,1.2140948826012021,3.941875671934958,1.590131788179705
26-08-2021,71.83999633789062,68.0,71.06999969482422,67.41999816894531,-1.6332184154682072,-1.3750767013069765,2.955238232075952,1.2464362167000198
27-08-2021,71.41999816894531,67.75,72.69999694824219,68.73999786376953,2.2935095826891905,1.957875601711656,6.551360649836968,5.010691758587127
30-08-2021,73.58999633789062,69.30000305175781,73.41000366210938,69.20999908447266,0.9766255071133934,0.6837376131936912,10.474051216719138,8.666981593321644
31-08-2021,73.02999877929688,69.18000030517578,72.98999786376953,68.5,-0.572137007747664,-1.025862005295053,11.982199328056131,9.916560230164828
01-09-2021,71.69999694824219,68.55000305175781,71.58999633789062,68.58999633789062,-1.918073115294383,0.1313815151688047,4.130903764204552,4.494206239598797
02-09-2021,71.23999786376953,68.29000091552734,73.02999877929688,69.98999786376953,2.0114576268585482,2.0411161986103155,2.786763747352272,3.627475444228101
03-09-2021,72.80999755859375,69.76000213623047,72.61000061035156,69.29000091552734,-0.5751036231214868,-1.0001385478031866,0.49827074097101853,1.3604451387833283
07-09-2021,72.69000244140625,69.11000061035156,71.69000244140625,68.3499984741211,-1.2670405745929036,-1.3566206220032018,0.8723832126696696,1.3794131273117571
08-09-2021,71.58000183105469,68.37000274658203,72.5999984741211,69.30000305175781,1.2693485865879373,1.3899116296197223,-0.13754948874659112,0.8146715237002278
09-09-2021,72.62000274658203,69.36000061035156,71.44999694824219,68.13999938964844,-1.5840241736214788,-1.673886884597986,-2.669944988544992,-1.5460189408733505
10-09-2021,71.30999755859375,67.97000122070312,72.91999816894531,69.72000122070312,2.0573845815108793,2.318758211340266,-0.09590313313183607,1.7810236798585732
13-09-2021,73.05000305175781,69.73999786376953,73.51000213623047,70.44999694824219,0.8091113303626329,1.0470391777937849,2.681947054834022,2.711766598132992
14-09-2021,73.7300033569336,70.63999938964844,73.5999984741211,70.45999908447266,0.12242733679130868,0.014197497038659357,0.7805007590740987,0.6715262681075584
15-09-2021,73.83999633789062,70.76000213623047,75.45999908447266,72.61000061035156,2.5271747947190004,3.051378872857091,3.92507705572831,4.791455694843605
16-09-2021,75.45999908447266,72.6500015258789,75.66999816894531,72.61000061035156,0.2782919255506222,0.0,5.551674699400366,6.232629453303362
17-09-2021,75.01000213623047,72.62000274658203,75.33999633789062,71.97000122070312,-0.4361065667239816,-0.8814204438351125,3.7741018200520005,3.8528110409334015
20-09-2021,75.38999938964844,71.91999816894531,73.91999816894531,70.29000091552734,-1.88478661795628,-2.334306345256121,3.456964767251658,3.1552708323116407
21-09-2021,74.2300033569336,70.58999633789062,74.36000061035156,70.55999755859375,0.5952414127508687,0.38411813849723586,1.974770265448944,1.204814003418564
22-09-2021,74.61000061035156,70.8499984741211,76.19000244140625,72.2300033569336,2.461002980142446,2.366788344845183,3.6457627904963763,2.526623826540586
23-09-2021,75.87000274658203,71.97000122070312,77.25,73.30000305175781,1.3912554464202032,1.481378437069547,4.9592413064550644,4.030661374094469
24-09-2021,77.18000030517578,73.23999786376953,78.08999633789062,73.9800033569336,1.0873739001820315,0.9276947842630001,3.485286622484396,1.8867962196198018
27-09-2021,78.2300033569336,74.19000244140625,79.52999877929688,75.44999694824219,1.844029336581654,1.9870147669719174,5.101097798011689,3.91130190609823
28-09-2021,79.41999816894531,75.43000030517578,79.08999633789062,75.29000091552734,-0.5532534240661802,-0.21205571794071787,4.977435867107971,4.61303270600637
29-09-2021,78.25,74.37999725341797,78.63999938964844,74.83000183105469,-0.568968224906341,-0.6109696890411187,6.385283194833802,6.458956973102614
30-09-2021,78.33000183105469,74.77999877929688,78.5199966430664,75.02999877929688,-0.15259759348094093,0.2672683995033509,5.594400213245465,6.335035962821833
01-10-2021,78.41000366210938,75.12000274658203,79.27999877929688,75.87999725341797,0.9679090279196778,1.132878166000495,4.055645411308362,5.053293267130932
04-10-2021,79.36000061035156,75.9000015258789,81.26000213623047,77.62000274658203,2.4974815683910467,2.293101681794907,5.190941276673744,5.893587332832473
05-10-2021,81.27999877929688,77.58000183105469,82.55999755859375,78.93000030517578,1.5997974257788927,1.687706148208612,5.7241662573035645,6.690993138185974
06-10-2021,82.66000366210938,79.04000091552734,81.08000183105469,77.43000030517578,-1.7926305369482254,-1.900418084632438,1.9489539488856567,2.6242590285217027
07-10-2021,80.80000305175781,77.0,81.94999694824219,78.30000305175781,1.0730082604096358,1.1235990483702496,3.616134457931919,3.997877672504724
08-10-2021,82.38999938964844,78.86000061035156,82.38999938964844,79.3499984741211,0.5369157508134492,1.3409902700376897,4.768565652473322,6.040353511244456
11-10-2021,82.58999633789062,79.58999633789062,83.6500015258789,80.5199966430664,1.5293144138422976,1.4744778720152008,6.5333737928343405,7.317070442608609
12-10-2021,83.61000061035156,80.5,83.41999816894531,80.63999938964844,-0.27495917840770767,0.14903471384131173,5.2219972923732705,6.273065772964381
13-10-2021,83.16000366210938,80.58000183105469,83.18000030517578,80.44000244140625,-0.2876982366787906,-0.24801209047115025,2.362783803188284,3.6330837349118683
14-10-2021,83.3499984741211,80.58999633789062,84.0,81.30999755859375,0.9858135270687018,1.081545363976355,1.7441890552192252,3.0153265478473523
15-10-2021,84.19999694824219,81.4800033569336,84.86000061035156,82.27999877929688,1.0238102504185331,1.192966732048073,4.662060549990121,6.263720076205259
18-10-2021,85.05000305175781,82.5999984741211,84.33000183105469,82.44000244140625,-0.6245566527043223,0.19446240214291421,2.9042159505090037,5.287355336259458
19-10-2021,84.11000061035156,82.37000274658203,85.08000183105469,82.95999908447266,0.8893631966266691,0.6307576754816191,3.264962327144061,4.549465254909757
20-10-2021,85.0999984741211,83.33999633789062,85.81999969482422,83.87000274658203,0.8697670990169382,1.0969186019189614,2.5941400231463074,4.160464782885831
21-10-2021,85.87999725341797,83.58000183105469,84.61000061035156,82.5,-1.4099266939820665,-1.6334836076273618,1.4265193808758125,2.3065483933899067
22-10-2021,84.6500015258789,82.61000061035156,85.52999877929688,83.76000213623047,1.087339749803462,1.5272753166429842,2.8251965201963047,4.127299346171154
25-10-2021,85.70999908447266,83.9800033569336,85.98999786376953,83.76000213623047,0.537821923346038,0.0,2.3690450759161097,3.0131652333050374
26-10-2021,86.02999877929688,83.72000122070312,86.4000015258789,84.6500015258789,0.47680389847075677,1.0625589385741652,1.8147547778116335,2.880411742517386
27-10-2021,86.12999725341797,84.38999938964844,84.58000183105469,82.66000366210938,-2.1064810910669807,-2.3508539018291197,0.29645439887555636,0.2668622200241888
28-10-2021,84.18000030517578,82.25,84.31999969482422,82.80999755859375,-0.30740379593490186,0.1814588553582741,-0.8932794074683059,-0.18081187021973255
29-10-2021,84.19000244140625,83.08999633789062,84.37999725341797,83.56999969482422,0.07115460010780339,0.9177661618607225,-1.6779334030842419,-0.35770006192117343
01-11-2021,83.7300033569336,83.36000061035156,84.70999908447266,84.05000305175781,0.39109011827007656,0.5743728116386793,0.11818753504282409,1.8787915778882613
02-11-2021,84.41999816894531,83.87000274658203,84.72000122070312,83.91000366210938,0.011807503646044104,-0.16656678710912365,-0.9470332867464237,0.1790849117158988
03-11-2021,84.04000091552734,83.06999969482422,81.98999786376953,80.86000061035156,-3.222383519355354,-3.6348503380355335,-4.651703802036411,-3.462274894838513
04-11-2021,81.31999969482422,80.18000030517578,80.54000091552734,78.80999755859375,-1.7685046786455993,-2.5352498593666506,-6.782407994051187,-6.899000427660673
05-11-2021,81.0,79.37000274658203,82.73999786376953,81.2699966430664,2.731558136620338,3.121430225452926,-2.1754598338274977,-1.6815956417385647
08-11-2021,82.56999969482422,81.12999725341797,83.43000030517578,81.93000030517578,0.8339406081957268,0.8121123284993814,-1.0555021262684705,-1.0626703047483033
09-11-2021,83.58999633789062,82.16000366210938,84.77999877929688,84.1500015258789,1.6181211424942887,2.709631651939448,0.47404780623254705,0.6940311513374375
10-11-2021,85.16000366210938,84.52999877929688,82.63999938964844,81.33999633789062,-2.524179547606953,-3.339281208597611,-2.443630878522407,-3.2242791379773927
11-11-2021,82.63999938964844,81.41000366210938,82.87000274658203,81.58999633789062,0.2783196498455043,0.307351870242889,-2.1836620012571584,-2.764875727524696
12-11-2021,82.66999816894531,81.20999908447266,82.16999816894531,80.79000091552734,-0.8447020084907497,-0.9805067511588605,0.2195393460978856,-0.08656900110789456
15-11-2021,81.91999816894531,80.66000366210938,82.05000305175781,80.87999725341797,-0.1460327611797929,0.11139539159645828,1.8748474286885086,2.62656992634116
16-11-2021,82.11000061035156,80.93000030517578,82.43000030517578,80.76000213623047,0.46312887176647166,-0.14836192045299956,-0.3746646925277375,-0.6275311036074038
17-11-2021,82.33000183105469,80.54000091552734,80.27999877929688,78.36000061035156,-2.6082755282288983,-2.971770012871533,-3.775622095597053,-4.357377861011303
18-11-2021,80.27999877929688,78.33999633789062,81.23999786376953,79.01000213623047,1.19581352649476,0.8295067902194919,-4.1755142327175925,-6.108139389715539
19-11-2021,81.01000213623047,78.76000213623047,78.88999938964844,76.0999984741211,-2.8926619102843665,-3.6830826267943872,-4.537754147744744,-6.4420925739931185
22-11-2021,78.66999816894531,75.75,79.69999694824219,76.75,1.0267430154144996,0.8541413126308406,-3.8252753629486214,-5.932095299828955
23-11-2021,79.41999816894531,76.45999908447266,82.30999755859375,78.5,3.2747813178042096,2.28013029315961,0.17037774463690702,-2.8345103225357438
24-11-2021,82.19999694824219,78.4800033569336,82.25,78.38999938964844,-0.0728921885230771,-0.1401281660529441,0.2437500801993009,-3.078632478148735
26-11-2021,82.2699966430664,78.33999633789062,72.72000122070312,68.1500015258789,-11.586624655680088,-13.06288805140844,-11.779690705476032,-15.61416577117013
29-11-2021,73.58999633789062,69.2300033569336,73.44000244140625,69.94999694824219,0.9901006719154726,2.6412257990629184,-8.52017494008055,-10.73252117994291
30-11-2021,74.56999969482422,70.04000091552734,70.56999969482422,66.18000030517578,-3.9079556797017356,-5.389559410354117,-13.133922266760411,-16.238452707459704
01-12-2021,70.13999938964844,67.01000213623047,68.87000274658203,65.56999969482422,-2.408951332852094,-0.9217295369275735,-12.701225403205141,-13.837055177967915
02-12-2021,68.80999755859375,65.62999725341797,69.66999816894531,66.5,1.161602135122597,1.4183320260853893,-12.584691547492078,-13.355048859934849
03-12-2021,70.5,67.5,69.87999725341797,66.26000213623047,0.3014196784725254,-0.3608990432624526,-15.101446572547006,-15.592353966585392
06-12-2021,70.30000305175781,67.0199966430664,73.08000183105469,69.48999786376953,4.579285494291008,4.874729283736201,-11.148933944006457,-11.353491000350957
07-12-2021,73.54000091552734,69.72000122070312,75.44000244140625,72.05000305175781,3.2293384663664604,3.683990886007793,3.74037565325116,5.722672690473729
08-12-2021,75.2699966430664,71.86000061035156,75.81999969482422,72.36000061035156,0.5037079018032964,0.4302533594218838,3.240736893107865,3.4453234699818536
09-12-2021,76.0199966430664,72.5199966430664,74.41999816894531,70.94000244140625,-1.8464805216485303,-1.9624076243335065,5.4555738851781,7.192508483349469
10-12-2021,74.0999984741211,70.68000030517578,75.1500015258789,71.66999816894531,0.9809236426966406,1.0290325661350463,9.118627165451286,9.303032640707176
13-12-2021,75.54000091552734,72.04000091552734,74.38999938964844,71.29000091552734,-1.0113135339974044,-0.5302040785911788,6.7747973945075035,7.20300889552985
14-12-2021,74.30000305175781,71.12000274658203,73.69999694824219,70.7300033569336,-0.9275473142459356,-0.7855204816974215,5.466513802184458,6.746153149094103
15-12-2021,73.26000213623047,70.3499984741211,73.87999725341797,70.87000274658203,0.24423380275333528,0.19793493991784317,1.0946844585645987,1.9859043390933806
16-12-2021,74.56999969482422,71.4800033569336,75.0199966430664,72.37999725341797,1.5430420032882308,2.1306539414643444,-0.5567414962188821,0.45800720011504037
17-12-2021,74.51000213623047,71.91999816894531,73.5199966430664,70.86000061035156,-1.999466898321478,-2.1000230737016623,-3.033504432887546,-2.0729684733935994
20-12-2021,73.05999755859375,70.06999969482422,71.5199966430664,68.2300033569336,-2.7203483287816743,-3.7115399813216543,-3.896804081203331,-3.8201282650236923
21-12-2021,72.0999984741211,69.20999908447266,73.9800033569336,71.12000274658203,3.439606864279221,4.235672354477105,-1.556883759400074,-0.7673997996578641
22-12-2021,74.04000091552734,71.2699966430664,75.29000091552734,72.76000213623047,1.7707454706015202,2.3059608075271854,1.209842093377067,2.062001966369653
23-12-2021,75.66999816894531,73.02999877929688,76.8499984741211,73.79000091552734,2.071985043995439,1.4156112548875166,4.274086372203079,4.326307667697549
27-12-2021,76.30000305175781,73.37999725341797,78.5999984741211,75.56999969482422,2.277163350353617,2.412249298295266,6.388740384644187,6.631856591072105
28-12-2021,78.87000274658203,75.97000122070312,78.94000244140625,75.9800033569336,0.4325750303889597,0.5425481854771652,5.2252812233392065,4.973758275938067
29-12-2021,79.0,76.04000091552734,79.2300033569336,76.55999755859375,0.3673687693924288,0.763351113496924,7.766603610700362,8.044026106612122
30-12-2021,79.25,76.58000183105469,79.31999969482422,76.98999786376953,0.11358870892026474,0.56165140920581,10.906045047352485,12.838918475512195
31-12-2021,79.1500015258789,76.66000366210938,77.77999877929688,75.20999908447266,-1.9415039352651875,-2.3119870485598715,5.136516963954874,5.750838273255243
03-01-2022,77.94000244140625,75.69000244140625,78.9800033569336,76.08000183105469,1.5428189720621655,1.1567647349721266,4.901052459205446,4.5629461206008415
04-01-2022,78.94999694824219,76.0199966430664,80.0,76.98999786376953,1.2914618887223117,1.1961041151597351,4.0988960161653765,4.336626790268583
05-01-2022,80.08000183105469,77.18000030517578,80.80000305175781,77.8499984741211,1.00000381469727,1.1170290092400004,2.7989880665978184,3.0170686628347765
06-01-2022,80.1500015258789,77.23999786376953,81.98999786376953,79.45999908447266,1.472765800824849,2.0680804648785633,3.863688026393408,4.580146846257671
07-01-2022,82.05999755859375,79.62000274658203,81.75,78.9000015258789,-0.2927160263722639,-0.7047540461187607,3.1806090323052816,3.056431611683741
10-01-2022,81.79000091552734,78.87999725341797,80.87000274658203,78.2300033569336,-1.0764492396550085,-0.8491738352191969,1.9541137893611893,1.610605958657385
11-01-2022,80.95999908447266,78.41999816894531,83.72000122070312,81.22000122070312,3.524172594691244,3.8220602524166036,7.636927918012937,7.990961586743661
12-01-2022,83.69000244140625,81.37999725341797,84.66999816894531,82.63999938964844,1.1347311686460637,1.7483355671057854,7.204348658098914,8.622499212291102
13-01-2022,84.77999877929688,82.81999969482422,84.47000122070312,82.12000274658203,-0.23620757360018896,-0.6292311797034489,5.587501525878902,6.663209540400072
14-01-2022,84.12999725341797,81.7300033569336,86.05999755859375,83.81999969482422,1.8823207232308237,2.070137471242295,6.50989394575463,7.668595167266035
18-01-2022,86.5,84.31999969482422,87.51000213623047,85.43000030517578,1.6848763871385009,1.9207833646066819,6.732533743485036,7.513215818636643
19-01-2022,88.44999694824219,86.61000061035156,88.44000244140625,86.95999908447266,1.0627360101397532,1.7909385155464808,8.183489224961772,10.215459319034492
20-01-2022,87.7300033569336,86.2300033569336,88.37999725341797,86.9000015258789,-0.06784846939373868,-0.06899443333189259,9.28650210433355,11.082702028513825
21-01-2022,87.3499984741211,84.56999969482422,87.88999938964844,85.13999938964844,-0.5544216779782452,-2.025318878396498,4.980886416798236,4.8263951120775195
24-01-2022,87.6500015258789,84.91000366210938,86.2699966430664,83.30999755859375,-1.8432162451156309,-2.14940315265868,1.8896876210255265,0.8107431920301167
25-01-2022,87.16999816894531,84.1500015258789,88.19999694824219,85.5999984741211,2.237162837922635,2.7487708349970053,4.415763790263649,4.237695581036616
26-01-2022,88.0199966430664,85.26000213623047,89.95999908447266,87.3499984741211,1.995467343681745,2.0443925598071955,4.53172395598036,4.211403951502102
27-01-2022,89.77999877929688,87.1500015258789,89.33999633789062,86.61000061035156,-0.6891982579944722,-0.847164140465062,2.0911829013686045,1.3812481575097069
28-01-2022,89.88999938964844,87.5,90.02999877929688,86.81999969482422,0.7723331874747386,0.24246516914070426,1.7978248462216406,-0.16099286007632552
31-01-2022,90.80000305175781,87.44999694824219,91.20999908447266,88.1500015258789,1.3106745764470018,1.5319072054016392,3.20208409029481,1.4384349574812605
01-02-2022,89.37999725341797,88.1500015258789,89.16000366210938,88.19999694824219,-2.2475555782702217,0.056716303457582384,1.4449929244288118,3.594077496511927
02-02-2022,89.29000091552734,88.3499984741211,89.47000122070312,88.26000213623047,0.3476867943708939,0.06803309531120405,3.7092902540339923,5.9416693346501015
03-02-2022,89.05999755859375,87.9800033569336,91.11000061035156,90.2699966430664,1.8330159464320595,2.2773560595811926,3.2993239941006225,5.455605434802857
04-02-2022,91.04000091552734,90.19000244140625,93.2699966430664,92.30999755859375,2.37075624875962,2.259888103899721,3.6794103960424263,5.678304717935556
07-02-2022,92.7300033569336,91.81999969482422,92.69000244140625,91.31999969482422,-0.6218443470945245,-1.0724709023430812,3.749727155624294,5.438170016488519
08-02-2022,93.01000213623047,91.63999938964844,90.77999877929688,89.36000061035156,-2.0606361115555916,-2.1462977343655654,0.8330556594125627,2.925594246090246
09-02-2022,91.2699966430664,89.86000061035156,91.55000305175781,89.66000366210938,0.848209168115277,0.33572409322819574,0.3727704974213042,1.7129916166673809
10-02-2022,91.72000122070312,90.01000213623047,91.41000366210938,89.87999725341797,-0.15292122881666037,0.2453642452856286,2.5235530592022437,1.904762316671782
11-02-2022,91.26000213623047,90.0,94.44000244140625,93.0999984741211,3.314734337498826,3.5825559847585176,5.554935903536218,5.483793587972086
14-02-2022,95.30999755859375,93.91000366210938,96.4800033569336,95.45999908447266,2.160102565428268,2.5349093974556425,5.893977291853858,5.749421329800053
15-02-2022,95.76000213623047,94.83000183105469,93.27999877929688,92.06999969482422,-3.3167542146512075,-3.5512250389282185,0.010723851817795449,-0.25999119284689787
16-02-2022,93.58999633789062,92.20999908447266,94.80999755859375,93.66000366210938,1.6402216973832706,1.7269512029492784,2.28718854390757,2.5624222241623418
17-02-2022,92.08999633789062,90.9000015258789,92.97000122070312,91.76000213623047,-1.9407197397652953,-2.0286156860866766,2.412428366220354,2.685767132370498
18-02-2022,92.9800033569336,91.62999725341797,93.54000091552734,91.06999969482422,0.6131006640207382,-0.7519642821954609,2.173673181249902,1.5726031397773843
22-02-2022,94.27999877929688,91.75,96.83999633789062,92.3499984741211,3.5278975732995654,1.4055109076382521,5.940260866691172,2.7481100313553775
23-02-2022,96.62999725341797,91.73999786376953,96.83999633789062,92.0999984741211,0.0,-0.2707092627295071,2.5412895324451235,-1.0741138736731215
24-02-2022,97.55999755859375,92.5199966430664,99.08000183105469,92.80999755859375,2.31309952279255,0.7709002130680265,2.6948573628280625,-2.7760334708718304
25-02-2022,99.6500015258789,93.31999969482422,97.93000030517578,91.58999633789062,-1.1606797584035378,-1.314514872099748,4.984993124711479,-0.5213461046210677
28-02-2022,100.4800033569336,94.98999786376953,100.98999786376953,95.72000122070312,3.124678391767577,4.5092314094830055,6.518300247140574,2.199442107674332
01-03-2022,98.11000061035156,96.08999633789062,104.97000122070312,103.41000366210938,3.940987663255946,8.033851173565365,12.907389311002571,12.696165273168658
02-03-2022,107.54000091552734,107.12000274658203,112.93000030517578,110.5999984741211,7.583118026012481,6.952900645381388,20.729098994941065,21.4450410066344
03-03-2022,114.25,111.33000183105469,110.45999908447266,107.66999816894531,-2.187196682925996,-2.649186569257833,14.064439551463437,16.589063289608276
04-03-2022,110.58000183105469,107.95999908447266,118.11000061035156,115.68000030517578,6.92558536056902,7.439400271616936,21.964069678654674,25.60260827548262
07-03-2022,121.23999786376953,121.33000183105469,123.20999908447266,119.4000015258789,4.318007321789907,3.2157686816125297,24.35405410525022,28.64993499272326
08-03-2022,124.25,120.66999816894531,127.9800033569336,123.69999694824219,3.8714425029665156,3.601336153610757,30.685186314831057,35.058414558607986
09-03-2022,129.57000732421875,124.66000366210938,111.13999938964844,108.69999694824219,-13.158308740091783,-12.126111859385258,10.05050177302782,13.560379818227197
10-03-2022,112.73999786376953,110.41000366210938,109.33000183105469,106.0199966430664,-1.628574382340997,-2.4655017299143767,4.153568219156734,2.523926978559188
11-03-2022,109.72000122070312,105.98999786376953,112.66999816894531,109.33000183105469,3.0549677873890957,3.122057435194936,-0.23023300764000165,-1.148279078289105
14-03-2022,112.9000015258789,109.41999816894531,106.9000015258789,103.01000213623047,-5.121147365614109,-5.780663668688469,-3.222883929114728,-4.328035768518202
15-03-2022,106.0,102.27999877929688,99.91000366210938,96.44000244140625,-6.538819236665172,-6.378021122779332,-15.409361488604612,-16.632086629505906
16-03-2022,99.04000091552734,95.2300033569336,98.0199966430664,95.04000091552734,-1.8917094883059704,-1.4516813463681721,-20.444771226835257,-20.402010300704852
17-03-2022,98.0999984741211,95.33999633789062,106.63999938964844,102.9800033569336,8.794126751474218,8.354379592718452,-16.674483050112386,-16.750197334263582
18-03-2022,107.23999786376953,103.62000274658203,107.93000030517578,104.69999694824219,1.20967828479992,1.670220950903456,-2.888248247346703,-3.67985290919981
21-03-2022,107.37000274658203,105.12999725341797,115.62000274658203,112.12000274658203,7.124990660300656,7.086920739842895,5.753224924707445,5.753637329429728
22-03-2022,116.8499984741211,112.9000015258789,115.4800033569336,111.76000213623047,-0.12108578647528345,-0.32108508877336517,2.494013698105113,2.2226289805892474
23-03-2022,114.73999786376953,108.8499984741211,121.5999984741211,114.93000030517578,5.29961459930981,2.8364335257270445,13.751166266058036,11.57169005120604
24-03-2022,121.2699966430664,114.47000122070312,119.02999877929688,112.33999633789062,-2.1134866176590994,-2.2535490824048265,19.137217912482885,16.4869281355988
25-03-2022,118.27999877929688,111.75,120.6500015258789,113.9000015258789,1.3610037496394556,1.388646287023354,23.08713084863512,19.844276545319637
28-03-2022,120.30999755859375,112.91999816894531,112.4800033569336,105.95999908447266,-6.771651940006718,-6.971029266933082,5.476372843876853,2.893761536606543
29-03-2022,109.7300033569336,103.47000122070312,110.2300033569336,104.23999786376953,-2.0003555590766275,-1.6232552242020248,2.1310136618683195,-0.4393496636872385
30-03-2022,111.0,105.23999786376953,113.44999694824219,107.81999969482422,2.921158934271273,3.4343840218928,-1.8768428877277366,-3.83517922442157
31-03-2022,108.70999908447266,107.44999694824219,107.91000366210938,100.27999877929688,-4.883202675325105,-6.993137578249586,-6.555247207108527,-10.272014260468588
01-04-2022,105.98999786376953,101.2300033569336,104.38999938964844,99.2699966430664,-3.2619814224850385,-1.0071820388164898,-14.152959951011256,-13.625688349888687
04-04-2022,104.25,98.94999694824219,107.52999877929688,103.27999877929688,3.007950386059499,4.039490552869429,-9.661429990706017,-8.064801365440266
05-04-2022,108.23999786376953,103.66000366210938,106.63999938964844,101.95999908447266,-0.82767543918153,-1.2780787281426842,-11.612102742680353,-10.482881722080917
06-04-2022,105.79000091552734,101.23999786376953,101.06999969482422,96.2300033569336,-5.2231805389197135,-5.619846782061888,-10.14402855759341,-9.182706503972494
07-04-2022,102.1500015258789,97.16000366210938,100.58000183105469,96.02999877929688,-0.4848103940329085,-0.20784014409193086,-8.754423688649837,-7.8760545402180915
08-04-2022,101.69000244140625,97.16999816894531,102.77999877929688,98.26000213623047,2.187310507249296,2.3221945072172234,-9.405022878769353,-8.866627328559218
11-04-2022,103.06999969482422,98.4000015258789,98.4800033569336,94.29000091552734,-4.1836889214182715,-4.040302396084828,-8.738763770876368,-5.973272772921279
12-04-2022,99.25,95.16999816894531,104.63999938964844,100.5999984741211,6.2550729312918385,6.692117400917996,0.23948654225665056,1.3397822867233788
13-04-2022,104.9800033569336,100.91000366210938,108.77999877929688,104.25,3.9564214581388812,3.6282321881126567,1.1624663016742032,0.9391956159642945
14-04-2022,108.37000274658203,104.19999694824219,111.69999694824219,106.94999694824219,2.684315316889907,2.589925130208326,4.744933971825316,4.894074057057796
18-04-2022,111.88999938964844,107.02999877929688,113.16000366210938,108.20999908447266,1.307078562001851,1.1781226481383023,11.96201049153094,12.449335248491256
19-04-2022,112.6500015258789,107.75,107.25,102.55999755859375,-5.222696598487553,-5.221330351798925,6.631535143684908,6.799957161620496
20-04-2022,107.72000122070312,103.05000305175781,106.80000305175781,102.75,-0.4195775741185903,0.18525979517276525,3.9112709867736406,4.56950719128264
21-04-2022,107.01000213623047,102.5,108.33000183105469,103.79000091552734,1.4325830857470967,1.012166341145826,10.002028978837952,10.07529950976549
22-04-2022,108.63999938964844,104.06999969482422,106.6500015258789,102.06999969482422,-1.5508172037103973,-1.6571935692562545,1.920873612341878,1.4612338399600189
25-04-2022,105.73999786376953,101.37999725341797,102.31999969482422,98.54000091552734,-4.0600110352591035,-3.4584097088773413,-5.938590877886762,-5.477217347215979
26-04-2022,102.56999969482422,98.63999938964844,104.98999786376953,101.69999694824219,2.6094587342736064,3.2068155097986217,-6.007161385672943,-4.9088360446991945
27-04-2022,105.37000274658203,101.76000213623047,105.31999969482422,102.0199966430664,0.3143173995325599,0.314650643487302,-6.9282464771696635,-5.720360866627594
28-04-2022,104.76000213623047,102.11000061035156,107.58999633789062,105.36000061035156,2.155332937375576,3.273871865503697,0.31701290246211045,2.7301122449404636
29-04-2022,107.6500015258789,105.16999816894531,109.33999633789062,104.69000244140625,1.626545273320823,-0.6359132166514847,2.378270799207627,1.8880802349452663
02-05-2022,106.19999694824219,104.0,107.58000183105469,105.16999816894531,-1.6096529776689183,0.45849242176463356,-0.6923289830361612,1.3296052040129736
03-05-2022,107.37000274658203,105.08000183105469,104.97000122070312,102.41000366210938,-2.4261020319095605,-2.6243173479971738,-1.5752463958175644,0.33310861987041473
04-05-2022,106.0999984741211,103.5,110.13999938964844,107.80999755859375,4.925214926953481,5.27291641771741,7.642689325789531,9.40734377607022
05-05-2022,110.13999938964844,107.58000183105469,110.9000015258789,108.26000213623047,0.6900328131851152,0.4174052386858973,5.629111136641729,6.450349444284487
06-05-2022,111.1500015258789,108.69999694824219,112.38999938964844,109.7699966430664,1.3435508054721046,1.3947852180307585,6.712874777165112,7.596549946099929
09-05-2022,113.05000305175781,110.43000030517578,105.94000244140625,103.08999633789062,-5.7389420618114695,-6.0854518624946285,-1.5335941561913424,-2.154521886209926
10-05-2022,105.55999755859375,102.6500015258789,102.45999908447266,99.76000213623047,-3.2848813259734766,-3.230181705260393,-6.292296948828213,-4.709141455923682
11-05-2022,101.69999694824219,99.0,107.51000213623047,105.70999908447266,4.928755706501975,5.964311167633074,-0.0650675716980853,0.5134552866111974
12-05-2022,107.55999755859375,105.62999725341797,107.44999694824219,106.12999725341797,-0.055813586453334896,0.3973116758895223,2.362575687052515,3.6324513800256364
13-05-2022,108.0,106.6500015258789,111.55000305175781,110.48999786376953,3.815734034399809,4.108169907835513,1.280192182606732,2.4858550838193105
16-05-2022,111.41000366210938,110.9800033569336,114.23999786376953,114.19999694824219,2.411469958242485,3.357769170243774,3.0117189287064416,5.486786158139045
17-05-2022,114.29000091552734,113.87000274658203,111.93000030517578,112.4000015258789,-2.02205672425555,-1.5761781702840816,-0.4092882702827261,2.395923260674193
18-05-2022,112.88999938964844,113.66000366210938,109.11000061035156,109.58999633789062,-2.5194315082064933,-2.500004581709292,2.9922579723354215,6.305170463577681
19-05-2022,109.30000305175781,109.08999633789062,112.04000091552734,112.20999908447266,2.685363659413098,2.3907316672444834,9.349992110732398,12.479948558181352
20-05-2022,111.5,111.44999694824219,112.55000305175781,113.2300033569336,0.45519647631473426,0.9090137071412485,4.687936764377465,7.113806014180102
23-05-2022,112.73999786376953,110.55999755859375,113.41999816894531,110.29000091552734,0.7729854230100974,-2.596487109638701,5.556073885771107,3.9197246487965964
24-05-2022,113.36000061035156,110.41000366210938,113.55999755859375,109.7699966430664,0.12343448413736358,-0.47148813867470274,1.801877590181089,-0.6516438000033875
25-05-2022,113.91999816894531,110.38999938964844,114.02999877929688,110.33000183105469,0.41387920993976035,0.5101623440959102,-0.18382273144217365,-3.3887874085858916
26-05-2022,114.44999694824219,110.69000244140625,117.4000015258789,114.08999633789062,2.955365064157034,3.40795290894087,4.886984013034246,1.5035540828018723
27-05-2022,117.54000091552734,114.19999694824219,119.43000030517578,115.06999969482422,1.7291301132133174,0.8589739577440358,9.458344457057155,5.000459476280583
31-05-2022,119.47000122070312,114.95999908447266,122.83999633789062,114.66999816894531,2.855225675292128,-0.34761582249043244,9.639410330339015,2.1923171772069594
01-06-2022,116.62999725341797,115.4000015258789,116.29000091552734,115.26000213623047,-5.332135800742366,0.51452339470337,3.3229655818397763,1.7928099612412263
02-06-2022,115.81999969482422,114.80000305175781,117.61000061035156,116.87000274658203,1.1350930298668294,1.3968424262639223,3.694236033371312,5.966091011364116
03-06-2022,118.26000213623047,117.55000305175781,119.72000122070312,118.87000274658203,1.7940656401678856,1.7113031171366977,5.424448568635265,8.29006685051259
06-06-2022,121.3499984741211,120.81999969482422,119.51000213623047,118.5,-0.17540852182712507,-0.3112667098787214,4.805755867401218,7.405055772097069
07-06-2022,120.08000183105469,119.0999984741211,120.56999969482422,119.41000366210938,0.8869530078206012,0.7679355798391407,2.700168762984667,4.662991931792981
08-06-2022,121.02999877929688,119.79000091552734,123.58000183105469,122.11000061035156,2.4964768548138894,2.2611145343251815,3.4748400864728524,6.118015933082521
09-06-2022,123.88999938964844,122.43000030517578,123.06999969482422,121.51000213623047,-0.4126898597458295,-0.4913589969061327,0.18723816655035197,5.964946434557072
10-06-2022,122.94000244140625,121.45999908447266,122.01000213623047,120.66999816894531,-0.8612964664192924,-0.6913043803121521,4.918738649643761,4.693732372415327
13-06-2022,121.69000244140625,120.19000244140625,122.2699966430664,120.93000030517578,0.2130927811521799,0.2154654348021534,3.962244714336549,3.473943238794419
14-06-2022,122.5,121.08999633789062,121.16999816894531,118.93000030517578,-0.8996470960347169,-1.6538493301520352,1.2111568104389958,0.050473254149463465
15-06-2022,121.0,119.06999969482422,118.51000213623047,115.30999755859375,-2.195259612867251,-3.043809583194368,-0.8367500477994283,-2.6919851826213037
16-06-2022,119.12000274658203,115.9800033569336,119.80999755859375,117.58999633789062,1.0969499611255706,1.9772776234240341,-0.6303409954002803,-1.524166542502392
17-06-2022,119.33999633789062,117.08000183105469,113.12000274658203,109.55999755859375,-5.583836865316638,-6.828811148376057,-8.46415190928096,-10.277620988476121
21-06-2022,113.80000305175781,110.58000183105469,114.6500015258789,110.6500015258789,1.3525448569202014,0.9948922887682787,-6.84163337110939,-8.937536350444564
22-06-2022,114.56999969482422,109.54000091552734,111.73999786376953,106.19000244140625,-2.5381627766071335,-4.0307266362120675,-8.417346195104514,-11.99966515891232
23-06-2022,110.22000122070312,104.41999816894531,110.05000305175781,104.2699966430664,-1.5124349779137458,-1.8080852756353072,-9.99426999820856,-13.776567948454998
24-06-2022,109.80999755859375,103.98999786376953,113.12000274658203,107.62000274658203,2.7896407175748594,3.2128188466172602,-6.643554959156894,-9.509793600918325
27-06-2022,112.45999908447266,107.22000122070312,115.08999633789062,109.56999969482422,1.741507729381775,1.8119279859469373,-2.885837259886681,-4.977883952215678
28-06-2022,115.83999633789062,110.18000030517578,117.9800033569336,111.76000213623047,2.511084465202562,1.9987245117330188,-1.5274136039984398,-4.9578998071467595
29-06-2022,117.95999908447266,111.86000061035156,116.26000213623047,109.77999877929688,-1.4578752091568226,-1.771656513141484,2.775812688656698,0.2008043315129271
30-06-2022,116.04000091552734,109.69999694824219,114.80999755859375,105.76000213623047,-1.2472084560411711,-3.6618661757760296,0.13955170570034703,-4.41933964953879
01-07-2022,109.45999908447266,106.01000213623047,111.62999725341797,108.43000030517578,-2.7697938966968927,2.5245821813676406,-0.09844336178139734,2.1094244394669115
05-07-2022,111.61000061035156,108.80000305175781,102.7699966430664,99.5,-7.936935257857202,-8.23572837779427,-6.615180560483525,-4.574658863177006
06-07-2022,104.0,100.36000061035156,100.69000244140625,98.52999877929688,-2.023931370635579,-0.9748755986966118,-10.988330978935867,-8.446388901038981
07-07-2022,99.95999908447266,98.22000122070312,104.6500015258789,102.7300033569336,3.932862239006374,4.262665817183819,-9.071157480413095,-6.24258132421418
08-07-2022,104.48999786376953,102.22000122070312,107.0199966430664,104.79000091552734,2.264687131037846,2.005254055561867,-9.289715546717758,-6.236579355292959
11-07-2022,106.76000213623047,104.79000091552734,107.0999984741211,104.08999633789062,0.07475409602328842,-0.6680070345652545,-7.878895143469822,-5.183095741188248
12-07-2022,106.2300033569336,103.45999908447266,99.48999786376953,95.83999633789062,-7.105509541338028,-7.925833692240081,-13.343785402491271,-9.37973297841067
13-07-2022,99.30999755859375,95.88999938964844,99.56999969482422,96.30000305175781,0.08041193363399479,0.47997363464560294,-10.803545512247592,-11.186938318987494
14-07-2022,99.8499984741211,96.56999969482422,99.0999984741211,95.77999877929688,-0.47203095525123473,-0.5399836510715961,-3.571079389728593,-3.738694694173994
15-07-2022,99.5999984741211,96.38999938964844,101.16000366210938,97.58999633789062,2.0787136424893493,1.8897448127604077,0.46678042437890976,-0.9540266447296109
18-07-2022,100.91999816894531,97.2699966430664,106.2699966430664,102.5999984741211,5.05139659546201,5.133725099121933,1.5480125117694143,-0.1265500618751081
19-07-2022,105.58999633789062,102.0,107.3499984741211,104.22000122070312,1.0162810437287728,1.5789500688839109,0.30835529938886275,-0.5439447369446127
20-07-2022,107.1500015258789,103.5999984741211,106.91999816894531,102.26000213623047,-0.4005592093971444,-1.8806362133138244,-0.1680675142299637,-1.7580884484996395
21-07-2022,106.79000091552734,99.91000366210938,103.86000061035156,96.3499984741211,-2.861950627569798,-5.779389339573926,4.3924041013306825,0.5321391441130974
22-07-2022,104.25,96.51000213623047,103.19999694824219,94.69999694824219,-0.6354743483831582,-1.7125080975710527,3.6456736612872076,-1.6614808440407636
25-07-2022,103.44000244140625,95.0999984741211,105.1500015258789,96.69999694824219,1.889539375291549,2.111932486220769,6.104947673977712,0.9605326588751018
26-07-2022,104.80999755859375,96.33000183105469,104.4000015258789,94.9800033569336,-0.7132667514183622,-1.7786904297724115,3.202844747407929,-2.674447257811474
27-07-2022,104.77999877929688,95.5999984741211,106.62000274658203,97.26000213623047,2.126437919785684,2.400503999487835,0.329355523263275,-5.2046748706702335
28-07-2022,107.48999786376953,98.16999816894531,107.13999938964844,96.41999816894531,0.48771021353501975,-0.8636684647699067,-0.19562094779468353,-7.48417094645778
29-07-2022,108.05000305175781,97.30000305175781,110.01000213623047,98.62000274658203,2.6787406784877454,2.2816890887945362,2.8900149833547717,-3.5595534066185874
01-08-2022,103.87000274658203,98.45999908447266,100.02999877929688,93.88999938964844,-9.071905429630744,-4.796190656258648,-3.6876582019516713,-2.553190579586151
02-08-2022,100.0,93.75,100.54000091552734,94.41999816894531,0.5098491876978972,0.5644890645886136,-2.5775156117968767,-0.2956692590496135
03-08-2022,99.63999938964844,93.83000183105469,96.77999877929688,90.66000366210938,-3.739807143417062,-3.9822014189284327,-7.960059557889831,-6.246115281022879
04-08-2022,97.01000213623047,90.94999694824219,94.12000274658203,88.54000091552734,-2.7484976919465165,-2.338410170909877,-9.846741981846286,-6.78037714655032
05-08-2022,93.58999633789062,88.05999755859375,94.91999816894531,89.01000213623047,0.8499738621101205,0.5308348947856256,-10.973554939260023,-8.482418074024267
08-08-2022,94.2699966430664,88.45999908447266,96.6500015258789,90.76000213623047,1.8225910138076618,1.9660711807664155,-9.790925819981888,-5.870147417756122
09-08-2022,96.54000091552734,90.69000244140625,96.30999755859375,90.5,-0.3517888897230037,-0.2864721574600715,-12.453417245344077,-8.233626567064212
10-08-2022,96.45999908447266,90.51000213623047,97.4000015258789,91.93000030517578,1.1317661664584922,1.5801108344483783,-2.629208522955917,-2.0875482982362747
11-08-2022,97.2699966430664,91.55000305175781,99.5999984741211,94.33999633789062,2.2587237307770014,2.6215555582665973,-0.934953682958517,-0.08472975281310635
12-08-2022,99.29000091552734,94.08999633789062,98.1500015258789,92.08999633789062,-1.4558202514620922,-2.384990552619215,1.4155845875822637,1.5773137194113218
15-08-2022,97.76000213623047,91.94000244140625,95.0999984741211,89.41000366210938,-3.107491598921297,-2.910188709257844,1.0412193996399477,0.9826098233408187
16-08-2022,93.63999938964844,87.93000030517578,92.33999633789062,86.52999877929688,-2.9022104947578176,-3.2211215354563283,-2.7180803632787853,-2.786207501869209
17-08-2022,92.7699966430664,87.0999984741211,93.6500015258789,88.11000061035156,1.418675806737868,1.82595845758029,-3.1039833964169428,-2.9197900655635323
18-08-2022,93.18000030517578,87.38999938964844,96.58999633789062,90.5,3.1393430476339024,2.7125177313500615,0.29072659785556176,0.0
19-08-2022,96.62999725341797,90.38999938964844,96.72000122070312,90.7699966430664,0.13459456231650346,0.29833883211758394,-0.6981522531035123,-1.2618336323926505
22-08-2022,95.66000366210938,89.6500015258789,96.4800033569336,90.2300033569336,-0.24813674600963065,-0.5949028380558663,-3.1325252660502456,-4.356575302628352
23-08-2022,96.58000183105469,90.55000305175781,100.22000122070312,93.73999786376953,3.8764487288968974,3.890052506094932,2.109016467288005,1.7917272141317442
24-08-2022,100.16000366210938,93.77999877929688,101.22000122070312,94.88999938964844,0.9978048172218701,1.2267991808045275,6.43533422163769,6.129063307332583
25-08-2022,101.5999984741211,95.3499984741211,99.33999633789062,92.5199966430664,-1.8573452481128516,-2.497631743941786,7.580680395941952,6.922452268891854
26-08-2022,99.87999725341797,93.05999755859375,100.98999786376953,93.05999755859375,1.6609639487670913,0.5836585982710529,7.837689501651868,5.617974025596184
29-08-2022,100.83000183105469,92.95999908447266,105.08999633789062,97.01000213623047,4.0598064767283,4.2445784238815065,8.80008315795493,7.19337252622152
30-08-2022,105.0,96.9000015258789,99.30999755859375,91.63999938964844,-5.5000466083496065,-5.5355145122468645,2.6778290996715137,0.9584695149908784
31-08-2022,99.70999908447266,92.30999755859375,96.48999786376953,89.55000305175781,-2.8395929555434685,-2.2806594847344708,0.010359148515948213,-0.7536299233923627
01-09-2022,94.77999877929688,88.83000183105469,92.36000061035156,86.61000061035156,-4.280233542184286,-3.2830846914734257,-7.8427464723756835,-7.606141898765406
02-09-2022,92.0,86.55999755859375,93.0199966430664,86.87000274658203,0.7145907626172843,0.3001987465629741,-8.101170202277697,-8.451888180685675
06-09-2022,93.08999633789062,86.83999633789062,92.83000183105469,86.87999725341797,-0.20425157908869895,0.011505130102373862,-6.55324617155525,-6.09597880921573
07-09-2022,92.80000305175781,86.93000030517578,88.0,81.94000244140625,-5.203061225663896,-5.685997891554228,-12.86265782606748,-11.949275100921819
08-09-2022,87.63999938964844,81.91000366210938,89.1500015258789,83.54000091552734,1.3068199157714844,1.9526463588589893,-15.16794687170856,-13.88516743024838
09-09-2022,88.45999908447266,82.80000305175781,92.83999633789062,86.79000091552734,4.139085528720465,3.8903518845855523,-6.514954566266873,-5.292447082522511
12-09-2022,92.30000305175781,86.25,94.0,87.77999877929688,1.249465432858865,1.1406819372350219,-2.580576141461899,-1.9765541174107115
13-09-2022,94.20999908447266,88.08999633789062,93.16999816894531,87.30999755859375,-0.8829806713347765,-0.5354308808830588,0.8770003824609907,0.8082172304690216
14-09-2022,93.48999786376953,87.94000244140625,94.0999984741211,88.4800033569336,0.9981757255049128,1.3400593643982717,1.1610426467750123,1.8533447213628707
15-09-2022,94.43000030517578,88.91000366210938,90.83999633789062,85.0999984741211,-3.464401901267855,-3.8200777063461033,-2.1437094192734762,-2.048801606317785
16-09-2022,90.6500015258789,85.16000366210938,91.3499984741211,85.11000061035156,0.5614290585541859,0.011753391785918055,3.806816447864869,3.8686820533256894
19-09-2022,91.6500015258789,85.20999908447266,92.0,85.7300033569336,0.7115506696620866,0.7284722619384176,3.1968574597206034,2.6215015769759153
20-09-2022,91.97000122070312,85.61000061035156,90.62000274658203,84.44999694824219,-1.499997014584753,-1.4930670227109921,-2.3912038764294485,-2.6961676951273272
21-09-2022,90.69000244140625,84.25,89.83000183105469,82.94000244140625,-0.8717732195799743,-1.7880338204883328,-4.436168264835438,-5.513780365911957
22-09-2022,89.91999816894531,83.06999969482422,90.45999908447266,83.48999786376953,0.7013216526509991,0.6631244347404364,-2.908660660869189,-4.37521452484364
23-09-2022,90.3499984741211,83.54000091552734,86.1500015258789,78.73999786376953,-4.764534161192091,-5.68930425384675,-8.448455979973858,-11.008143222906874
26-09-2022,86.72000122070312,79.2300033569336,84.05999755859375,76.70999908447266,-2.4260057228871146,-2.5781036758586673,-7.463671348111712,-9.858988883765774
27-09-2022,83.91000366210938,76.47000122070312,86.2699966430664,78.5,2.629073457838471,2.3334649157747966,-5.5610311066330524,-7.766420588590172
28-09-2022,85.83000183105469,78.08000183105469,89.31999969482422,82.1500015258789,3.5354157533781905,4.6496834724572,-2.91304380997367,-4.175903057123986
29-09-2022,88.94999694824219,81.9000015258789,88.48999786376953,81.2300033569336,-0.9292452237914417,-1.119900367446125,-2.3504798259265547,-3.8128995946347555
30-09-2022,88.55999755859375,81.73999786376953,87.95999908447266,79.48999786376953,-0.5989363680546256,-2.1420724132169333,-2.081712911571554,-4.159638866750703
03-10-2022,86.51000213623047,81.0199966430664,88.86000061035156,83.62999725341797,1.0231941055554028,5.208201661728062,-1.7687358946654408,0.16768402590796594
04-10-2022,88.88999938964844,83.22000122070312,91.80000305175781,86.5199966430664,3.3085780117176444,3.4556970997991154,6.558330151836023,9.880618479006431
05-10-2022,91.6500015258789,86.37000274658203,93.37000274658203,87.76000213623047,1.710239262126212,1.4332010416963303,11.075428810830946,14.404905727595697
06-10-2022,93.83000183105469,88.08000183105469,94.41999816894531,88.44999694824219,1.1245532735102204,0.7862292561714224,9.447086870304089,12.675155348079215
07-10-2022,94.98999786376953,88.93000030517578,97.91999816894531,92.63999938964844,3.706841842696784,4.737142550562323,9.628301056319222,12.769321568989822
10-10-2022,98.69999694824219,93.4800033569336,96.19000244140625,91.12999725341797,-1.7667440358344666,-1.6299677743728425,8.701553580655386,12.187607395487499
11-10-2022,96.1500015258789,91.13999938964844,94.29000091552734,89.3499984741211,-1.9752588394373771,-1.9532523131181256,7.196455089745557,12.404077085584643
12-10-2022,93.69000244140625,88.66999816894531,92.44999694824219,87.2699966430664,-1.9514306389004976,-2.32792598385676,4.040058871519303,4.352504495029952
13-10-2022,92.47000122070312,87.08000183105469,94.56999969482422,89.11000061035156,2.2931344689701927,2.1084038479006306,3.017425436799437,2.9935322096348083
14-10-2022,94.75,89.2699966430664,91.62999725341797,85.61000061035156,-3.1088108817739157,-3.9277297452890103,-1.8635594323442972,-2.4498649425070074
17-10-2022,91.70999908447266,85.58999633789062,91.62000274658203,85.45999908447266,-0.010907461677966968,-0.17521495714224455,-2.9654686259930507,-3.380438628527227
18-10-2022,92.0199966430664,85.69999694824219,90.02999877929688,82.81999969482422,-1.7354332237721648,-3.089163840311937,-8.057597566572161,-10.600172451988922
19-10-2022,90.79000091552734,83.69000244140625,92.41000366210938,85.55000305175781,2.6435687160753396,3.2963093057149617,-3.929721055573776,-6.123114638249227
20-10-2022,92.51000213623047,85.94000244140625,92.37999725341797,85.9800033569336,-0.03247095282142842,0.5026303797039278,-2.0256693642632495,-3.7716789868368794
21-10-2022,92.79000091552734,85.06999969482422,93.5,85.05000305175781,1.2123866420017615,-1.0816472073338024,1.1357523920153767,-2.5438222490008267
24-10-2022,93.61000061035156,85.23999786376953,93.26000213623047,84.58000183105469,-0.25668220724014423,-0.552617523619725,-1.385214722238648,-5.08360312901922
25-10-2022,93.55999755859375,84.87999725341797,93.5199966430664,85.31999969482422,0.278784581686109,0.8749087819218238,2.06264263483642,-0.3387465406609058
26-10-2022,93.25,85.06999969482422,95.69000244140625,87.91000366210938,2.320365564834237,3.035635228022948,4.442261048694474,2.866843674097197
27-10-2022,96.16000366210938,88.26000213623047,96.95999908447266,89.08000183105469,1.327198882499836,1.3309044707156659,7.697434631943367,7.558563341339508
28-10-2022,96.77999877929688,88.66999816894531,95.7699966430664,87.9000015258789,-1.2273127605637701,-1.3246523135616028,3.6359623934683505,2.7469297373365897
31-10-2022,96.0,88.38999938964844,94.83000183105469,86.52999877929688,-0.9815128380082028,-1.5585924036402687,2.652094230871027,0.6396782983132177
01-11-2022,92.80000305175781,86.43000030517578,94.6500015258789,88.37000274658203,-0.18981366835409963,2.126434754700801,1.229948156020222,3.9035856269209246
02-11-2022,94.66999816894531,88.62000274658203,96.16000366210938,90.0,1.5953535255016416,1.84451420477183,3.109587668293967,6.408132007104417
03-11-2022,95.66000366210938,89.3499984741211,94.66999816894531,88.16999816894531,-1.5495064854611496,-2.03333536783854,1.2296851659095553,3.3403639056669876
04-11-2022,94.4800033569336,87.9000015258789,98.56999969482422,92.61000061035156,4.119574945928561,5.035729311118531,3.009715936815316,5.346373282279782
07-11-2022,97.77999877929688,91.0,97.91999816894531,91.79000091552734,-0.6594313968665277,-0.8854332031313694,0.9900980750178201,3.0422081598205697
08-11-2022,98.0,91.87000274658203,95.36000061035156,88.91000366210938,-2.614376640588656,-3.137593664552174,-0.42810488366507027,1.1490354023863336
09-11-2022,95.01000213623047,88.56999969482422,92.6500015258789,85.83000183105469,-2.8418614378432405,-3.4641791746627515,-2.2988508521381013,-0.8089644725727929
10-11-2022,92.54000091552734,85.8499984741211,93.66999816894531,86.47000122070312,1.1009137898195354,0.745659298607726,-1.035397085192491,-2.1500525821273597
11-11-2022,93.2699966430664,86.2699966430664,95.98999786376953,88.95999908447266,2.4767799083755815,2.8796089147890003,-0.17679470867868474,-1.1555565728081585
14-11-2022,95.97000122070312,89.0199966430664,93.13999938964844,85.87000274658203,-2.969057753460791,-3.473467142188813,-1.6161390185795543,-2.608591890810963
15-11-2022,92.52999877929688,85.25,93.86000061035156,86.91999816894531,0.7730311632180964,1.2227732488398813,-4.7783292067109295,-6.144047515285567
16-11-2022,93.76000213623047,86.88999938964844,92.86000061035156,85.58999633789062,-1.06541657095377,-1.5301447987488226,-5.167481263493833,-6.7545533454591355
17-11-2022,92.80000305175781,85.22000122070312,89.77999877929688,81.63999938964844,-3.3168229709351738,-4.615021751664128,-5.851511949811128,-8.17681247668105
18-11-2022,89.9800033569336,82.08999633789062,87.62000274658203,80.08000183105469,-2.4058766563638367,-1.9108250493097723,-5.42903259196591,-6.6992891498687595
21-11-2022,87.80000305175781,80.30000305175781,87.44999694824219,79.7300033569336,-0.19402624173791017,-0.4370610216262061,-6.640334517232072,-7.794608267168391
22-11-2022,87.6500015258789,80.22000122070312,88.36000061035156,80.94999694824219,1.0405988494750495,1.5301562021099446,-7.948741976478191,-9.00404925659285
23-11-2022,88.41000366210938,81.08000183105469,85.41000366210938,77.94000244140625,-3.3386112809698054,-3.718338011501676,-8.299329802656374,-9.234890009935892
25-11-2022,84.94000244140625,77.51000213623047,83.62999725341797,76.27999877929688,-2.0840725118491887,-2.1298481012460013,-10.899215097389803,-12.24114083500969
28-11-2022,83.80000305175781,75.93000030517578,83.19000244140625,77.23999786376953,-0.5261208017004138,1.2585200574664945,-10.413523697379079,-9.75581122957071
29-11-2022,82.33000183105469,76.54000091552734,83.02999877929688,78.19999694824219,-0.19233520544980065,1.2428781862032556,-7.518378360188327,-4.213623796085464
30-11-2022,83.58000183105469,79.0,85.43000030517578,80.55000305175781,2.8905233784940476,3.0051230117962957,-2.499432062037543,0.5869145978476542
01-12-2022,86.5999984741211,80.4000015258789,86.87999725341797,81.22000122070312,1.6972924535437972,0.8317791974691735,-0.6518007029337913,1.868804466367746
02-12-2022,87.12999725341797,81.47000122070312,85.56999969482422,79.9800033569336,-1.5078241252386881,-1.5267149041281347,-3.1575383615383146,-1.1982626656907525
05-12-2022,85.5199966430664,79.98999786376953,82.68000030517578,76.93000030517578,-3.377351174424792,-3.8134570189329753,-3.1963508252894623,-1.2958713171580483
06-12-2022,83.08999633789062,77.3499984741211,79.3499984741211,74.25,-4.027578397149845,-3.483686851091139,-5.117779409136536,-2.661246475855783
07-12-2022,79.79000091552734,74.55000305175781,77.16999816894531,72.01000213623047,-2.7473224286031384,-3.016832139756942,-7.236451611719863,-6.77109771127048
08-12-2022,77.48999786376953,72.37999725341797,76.1500015258789,71.45999908447266,-1.3217528408298818,-0.7637870232489408,-8.286158442210478,-8.618923435803328
09-12-2022,76.7300033569336,71.8499984741211,76.0999984741211,71.0199966430664,-0.06566388805759882,-0.6157325035592631,-10.92122415746899,-11.831168277632287
12-12-2022,76.66999816894531,71.79000091552734,77.98999786376953,73.16999816894531,2.4835734921744512,3.0273185405575553,-10.23250422501446,-9.911355492205843
13-12-2022,78.19000244140625,73.29000091552734,80.68000030517578,75.38999938964844,3.449163373622688,3.0340320845399837,-5.714618916779324,-5.738939453154246
14-12-2022,80.33999633789062,75.2699966430664,82.69999694824219,77.27999877929688,2.5037142233833354,2.5069629990048137,0.024185586589986485,0.45495706841631733
15-12-2022,82.83999633789062,77.37000274658203,81.20999908447266,76.11000061035156,-1.8016903491569036,-1.5139728098167993,2.3440461828845294,2.505051327072816
16-12-2022,81.33999633789062,76.37000274658203,79.04000091552734,74.29000091552734,-2.672082494038863,-2.391275364904788,2.423225075745239,3.16622512381477
19-12-2022,79.08999633789062,74.5,79.80000305175781,75.19000244140625,0.9615411531215701,1.2114706081404858,4.7931732800274185,5.219708095048214
20-12-2022,80.27999877929688,75.69999694824219,79.98999786376953,76.08999633789062,0.2380887277516619,1.1969595255509224,5.111694438431935,7.1388340389610505
21-12-2022,79.94999694824219,75.98999786376953,82.19999694824219,78.29000091552734,2.762844284902344,2.8913190741490125,5.398126939080772,6.997407236173814
22-12-2022,82.37000274658203,78.43000030517578,80.9800033569336,77.48999786376953,-1.4841771734818598,-1.0218457560384864,0.37184314653326833,2.785513318905042
23-12-2022,81.7300033569336,78.18000030517578,83.91999816894531,79.55999755859375,3.6305194988115463,2.6713121072262203,1.4752131387219647,2.950309026024045
27-12-2022,84.45999908447266,79.9000015258789,84.33000183105469,79.52999877929688,0.4885649083117949,-0.03770585748796851,3.841894818071201,4.493493813584548
28-12-2022,84.5999984741211,79.88999938964844,83.26000213623047,78.95999908447266,-1.2688244653045744,-0.7167103024935506,5.339070308479843,6.286173255342131
29-12-2022,82.86000061035156,78.81999969482422,82.26000213623047,78.4000015258789,-1.2010568992825599,-0.7092167744260691,3.0827055017493166,4.2691833757741104
30-12-2022,83.66000366210938,78.7300033569336,85.91000366210938,80.26000213623047,4.437152238136521,2.372449711927116,7.400932562121287,5.480360098615611
03-01-2023,86.04000091552734,80.56999969482422,82.0999984741211,76.93000030517578,-4.434879554857574,-4.149017869950288,-0.12165264943264642,-1.7371319382394224
04-01-2023,82.2300033569336,77.25,77.83999633789062,72.83999633789062,-5.188796851894306,-5.316526648980114,-3.8775091243239856,-6.000776428015642
05-01-2023,78.08999633789062,73.25,78.69000244140625,73.66999816894531,1.091991448491192,1.139486371202536,-6.232120878994996,-7.403217157354258
06-01-2023,78.80999755859375,73.97000122070312,78.56999969482422,73.7699966430664,-0.15250062632974348,0.13573839637102125,-6.8303118832725325,-7.2425527783736126
09-01-2023,78.4800033569336,73.47000122070312,79.6500015258789,74.62999725341797,1.374572782550021,1.1657864301019893,-4.335816139476989,-5.483791642933511
10-01-2023,79.70999908447266,74.86000061035156,80.0999984741211,75.12000274658203,0.564967909129277,0.6565798086527685,-2.6258249526084354,-4.183671830942737
11-01-2023,79.58999633789062,74.77999877929688,82.66999816894531,77.41000366210938,3.208489068391862,3.0484569113404802,-3.7713948958811083,-3.5509573863250155
12-01-2023,82.86000061035156,77.69999694824219,84.02999877929688,78.38999938964844,1.645095730584445,1.265980727525462,2.350792132820967,1.8978279977654333
13-01-2023,83.94999694824219,78.31999969482422,85.27999877929688,79.86000061035156,1.4875639868603407,1.8752407604907262,9.558071417565884,9.637568129323482
17-01-2023,85.44000244140625,80.0999984741211,85.91999816894531,80.18000030517578,0.7504683381911681,0.4007008419465663,9.187947011340647,8.836707340892369
18-01-2023,86.72000122070312,80.97000122070312,84.9800033569336,79.4800033569336,-1.0940349534963922,-0.8730318602867326,8.158334844096515,7.740283277353077
19-01-2023,84.58999633789062,79.13999938964844,86.16000366210938,80.33000183105469,1.3885623188546248,1.0694494693261003,8.173260529210813,7.637685632335556
20-01-2023,86.36000061035156,80.5999984741211,87.62999725341797,81.30999755859375,1.7061206230601034,1.2199622870669558,9.400747718777659,8.240141887233055
23-01-2023,87.80999755859375,81.79000091552734,88.19000244140625,81.62000274658203,0.6390564938268728,0.38126330992063195,6.6771554308979075,5.438572387683993
24-01-2023,88.02999877929688,81.62000274658203,86.12999725341797,80.12999725341797,-2.335871562490266,-1.8255396263466284,2.4991056820513613,2.219668168538469
25-01-2023,86.30000305175781,80.26000213623047,86.12000274658203,80.1500015258789,-0.01160397904870214,0.024964773676039442,0.9849952853060895,0.3631366307424555
26-01-2023,86.12999725341797,80.4800033569336,87.47000122070312,81.01000213623047,1.5675782989622356,1.0729888883082461,1.804007314699918,1.0351731452925783
27-01-2023,87.5999984741211,81.22000122070312,86.66000366210938,79.68000030517578,-0.9260289782664799,-1.6417748376528762,1.9769360306088002,0.2516317813224367
30-01-2023,86.80000305175781,80.04000091552734,84.9000015258789,77.9000015258789,-2.0309278350515436,-2.2339342024089492,-1.462397960394446,-3.025022096086105
31-01-2023,85.16000366210938,77.91000366210938,84.48999786376953,78.87000274658203,-0.48292538838694554,1.2451876786945704,-3.583247162005321,-3.0008546123167723
01-02-2023,85.5199966430664,79.05999755859375,82.83999633789062,76.41000366210938,-1.952895688954026,-3.1190554061179654,-6.066454195950599,-6.383238065611108
02-02-2023,83.08999633789062,76.79000091552734,82.16999816894531,75.87999725341797,-0.8087858505117507,-0.6936348426773153,-4.597700233080538,-5.303881374860165
03-02-2023,82.1500015258789,75.91999816894531,79.94000244140625,73.38999938964844,-2.7138807073526894,-3.2814944041888117,-7.176033567208695,-8.434188406157162
06-02-2023,79.75,73.2300033569336,80.98999786376953,74.11000061035156,1.3134793473804196,0.9810617613994488,-7.408257993027045,-8.517468638348536
07-02-2023,81.4000015258789,74.56999969482422,83.69000244140625,77.13999938964844,3.333750646812339,4.088515388399072,-3.4271879704543706,-3.1877521408121168
08-02-2023,84.02999877929688,77.48999786376953,85.08999633789062,78.47000122070312,1.672832901952126,1.7241403183536397,0.22378658256421158,0.7317069109874952
09-02-2023,85.06999969482422,78.44999694824219,84.5,78.05999755859375,-0.6933792023538943,-0.5224973311217407,0.01183824888550955,-1.027013008470301
10-02-2023,84.2300033569336,77.68000030517578,86.38999938964844,79.72000122070312,2.236685668222993,2.1265740635763253,4.285373260131431,4.331890328432397
13-02-2023,86.5999984741211,79.94000244140625,86.61000061035156,80.13999938964844,0.2546605188765483,0.5268416489138783,5.403435001029688,5.6141305883331105
14-02-2023,85.75,79.05999755859375,85.58000183105469,79.05999755859375,-1.1892377000789156,-1.3476439222361525,7.055290489617372,7.725845777490292
15-02-2023,85.29000091552734,78.83000183105469,85.37999725341797,78.58999633789062,-0.23370480644713254,-0.5944867634922413,5.420421663712971,6.045062327139283
16-02-2023,85.13999938964844,78.54000091552734,85.13999938964844,78.48999786376953,-0.28109378249004946,-0.1272407160971989,1.7325808411313703,1.750062852997969
17-02-2023,84.66999816894531,78.06999969482422,83.0,76.33999633789062,-2.513506465808857,-2.739204464765732,-2.456218624797313,-2.7144193318178855
21-02-2023,83.01000213623047,76.52999877929688,83.05000305175781,76.16000366210938,0.06024464067206914,-0.2357776845895776,-1.7159727198132413,-2.434017366011565
22-02-2023,82.73999786376953,76.11000061035156,80.5999984741211,73.94999694824219,-2.9500355058504235,-2.9017943902314935,-6.70216570949661,-7.237837661952362
23-02-2023,80.47000122070312,73.91999816894531,82.20999908447266,75.38999938964844,1.9975194054978829,1.9472650450737872,-5.08024650141039,-5.927127571969448
24-02-2023,82.3499984741211,75.5999984741211,83.16000366210938,76.31999969482422,1.155582761484486,1.233585770931156,-2.8277612960591947,-3.4657196412621105
27-02-2023,83.12000274658203,76.41999816894531,82.44999694824219,75.68000030517578,-0.8537838896112149,-0.8385736271063426,-3.431717497576381,-3.702756290003595
28-02-2023,82.63999938964844,75.76000213623047,83.88999938964844,77.05000305175781,1.7465160639244193,1.8102573216933981,-1.468170083346254,-1.8346220552980963
01-03-2023,83.0999984741211,76.8499984741211,84.30999755859375,77.69000244140625,0.5006534414126351,0.8306286363396032,1.5783103115587283,1.7684125861629818
02-03-2023,84.30999755859375,77.73999786376953,84.75,78.16000366210938,0.5218864359478381,0.6049700166473881,2.046955913033166,2.626050293895954
03-03-2023,84.41000366210938,77.88999938964844,85.83000183105469,79.68000030517578,1.274338443722356,1.9447243754458388,6.488838034671729,7.748483561052799
06-03-2023,85.93000030517578,79.91999816894531,86.18000030517578,80.45999908447266,0.4077810400261006,0.9789141268944146,4.829097755643885,6.725029494456214
07-03-2023,86.2300033569336,80.5,83.29000091552734,77.58000183105469,-3.3534455551340603,-3.579414971648631,0.1563218466730243,1.65094620187205
08-03-2023,82.9800033569336,77.31999969482422,82.66000366210938,76.66000366210938,-0.7563900186012829,-1.1858702593856352,0.25470797045512583,1.2949304347010804
09-03-2023,82.62000274658203,76.5,81.58999633789062,75.72000122070312,-1.294468033890528,-1.2261967081940828,-2.7416891983451652,-1.7261541575297135
10-03-2023,81.47000122070312,75.6500015258789,82.77999877929688,76.68000030517578,1.4585151303084576,1.2678276135713817,-1.8147299532698447,-1.3000413238398512
13-03-2023,82.54000091552734,76.5999984741211,80.7699966430664,74.80000305175781,-2.428125351377952,-2.451743930537087,-4.696169152724005,-4.29887468388187
14-03-2023,80.69000244140625,74.69999694824219,77.44999694824219,71.33000183105469,-4.11043683646014,-4.639038875843438,-9.76349144126486,-10.479415715537721
15-03-2023,77.56999969482422,71.55999755859375,73.69000244140625,67.61000061035156,-4.854738095533618,-5.21519854929201,-14.492919261476732,-15.97066694051319
16-03-2023,74.3499984741211,68.22000122070312,74.69999694824219,68.3499984741211,1.3705990953644331,1.094509476540706,-10.313367598587408,-11.897400282399706
17-03-2023,74.55000305175781,68.26000213623047,72.97000122070312,66.73999786376953,-2.315924763340671,-2.355523988725683,-11.722722008356335,-12.940262619949483
20-03-2023,72.88999938964844,66.62000274658203,73.79000091552734,67.63999938964844,1.1237490490702662,1.3485189611722737,-9.559989915995304,-10.670895008973503
21-03-2023,73.73999786376953,67.62000274658203,75.31999969482422,69.33000183105469,2.0734500072013384,2.4985252168185035,-9.011837635274755,-9.585287486788108
22-03-2023,75.08999633789062,69.4800033569336,76.69000244140625,70.9000015258789,1.8189096549826145,2.2645314486649415,-5.051373494157996,-5.213905570538946
23-03-2023,75.73999786376953,69.94999694824219,75.91000366210938,69.95999908447266,-1.017080133610404,-1.3258144163271202,-1.9883710094423246,-1.920654298911817
24-03-2023,75.41999816894531,69.51000213623047,74.98999786376953,69.26000213623047,-1.211969113366107,-1.0005674062359304,1.7641408322614183,2.44046962133333
27-03-2023,75.23999786376953,69.41999816894531,78.12000274658203,72.80999755859375,4.1738964821663505,5.125606862357079,4.578321202221036,6.52523655309416
28-03-2023,78.18000030517578,72.86000061035156,78.6500015258789,73.19999694824219,0.6784418339258913,0.5356398883746616,7.784021118481554,9.679351650053825
29-03-2023,79.0199966430664,73.61000061035156,78.27999877929688,72.97000122070312,-0.470442135287541,-0.3142018266772406,6.084832373033233,7.87995546887954
30-03-2023,78.22000122070312,72.9800033569336,79.2699966430664,74.37000274658203,1.2646881441078506,1.9185987425770934,5.244286994485514,7.269581396822922
31-03-2023,79.27999877929688,74.37000274658203,79.7699966430664,75.66999816894531,0.6307556719743257,1.7480104536140129,4.016161303441579,6.7277807340036855
03-04-2023,83.29000091552734,80.0999984741211,84.93000030517578,80.41999816894531,6.468602080050201,6.2772566604202495,11.882487429741428,14.951399687473987
04-04-2023,84.77999877929688,80.44000244140625,84.94000244140625,80.70999908447266,0.011776917690475841,0.3606079608682755,13.268442273744796,16.53190383350076
05-04-2023,85.0999984741211,81.01000213623047,84.98999786376953,80.61000061035156,0.0588596902828753,-0.12389849492679961,8.79415626683151,10.712818724490102
06-04-2023,84.83000183105469,80.37000274658203,85.12000274658203,80.69999694824219,0.15296492067322642,0.11164413498225834,8.226320527882303,10.245902066502888
10-04-2023,84.94999694824219,80.5,84.18000030517578,79.73999786376953,-1.1043261408306249,-1.1895899885700834,7.537048566535387,9.27778063562046
11-04-2023,84.27999877929688,79.87999725341797,85.61000061035156,81.52999877929688,1.6987411499069127,2.2447967939319913,7.997986925409695,9.627532295665953
12-04-2023,85.55000305175781,81.44000244140625,87.33000183105469,83.26000213623047,2.009112496718224,2.121922461469361,9.477253987881905,10.03040062236986
13-04-2023,87.1500015258789,83.22000122070312,86.08999633789062,82.16000366210938,-1.4199077833101703,-1.321160756543427,1.3658260079438156,2.1636477652096975
14-04-2023,86.33999633789062,82.4000015258789,86.30999755859375,82.5199966430664,0.2555479498914659,0.43816086284214073,1.6128974309043143,2.2425939525775096
17-04-2023,86.2699966430664,82.4800033569336,84.76000213623047,80.83000183105469,-1.7958469078985018,-2.0479821628224926,-0.27061505273564546,0.27292050494647224
18-04-2023,84.81999969482422,81.0,84.7699966430664,80.86000061035156,0.01179153679098377,0.037113421523327084,-0.41119136774191434,0.19826972510543772
19-04-2023,84.86000061035156,80.91999816894531,83.12000274658203,79.16000366210938,-1.9464361942018948,-2.102395418513703,-1.2592035575563876,-0.7273566807100229
20-04-2023,83.0,78.87000274658203,81.0999984741211,77.29000091552734,-2.430226426507187,-2.3623075544109917,-5.268078617073558,-5.2005371363334385
21-04-2023,80.83000183105469,77.12999725341797,81.66000366210938,77.87000274658203,0.6905119587233832,0.7504228544240599,-6.492611989078245,-6.473695954066027
24-04-2023,81.5999984741211,77.97000122070312,82.7300033569336,78.76000213623047,1.3103106133225628,1.1429297011133155,-3.902884334864587,-4.138268469244144
25-04-2023,82.58000183105469,78.73999786376953,80.7699966430664,77.06999969482422,-2.369160684559457,-2.1457623102689505,-6.418724449350577,-6.6044560954306775
26-04-2023,81.0,77.08000183105469,77.69000244140625,74.30000305175781,-3.8132899958769007,-3.5941308603020916,-8.341198108349456,-8.078681963839895
27-04-2023,77.87000274658203,74.37999725341797,78.37000274658203,74.76000213623047,0.8752738882826572,0.6191104516539703,-7.5498338444346835,-7.543901098289362
28-04-2023,78.30999755859375,74.91000366210938,79.54000091552734,76.77999877929688,1.492915819753926,2.7019751007838266,-4.307028047110961,-3.0065750034214744
01-05-2023,80.18000030517578,76.66000366210938,79.30999755859375,75.66000366210938,-0.28916690254738864,-1.458706870270876,-2.207152835025672,-2.1089367759219546
02-05-2023,79.26000213623047,75.76000213623047,75.31999969482422,71.66000366210938,-5.030888900005004,-5.286809154627637,-7.763903603921762,-7.974828387617117
03-05-2023,75.2699966430664,71.55999755859375,72.33000183105469,68.5999984741211,-3.96972633548085,-4.270171687984825,-12.571015476705261,-12.899953512616346
04-05-2023,71.88999938964844,68.16000366210938,72.5,68.55999755859375,0.23503133505013984,-0.058310373785841474,-10.238946374620571,-11.041912767520067
05-05-2023,72.6500015258789,68.69999694824219,75.30000305175781,71.33999633789062,3.862073174838354,4.054840837648799,-3.0763281175733903,-3.9838581322873323
08-05-2023,75.41000366210938,71.3499984741211,77.01000213623047,73.16000366210938,2.270915026785958,2.5511738402656636,-1.7353586355601802,-2.140179813271692
09-05-2023,76.8499984741211,72.83999633789062,77.44000244140625,73.70999908447266,0.5583694237731862,0.7517706326306994,-2.6401790922171653,-3.9984367590951586
10-05-2023,77.25,73.58000183105469,76.41000366210938,72.55999755859375,-1.3300603652178444,-1.5601703163243719,-3.6565300539088796,-4.097285161866981
11-05-2023,76.63999938964844,72.7699966430664,74.9800033569336,70.87000274658203,-1.871483099908422,-2.3290998744135982,-0.4514024684920237,-1.102429354109924
12-05-2023,75.45999908447266,71.41999816894531,74.16999816894531,70.04000091552734,-1.0802949476173662,-1.1711609974429105,2.543890904618551,2.0991289700239335
15-05-2023,74.25,70.04000091552734,75.2300033569336,71.11000061035156,1.4291562817269954,1.5276980023382736,3.765521871632549,3.7193744786506056
16-05-2023,75.44999694824219,71.31999969482422,74.91000366210938,70.86000061035156,-0.4253617978799751,-0.35156799023231544,-0.5179274553021807,-0.6728283602169483
17-05-2023,74.68000030517578,70.5999984741211,76.95999908447266,72.83000183105469,2.7366110294294366,2.780131532224872,-0.06493059391085021,-0.4510686365993166
18-05-2023,76.79000091552734,72.75,75.86000061035156,71.86000061035156,-1.4293119636263452,-1.331870378025335,-2.0402915563570323,-2.5098338042318646
19-05-2023,75.9000015258789,71.94000244140625,75.58000183105469,71.55000305175781,-0.3690993633589157,-0.43139097684490313,-1.0862476001506471,-1.3919439647449572
22-05-2023,75.73999786376953,71.69999694824219,75.98999786376953,71.98999786376953,0.5424662910584743,0.6149473001328065,1.3470184870864488,1.5803514516464778
23-05-2023,75.97000122070312,72.0999984741211,76.83999633789062,72.91000366210938,1.1185662561077114,1.277963363856216,3.599835829661968,4.097662348753306
24-05-2023,77.58999633789062,73.7699966430664,78.36000061035156,74.33999633789062,1.9781420417785744,1.9613120339539991,4.16057040243305,4.542252425559501
25-05-2023,78.26000213623047,74.20999908447266,76.26000213623047,71.83000183105469,-2.6799367761154436,-3.3763715771890745,1.8021604700627414,1.3688981263731748
26-05-2023,76.12000274658203,71.88999938964844,76.94999694824219,72.66999816894531,0.9047925422020153,1.1694226875648805,-0.01299653891561059,-0.21969471108972405
30-05-2023,77.37000274658203,73.2300033569336,73.54000091552734,69.45999908447266,-4.431444012932795,-4.417227418954872,-3.0582647985210265,-3.339829537286676
31-05-2023,73.6500015258789,69.62000274658203,72.66000366210938,68.08999633789062,-1.1966239359022968,-1.9723621719544338,-3.8634534244553653,-4.835788352607462
01-06-2023,72.08999633789062,67.5999984741211,74.27999877929688,70.0999984741211,2.22955551271502,2.951978622903728,-2.2502949500515124,-2.625363864053698
02-06-2023,74.41000366210938,70.20999908447266,76.12999725341797,71.73999786376953,2.490574184872929,2.3395141588396395,-0.9239967703154939,-1.604726017793201
05-06-2023,77.5,75.02999877929688,76.70999908447266,72.1500015258789,0.7618571548400288,0.5715133458575661,-2.1056680870685685,-2.945917298754952
06-06-2023,76.47000122070312,71.98999786376953,76.29000091552734,71.73999786376953,-0.5475142405917843,-0.568265631931153,0.03933750125431068,-0.1253013573587869
07-06-2023,76.06999969482422,71.55999755859375,76.94999694824219,72.52999877929688,0.8651147264313597,1.101200082313225,0.0,-0.19265087818354232
08-06-2023,76.80000305175781,72.47000122070312,75.95999908447266,71.29000091552734,-1.286546982497505,-1.7096344748918968,3.290723604593193,2.634612518248325
09-06-2023,75.52999877929688,70.94000244140625,74.79000091552734,70.16999816894531,-1.5402819682030167,-1.5710516653087758,2.9314576741876985,3.054783291120855
12-06-2023,74.87999725341797,70.2699966430664,71.83999633789062,67.12000274658203,-3.944383662956019,-4.346580450265847,-3.2848714075185526,-4.251063897867546
13-06-2023,72.0,67.30999755859375,74.29000091552734,69.41999816894531,3.410362893273855,3.426691490235978,-2.4169137058625334,-3.233899866054879
14-06-2023,74.06999969482422,69.3499984741211,73.19999694824219,68.2699966430664,-1.4672283670107422,-1.6565853589914914,-4.575677458117644,-5.377692031539061
15-06-2023,73.47000122070312,68.69999694824219,75.66999816894531,70.62000274658203,3.3743187481955816,3.4422238451278675,-0.8126920161772411,-1.5611864378840767
16-06-2023,75.58000183105469,70.55000305175781,76.61000061035156,71.77999877929688,1.2422392812902583,1.642588484281804,-0.4418406125724861,-1.0340548912487812
20-06-2023,76.2300033569336,71.44999694824219,75.9000015258789,70.5,-0.9267707594518892,-1.7832248552030583,-0.07898572843192397,-1.1081510806311035
21-06-2023,75.5,70.9000015258789,77.12000274658203,72.52999877929688,1.6073797051073146,2.879430892619683,3.1153921681139396,3.363261610281776
22-06-2023,76.95999908447266,72.43000030517578,74.13999938964844,69.51000213623047,-3.8641120990697386,-4.163789733756951,3.2015634312396513,3.560785595721905
23-06-2023,74.1500015258789,69.52999877929688,73.8499984741211,69.16000366210938,-0.3911531129144219,-0.503522462040995,-0.5922768017011637,-0.3745239321430116
26-06-2023,74.44999694824219,69.83999633789062,74.18000030517578,69.37000274658203,0.44685421512951073,0.3036423848365333,1.3388024559980893,1.6112584701984733
27-06-2023,74.2300033569336,69.48999786376953,72.26000213623047,67.69999694824219,-2.5882962537698284,-2.4073889753768674,-4.506404275445453,-4.134814053771995
28-06-2023,72.55999755859375,68.01000213623047,74.02999877929688,69.55999755859375,2.4494832420977053,2.7474160918700807,-3.3677089289907647,-3.0927852583684246
29-06-2023,73.75,69.25,74.33999633789062,69.86000061035156,0.4187458647918252,0.43128674854409077,-2.055342762353407,-0.9078005526928168
30-06-2023,74.25,69.81999969482422,74.9000015258789,70.63999938964844,0.7533026843893564,1.1165169946782072,-2.878632185735386,-2.6058174844309057
03-07-2023,75.12999725341797,70.44999694824219,74.6500015258789,69.79000091552734,-0.33377836436174757,-1.2032821085296463,0.6878906668856599,0.40281796963279604
05-07-2023,74.94000244140625,70.1500015258789,76.6500015258789,71.79000091552734,2.679169402704784,2.865740039781306,3.791473405025192,3.8027719984908837
06-07-2023,76.54000091552734,71.80000305175781,76.5199966430664,71.80000305175781,-0.16960845430460392,0.013932492133883478,3.1544841308491556,3.5029554691714537
07-07-2023,76.4800033569336,71.88999938964844,78.47000122070312,73.86000061035156,2.5483594657389697,2.8690772577109502,8.593964711992474,9.098971846067894
10-07-2023,78.48999786376953,73.86000061035156,77.69000244140625,72.98999786376953,-0.994008878760011,-1.1779078518719954,4.94394667359217,4.930995436402252
11-07-2023,77.86000061035156,73.19000244140625,79.4000015258789,74.83000183105469,2.2010542292907553,2.5208987822131323,6.806571747716417,7.114230142114675
12-07-2023,79.27999877929688,74.83000183105469,80.11000061035156,75.75,0.894205378876789,1.2294509507328577,6.955939890965879,7.233862761188492
13-07-2023,80.1500015258789,75.8499984741211,81.36000061035156,76.88999938964844,1.5603545006570352,1.5049496893048575,8.98861211964812,10.173374954837456
14-07-2023,81.61000061035156,77.16000366210938,79.87000274658203,75.41999816894531,-1.83136412560444,-1.9118236862686544,4.200914750948792,5.0564106520756935
17-07-2023,79.44999694824219,75.0199966430664,78.5,74.1500015258789,-1.715290721760565,-1.6838990637755513,2.5875633086727357,3.2729782370998883
18-07-2023,78.52999877929688,74.18000030517578,79.62999725341797,75.75,1.439486947029267,2.1577861647955388,1.4782668722691295,2.558894359640118
19-07-2023,79.80000305175781,75.83999633789062,79.45999908447266,75.3499984741211,-0.2134850870386229,-0.5280548196421209,2.278281101099644,3.2333205636700058
20-07-2023,79.5,75.3499984741211,79.63999938964844,75.62999725341797,0.22652945790300194,0.37159759119709257,0.30226430624351597,1.0690837936492947
21-07-2023,79.66000366210938,75.69999694824219,81.06999969482422,77.06999969482422,1.7955805074524545,1.9040096439262744,1.19835111366684,1.7425738545534308
24-07-2023,80.98999786376953,77.01000213623047,82.73999786376953,78.73999786376953,2.0599459420646005,2.1668589276735872,1.6961618031777537,2.406032629478938
25-07-2023,82.83000183105469,78.8499984741211,83.63999938964844,79.62999725341797,1.08774661483646,1.1303015161217678,4.720165911384977,5.582072642115432
26-07-2023,83.2699966430664,79.33999633789062,82.91999816894531,78.77999877929688,-0.8608336034878539,-1.0674350162489965,5.630570915853905,6.2440959651255845
27-07-2023,83.02999877929688,78.9000015258789,84.23999786376953,80.08999633789062,1.59189547029992,1.6628555202999218,5.789276364886087,5.729368102825916
28-07-2023,84.05000305175781,79.83999633789062,84.98999786376953,80.58000183105469,0.8903134128907197,0.6118185985385605,6.959475010084026,6.940946865088304
31-07-2023,84.87999725341797,80.6500015258789,85.55999755859375,81.80000305175781,0.6706667950949541,1.5140248113433952,7.433448285177646,8.15814626789637
01-08-2023,85.3499984741211,81.7300033569336,84.91000366210938,81.37000274658203,-0.7596936828326184,-0.5256727251021109,4.73665225328761,5.579347435817605
02-08-2023,85.7300033569336,82.05000305175781,83.19999694824219,79.48999786376953,-2.0139048876643306,-2.3104397435840918,0.5559573318215882,0.9525019308453508
03-08-2023,83.44000244140625,79.7699966430664,85.13999938964844,81.55000305175781,2.3317337891407774,2.591527542268568,1.793400300031145,2.4111589408066125
04-08-2023,85.31999969482422,81.7300033569336,86.23999786376953,82.81999969482422,1.2919878811448848,1.5573226186887723,4.003858861718612,5.128206369798827
07-08-2023,86.13999938964844,82.81999969482422,85.33999633789062,81.94000244140625,-1.043601053075871,-1.0625419665063918,1.3057911942257805,2.3099090874104444
08-08-2023,85.83999633789062,82.52999877929688,86.16999816894531,82.91999816894531,0.9725824545016692,1.1959918212595122,1.3883990291036374,2.903941778006769
09-08-2023,86.01000213623047,82.87999725341797,87.55000305175781,84.4000015258789,1.6014911362848716,1.7848569580502849,2.325859689045995,3.178482123620441
10-08-2023,87.37000274658203,84.25,86.4000015258789,82.81999969482422,-1.313536819866301,-1.87204005034316,1.7547966075927013,1.7819797213944444
11-08-2023,86.38999938964844,82.83000183105469,86.80999755859375,83.19000244140625,0.4745324368912618,0.44675531024562787,4.338943200439416,4.654679427690778
14-08-2023,86.63999938964844,83.08999633789062,86.20999908447266,82.51000213623047,-0.6911628740873033,-0.8174062810669236,1.2567532329044395,1.177190740095213
15-08-2023,86.30000305175781,82.5199966430664,84.88999938964844,80.98999786376953,-1.531144541053553,-1.8422060757570802,-1.5653971562634372,-2.209613424049617
16-08-2023,85.12000274658203,81.2300033569336,83.44999694824219,79.37999725341797,-1.6963157636467607,-1.9879005467560162,-2.214670108685357,-3.1242434851266876
17-08-2023,83.3499984741211,79.25,84.12000274658203,80.38999938964844,0.802882951278483,1.2723635313391046,-2.379012958018234,-3.0511322179990086
18-08-2023,83.83000183105469,80.04000091552734,84.80000305175781,81.25,0.8083693330637853,1.0697855664647538,-3.141062140653783,-3.7322292285895786
21-08-2023,85.05999755859375,81.43000030517578,84.45999908447266,80.72000122070312,-0.4009480601995241,-0.6523061899038507,-2.2453731564173296,-2.5356175825394622
22-08-2023,84.38999938964844,80.80000305175781,84.02999877929688,80.3499984741211,-0.5091171084973811,-0.45837802401709205,-3.2023947212076243,-3.413876528355042
23-08-2023,83.9800033569336,79.63999938964844,83.20999908447266,78.88999938964844,-0.9758416122055746,-1.8170492995627008,-3.4798747614652625,-4.387350203439732
24-08-2023,82.98999786376953,78.56999969482422,83.36000061035156,79.05000305175781,0.1802686306084711,0.20281868848686102,-1.8023310051801467,-2.3953511090035073
25-08-2023,83.19999694824219,78.87999725341797,84.4800033569336,79.83000183105469,1.343573342588189,0.9867156852431336,1.2342797439887754,0.5668992103893489
28-08-2023,84.87000274658203,80.1500015258789,84.41999816894531,80.0999984741211,-0.07102886553490562,0.3382145019084515,0.356627927446751,-0.3607425273406406
29-08-2023,84.37999725341797,79.9800033569336,85.48999786376953,81.16000366210938,1.2674718289887643,1.3233523198265207,0.8136730980900841,-0.11076472355768807
30-08-2023,85.62999725341797,81.29000091552734,85.86000061035156,81.62999725341797,0.43280238136353955,0.579095083910186,1.6575912160248674,1.127348883737933
31-08-2023,85.8499984741211,81.69999694824219,86.86000061035156,83.62999725341797,1.1646866909984954,2.4500797100250438,3.367847045300598,4.082139193012302
01-09-2023,86.81999969482422,83.62999725341797,88.55000305175781,85.55000305175781,1.9456624793125377,2.295833865116359,6.417502735295222,8.44213932518203
05-09-2023,88.69999694824219,86.05999755859375,90.04000091552734,86.69000244140625,1.6826626904785424,1.332553300972683,8.013436007996223,9.664767988239253
06-09-2023,89.9800033569336,86.72000122070312,90.5999984741211,87.54000091552734,0.6219430840733953,0.9805034608178831,7.24431211411074,9.658021931139915
07-09-2023,90.61000061035156,87.54000091552734,89.91999816894531,86.87000274658203,-0.7505522258590469,-0.7653623051613101,6.5150439697867935,8.451940576064064
08-09-2023,89.80000305175781,86.77999877929688,90.6500015258789,87.51000213623047,0.8118364899897257,0.7367323234873657,6.035798094570044,7.82404902365188
11-09-2023,90.66000366210938,87.4000015258789,90.63999938964844,87.29000091552734,-0.011033795986881145,-0.25140122881112115,5.567200961236174,6.933730065600829
12-09-2023,90.55999755859375,87.2699966430664,92.05999755859375,88.83999633789062,1.5666352366585423,1.7756849651809015,5.986641620656941,6.229820944134645
13-09-2023,91.93000030517578,88.75,91.87999725341797,88.5199966430664,-0.1955249945137294,-0.36019778029610094,3.760580561147764,3.4716463885007043
14-09-2023,92.19999694824219,88.80999755859375,93.69999694824219,90.16000366210938,1.9808443069544435,1.8526966575200587,4.064855614726759,4.002769780804316
15-09-2023,94.12999725341797,90.66999816894531,93.93000030517578,90.7699966430664,0.24546783823338192,0.6765671652400274,3.675498771675878,3.6897369131351443
18-09-2023,94.19999694824219,91.19999694824219,94.43000030517578,91.4800033569336,0.5323112939162211,0.7822041865432006,5.015571872851798,5.306780781163201
19-09-2023,94.62999725341797,92.22000122070312,94.33999633789062,91.19999694824219,-0.09531289526027997,-0.3060848255534987,4.0705954218415386,4.216654921648089
20-09-2023,94.4800033569336,91.55000305175781,93.52999877929688,90.27999877929688,-0.8585940110625412,-1.0087699558448793,3.1884371239067955,3.4253612468890138
21-09-2023,93.22000122070312,89.30000305175781,93.30000305175781,89.62999725341797,-0.24590583827739376,-0.7199839772571659,1.3469536455014808,0.8892401486856105
22-09-2023,93.31999969482422,89.62000274658203,93.2699966430664,90.02999877929688,-0.0321612086923051,0.4462808637023086,1.5128422194165214,1.7058316691076714
25-09-2023,93.75,90.55000305175781,93.29000091552734,89.68000030517578,0.021447703635590898,-0.3887576128697834,-0.4375624824633828,-0.532390569473018
26-09-2023,93.26000213623047,89.87999725341797,93.95999908447266,90.38999938964844,0.7181886186837794,0.7917028122843117,0.03193737804685348,-0.41863750960818846
27-09-2023,94.16000366210938,90.52999877929688,96.55000305175781,93.68000030517578,2.756496373479811,3.639784199295071,2.24505214416042,2.404893821066345
28-09-2023,96.62000274658203,93.77999877929688,95.37999725341797,91.70999908447266,-1.2118133209303328,-2.1029047974867265,1.1023966036658006,0.5592128873862956
29-09-2023,95.0999984741211,91.76000213623047,95.30999755859375,90.79000091552734,-0.0733903300901062,-1.003160154977123,1.9031314043926661,0.5649115453326914
02-10-2023,92.19000244140625,90.81999969482422,90.70999908447266,88.81999969482422,-4.826354623808637,-2.169843816320749,-2.7759955868901343,-0.9037125777250465
03-10-2023,90.44000244140625,88.66999816894531,90.91999816894531,89.2300033569336,0.23150599337686817,0.46161187065763,-2.519565303635929,-0.88858761880517
04-10-2023,90.95999908447266,89.41999816894531,85.80999755859375,84.22000122070312,-5.62032634542764,-5.614705757871263,-8.01801188072302,-6.088312963751785
05-10-2023,86.02999877929688,84.44999694824219,84.06999969482422,82.30999755859375,-2.0277332633431233,-2.267874180034868,-10.525755093672418,-8.939044015504239
06-10-2023,84.22000122070312,82.27999877929688,84.58000183105469,82.79000091552734,0.6066398692539332,0.5831653154793282,-12.397722260336263,-11.624679071490963
09-10-2023,86.3499984741211,85.25,88.1500015258789,86.37999725341797,4.2208555421353156,4.336268025354406,-7.58020123268558,-5.811800113688048
10-10-2023,88.11000061035156,86.43000030517578,87.6500015258789,85.97000122070312,-0.5672149646568148,-0.474642331270303,-8.036928159614842,-5.3089543410279605
11-10-2023,87.75,85.95999908447266,85.81999969482422,83.48999786376953,-2.087851453732581,-2.8847310942416993,-5.390805246392604,-6.000902780193639
12-10-2023,85.5999984741211,83.19999694824219,86.0,82.91000366210938,0.2097416753855219,-0.6946870481498002,-5.411348732985111,-7.082819071006041
13-10-2023,86.41000366210938,83.51000213623047,90.88999938964844,87.69000244140625,5.686045801916784,5.765285934345443,5.9200582398174495,4.120162871536648
16-10-2023,90.91999816894531,87.72000122070312,89.6500015258789,86.66000366210938,-1.3642841589794896,-1.174590889064131,6.637328239931262,5.2849061262807195
17-10-2023,90.05999755859375,87.05999755859375,89.9000015258789,86.66000366210938,0.27886223730608783,0.0,6.289902553384552,4.67448085974862
18-10-2023,90.9000015258789,87.80999755859375,91.5,88.31999969482422,1.779753556133712,1.9155273050613264,3.800338532197989,2.245893150140721
19-10-2023,91.33999633789062,88.23999786376953,92.37999725341797,89.37000274658203,0.96174563215079,1.188862155101833,5.396458237530677,3.954869695942409
20-10-2023,92.8499984741211,90.27999877929688,92.16000366210938,88.75,-0.23813985478382538,-0.6937481565711834,7.387559997471693,6.300158427136626
23-10-2023,92.12999725341797,88.0,89.83000183105469,85.48999786376953,-2.52821369191486,-3.6732418436399628,4.453490501226387,3.1118008535793162
24-10-2023,90.3499984741211,86.1500015258789,88.06999969482422,83.73999786376953,-1.9592587112939652,-2.0470230947819967,-3.1026512418982244,-4.504509599342388
25-10-2023,88.13999938964844,83.69000244140625,90.12999725341797,85.38999938964844,2.339045720145294,1.970386395952839,0.5354107299156086,-1.465502214161829
26-10-2023,90.04000091552734,85.37000274658203,87.93000030517578,83.20999908447266,-2.4409153614600387,-2.5529925292868128,-2.1913250136442297,-3.9810805814045613
27-10-2023,88.26000213623047,83.52999877929688,90.4800033569336,85.54000091552734,2.900037578650738,2.800146444767204,-1.1147504295807686,-3.1476435562757255
30-10-2023,90.30000305175781,85.0,87.44999694824219,82.30999755859375,-3.3488133247943974,-3.7760151068075065,-5.336653444199335,-7.899748205231305
31-10-2023,87.80999755859375,82.58999633789062,87.41000366210938,81.0199966430664,-0.04573274731671795,-1.5672469369337971,-5.154079656306387,-8.709862937389968
01-11-2023,85.44999694824219,81.4800033569336,84.62999725341797,80.44000244140625,-3.1804213387723324,-0.7158654970270129,-5.7887169894713875,-5.907118433212011
02-11-2023,84.94000244140625,80.81999969482422,86.8499984741211,82.45999908447266,2.623184795877398,2.511184214020634,-1.3852631144891658,-1.5285393025435856
03-11-2023,86.86000061035156,82.58000183105469,84.88999938964844,80.51000213623047,-2.25676352205888,-2.3647792504152165,-5.813822282759274,-5.714951737087793
06-11-2023,85.38999938964844,81.12999725341797,85.18000030517578,80.81999969482422,0.34161964614491946,0.3850422933403985,-3.127487763511505,-2.8722502294732277
07-11-2023,85.2300033569336,80.93000030517578,81.61000061035156,77.37000274658203,-4.191124303867011,-4.2687416001848,-9.803274113055515,-9.55108496785424
08-11-2023,81.47000122070312,77.12000274658203,79.54000091552734,75.33000183105469,-2.5364534730338617,-2.6366819737737024,-9.045164446828313,-8.48013113178655
09-11-2023,79.77999877929688,75.6500015258789,80.01000213623047,75.73999786376953,0.5908991894559845,0.5442665906664423,-8.465851980151184,-6.51690816843391
10-11-2023,79.69999694824219,75.58999633789062,81.43000030517578,77.16999816894531,1.7747758168129124,1.888038480998988,-3.7811615882014538,-4.065146908520867
13-11-2023,81.44999694824219,77.1500015258789,82.5199966430664,78.26000213623047,1.3385685052261342,1.4124711586734229,-4.9856095649154275,-5.093374963465225
14-11-2023,82.75,78.52999877929688,82.47000122070312,78.26000213623047,-0.06058582694753456,0.0,-2.850745890381534,-2.7946838160465948
15-11-2023,82.37999725341797,78.16999816894531,81.18000030517578,76.66000366210938,-1.5642062524954925,-2.0444651551834947,-4.695937996794008,-5.147235892629254
16-11-2023,80.94000244140625,76.5999984741211,77.41999816894531,72.9000015258789,-4.631685294525356,-4.904776880527228,-5.134177686643449,-5.777434486262312
17-11-2023,77.52999877929688,72.97000122070312,80.61000061035156,75.88999938964844,4.120385581054986,4.101505900117308,1.3452347026756684,0.7433924664566938
20-11-2023,80.47000122070312,75.6500015258789,82.31999969482422,77.5999984741211,2.12132374584435,2.2532601109836126,2.887135979149935,2.455770613694863
21-11-2023,82.12999725341797,77.6500015258789,82.44999694824219,77.7699966430664,0.15791697509706104,0.21906980964954137,1.2526054761681893,0.7775022526339104
22-11-2023,82.4000015258789,77.7699966430664,81.95999908447266,77.0999984741211,-0.5942970065567432,-0.8615124056393308,-0.6786204330763268,-1.4822433304948146
23-11-2023,81.62999725341797,,81.37000274658203,,-0.7198588878491119,0.0,-1.3338164882249925,-1.4822433304948146
24-11-2023,81.62999725341797,76.79000091552734,80.58000183105469,75.54000091552734,-0.9708748787777721,-2.0233431770006693,-0.7390964176712811,-1.461000121417444
27-11-2023,80.33999633789062,75.30999755859375,79.9800033569336,74.86000061035156,-0.7445997275838501,-0.9001857253565504,3.3066458906416685,2.6886132283232778
28-11-2023,80.13999938964844,75.06999969482422,81.68000030517578,76.41000366210938,2.125527477981537,2.070535718835509,1.3273783484959,0.6852079017566348
29-11-2023,81.93000030517578,76.55999755859375,83.0999984741211,77.86000061035156,1.7384894265914053,1.8976532898155263,0.9475203865263238,0.33505430585436535
30-11-2023,82.87000274658203,77.75,82.83000183105469,75.95999908447266,-0.3249057136270439,-2.440279361655051,0.46089132429083524,-2.3273725558982883
01-12-2023,80.47000122070312,75.58999633789062,78.87999725341797,74.06999969482422,-4.7688089947087065,-2.4881508852397816,-3.757932973962408,-3.9299595839990875
04-12-2023,79.43000030517578,74.58000183105469,78.02999877929688,73.04000091552734,-1.0775843099871119,-1.3905748393959416,-4.104711631493041,-5.265885394221515
05-12-2023,78.19999694824219,73.30000305175781,77.19999694824219,72.31999969482422,-1.0636958144806585,-0.9857628856492329,-4.194595192364314,-4.262643873017547
06-12-2023,77.05999755859375,72.0999984741211,74.30000305175781,69.37999725341797,-3.756468926324752,-4.065268879718564,-7.101775527349208,-7.320335709663118
07-12-2023,74.30000305175781,69.27999877929688,74.05000305175781,69.33999633789062,-0.3364737412269614,-0.057654824316633047,-9.341328629910006,-9.252724755102538
08-12-2023,74.5,69.76000213623047,75.83999633789062,71.2300033569336,2.4172764515373313,2.7257097185772183,-8.736464824955892,-8.515280248452118
11-12-2023,75.66000366210938,71.1500015258789,76.02999877929688,71.31999969482422,0.2505306574116073,0.12634610929280754,-8.209589401709216,-6.108477416499758
12-12-2023,76.25,71.43000030517578,73.23999786376953,68.61000061035156,-3.6696053667267248,-3.799774391571298,-7.150100895070766,-7.371404221639521
13-12-2023,73.36000061035156,68.7300033569336,74.26000213623047,69.47000122070312,1.3926874688857893,1.2534624729646282,-4.8314708471668855,-4.887732270092682
14-12-2023,74.70999908447266,69.8499984741211,76.61000061035156,71.58000183105469,3.1645548162118287,3.0372831053337546,-0.7642439912092014,-1.0232271389548853
15-12-2023,76.5999984741211,71.61000061035156,76.55000305175781,71.43000030517578,-0.07831556992005106,-0.2095578681779675,3.028263671042697,2.954746516160789
18-12-2023,76.97000122070312,71.68000030517578,77.94999694824219,72.47000122070312,1.8288619734447176,1.4559721560745809,5.266703221819502,4.513996319757685
19-12-2023,78.05000305175781,72.4800033569336,79.2300033569336,73.44000244140625,1.6420865411211238,1.3384865521790745,4.469946179769635,3.102623866797183
20-12-2023,79.25,74.05999755859375,79.69999694824219,74.22000122070312,0.5932015289602521,1.0620898057828843,4.827039626291119,4.066182751385172
21-12-2023,79.13999938964844,73.80999755859375,79.38999938964844,73.88999938964844,-0.38895554637858876,-0.4446265502925373,8.39705312023391,7.695669337306854
22-12-2023,79.44000244140625,73.91000366210938,79.06999969482422,73.55999755859375,-0.40307305363948,-0.4466123071871553,6.477238648296524,5.887428049550314
26-12-2023,79.19000244140625,73.55999755859375,81.06999969482422,75.56999969482422,2.5294043350438056,2.7324662900232166,5.821693054353028,5.574179605620633
27-12-2023,80.73999786376953,75.31999969482422,79.6500015258789,74.11000061035156,-1.7515704629217699,-1.9319823876784437,4.049638602920869,3.7519253727086754
28-12-2023,79.83999633789062,73.80000305175781,78.38999938964844,71.7699966430664,-1.5819235556713496,-3.1574739549500297,0.5644675543712951,-0.9659232314691124
29-12-2023,77.41999816894531,71.98999786376953,77.04000091552734,71.6500015258789,-1.722156505462813,-0.1671939846733861,-2.7641074701716506,-2.4373650000290903
02-01-2024,77.20999908447266,71.70999908447266,75.88999938964844,70.37999725341797,-1.4927330116984994,-1.772511158987533,-4.780423719549187,-5.173812859240446
03-01-2024,75.98999786376953,70.5,78.25,72.69999694824219,3.1097649615654976,3.296390715206443,-1.435948354216865,-1.610505415125174
04-01-2024,78.5,73.04000091552734,77.58999633789062,72.19000244140625,-0.84345515924521,-0.7015055409136051,-1.871763453453601,-1.8624186550526223
05-01-2024,77.5999984741211,72.4000015258789,78.76000213623047,73.80999755859375,1.507933823381924,2.2440712874367774,-2.8493864158004034,-2.328969357334809
08-01-2024,78.5999984741211,73.51000213623047,76.12000274658203,70.7699966430664,-3.351954441395333,-4.118684481887502,-4.431887899148313,-4.506819511236959
09-01-2024,76.36000061035156,70.91000366210938,77.58999633789062,72.23999786376953,1.9311528353493035,2.0771531587279624,-1.0205422349619964,0.6548714542102818
10-01-2024,77.45999908447266,72.16999816894531,76.80000305175781,71.37000274658203,-1.018163839952424,-1.2043122133366335,-0.311523703163874,-0.3907868434528172
11-01-2024,76.73999786376953,71.33000183105469,77.41000366210938,72.0199966430664,0.7942715965004066,0.9107382254031071,2.0029045785817656,2.3302066690103374
12-01-2024,78.45999908447266,73.01000213623047,78.29000091552734,72.68000030517578,1.1368004286101296,0.9164172353136602,0.05111938086561629,-0.027505700008001455
16-01-2024,78.08000183105469,72.62999725341797,78.29000091552734,72.4000015258789,0.0,-0.3852487315921693,0.9021840580947016,0.29089773842729816
17-01-2024,77.86000061035156,72.0,77.87999725341797,72.55999755859375,-0.5236986298566504,0.22098899080500445,-1.1173246050582453,-1.693537517065613
18-01-2024,78.05000305175781,72.77999877929688,79.0999984741211,74.08000183105469,1.5665142061231707,2.094824040248211,3.9148655018576894,4.677130627379467
19-01-2024,78.9800033569336,74.08000183105469,78.55999755859375,73.41000366210938,-0.6826813223062334,-0.9044251517073332,1.250162735514171,1.619609403292399
22-01-2024,78.8499984741211,73.41000366210938,80.05999755859375,75.19000244140625,1.9093686947752708,2.424735990328819,4.244784345436714,5.352388325369883
23-01-2024,79.91000366210938,74.68000030517578,79.55000305175781,74.37000274658203,-0.6370153914415089,-1.090570113311573,2.7644997912536162,3.2629911317024085
24-01-2024,79.73999786376953,74.56999969482422,80.04000091552734,75.08999633789062,0.6159620929878873,0.9681236583545472,2.2352790644212694,3.3158998659817307
25-01-2024,80.30999755859375,75.30000305175781,82.43000030517578,77.36000061035156,2.9860061997885268,3.023044857062396,5.288030835655988,6.850827320355424
26-01-2024,82.38999938964844,77.1500015258789,83.55000305175781,78.01000213623047,1.35873194520868,0.8402294735658566,7.280439134955152,7.511031919806399
29-01-2024,84.12999725341797,78.9000015258789,82.4000015258789,76.77999877929688,-1.376423080638911,-1.576725193245876,4.171938199009539,3.6447042136955377
30-01-2024,82.56999969482422,77.0199966430664,82.87000274658203,77.81999969482422,0.5703898203879509,1.3545206200338944,5.486259320175857,6.007350242091136
31-01-2024,82.58999633789062,77.83999633789062,81.70999908447266,75.8499984741211,-1.3997871650332727,-2.5314844878290943,2.0609562530542247,0.8777709951920398
01-02-2024,80.66999816894531,75.95999908447266,78.69999694824219,73.81999969482422,-3.683762293423476,-2.676333315932078,-1.0685180023972896,-0.7395495918320227
02-02-2024,78.91999816894531,73.91000366210938,77.33000183105469,72.27999877929688,-1.74078166494529,-2.0861567622511346,-3.3858059138864083,-3.7421729865977027
05-02-2024,77.66000366210938,72.75,77.98999786376953,72.77999877929688,0.8534799134710447,0.6917543005592997,-5.386391392658362,-5.920374605635459
06-02-2024,77.94000244140625,72.76000213623047,78.58999633789062,73.30999755859375,0.7693274657721627,0.7282203739850113,-5.936572750086611,-6.024874309616102
07-02-2024,78.69999694824219,73.5,79.20999908447266,73.86000061035156,0.788907972353603,0.7502429001149835,-3.871362114482957,-3.8030713927709403
08-02-2024,79.37999725341797,74.08000183105469,81.62999725341797,76.22000122070312,3.055167525459157,3.1952350268743546,-1.496326115682678,-2.056024775630405
09-02-2024,81.7300033569336,76.41999816894531,82.19000244140625,76.83999633789062,0.6860286742994326,0.8134283747808446,0.5874475123140765,1.30520485653971
12-02-2024,81.76000213623047,76.5999984741211,82.0,76.91999816894531,-0.23117463896135115,0.10411482934342686,4.193142540943295,4.199401905901712
13-02-2024,82.05000305175781,77.02999877929688,82.7699966430664,77.87000274658203,0.9390202964224548,1.2350553825419386,7.034779106687017,7.733818569026174
14-02-2024,82.66000366210938,77.80999755859375,81.5999984741211,76.63999938964844,-1.4135534812098172,-1.5795599249386005,4.628799473308609,5.303655777814575
15-02-2024,81.5199966430664,76.5999984741211,82.86000061035156,78.02999877929688,1.5441202938625942,1.8136735395592574,5.433266918734092,6.438414101610923
16-02-2024,82.83000183105469,78.11000061035156,83.47000122070312,79.19000244140625,0.7361822421654063,1.486612431444967,5.378111583724965,7.216357686175923
20-02-2024,83.30000305175781,78.9800033569336,82.33999633789062,78.18000030517578,-1.353785631109139,-1.275416220599035,0.8697771755014072,2.5715023000291826
21-02-2024,82.55999755859375,77.1500015258789,83.02999877929688,77.91000366210938,0.837991829116369,-0.3453525735641727,1.0220176577917295,1.3925135023608926
22-02-2024,83.16000366210938,78.08999633789062,83.66999816894531,78.61000061035156,0.7708050091023377,0.8984686373241901,2.036583132860148,2.197091109771443
23-02-2024,83.41999816894531,78.37000274658203,81.62000274658203,76.48999786376953,-2.4500961721356296,-2.696861379114235,-1.389384974175556,-1.7721906178731595
26-02-2024,81.58999633789062,76.4000015258789,82.52999877929688,77.58000183105469,1.1149179148403743,1.4250281052778702,1.1397062776548061,1.2265167652561582
27-02-2024,82.55000305175781,77.62000274658203,83.6500015258789,78.87000274658203,1.3570856211656546,1.6628008315036746,0.9534164973547643,1.076514136135076
28-02-2024,83.4000015258789,78.4800033569336,83.68000030517578,78.54000091552734,0.03586225791949449,-0.41841234888125856,0.2515862961561366,-0.8208126099754187
29-02-2024,83.6500015258789,78.19999694824219,83.62000274658203,78.26000213623047,-0.07169880302932974,-0.3565046804596128,1.5545378499153273,0.10233030281709965
01-03-2024,81.97000122070312,78.27999877929688,83.55000305175781,79.97000122070312,-0.08371166290960241,2.185023048550372,0.6262848128459675,2.6440732406172396
04-03-2024,83.58999633789062,80.13999938964844,82.80000305175781,78.73999786376953,-0.8976660354343635,-1.538080953055132,-1.0397933981435181,0.16536986694903888
05-03-2024,82.97000122070312,78.73999786376953,82.04000091552734,78.1500015258789,-0.9178769422935829,-0.7492968680433476,0.5145774991570873,2.170223177500774
06-03-2024,82.08000183105469,78.1500015258789,82.95999908447266,79.12999725341797,1.1214019486574411,1.253993228924699,0.5210230359092849,1.9979316650941659
07-03-2024,82.83999633789062,79.12999725341797,82.95999908447266,78.93000030517578,0.0,-0.2527447936105487,-0.824868414608193,0.07607145493138123
08-03-2024,83.33999633789062,79.51000213623047,82.08000183105469,78.01000213623047,-1.0607488706960155,-1.165587438728266,-1.9120440586591791,-0.6748138185876829
11-03-2024,81.91000366210938,77.80000305175781,82.20999908447266,77.93000030517578,0.15837871651798174,-0.10255329940253022,-1.6862037978909394,-0.42167368010064266
12-03-2024,82.43000030517578,78.08999633789062,81.91999816894531,77.55999755859375,-0.3527562568506504,-0.47478858608122065,-1.9509333611905877,-3.0136346446440476
13-03-2024,82.38999938964844,78.05999755859375,84.02999877929688,79.72000122070312,2.5756843963790965,2.784945500388347,1.4855020316487222,1.2446067862855736
14-03-2024,83.9800033569336,79.62999725341797,85.41999816894531,81.26000213623047,1.6541704270390811,1.9317622829230663,4.119938098121412,3.979527254803328
15-03-2024,85.12999725341797,81.13999938964844,85.33999633789062,81.04000091552734,-0.09365702735846249,-0.2707374045281208,2.8688491799458316,2.4137542378429355
18-03-2024,85.37999725341797,81.02999877929688,86.88999938964844,82.72000122070312,1.8162680082863147,2.073050698662926,4.737223178093486,4.801724187094436
19-03-2024,86.8499984741211,82.8499984741211,87.37999725341797,83.47000122070312,0.5639289529421943,0.9066731007401074,6.457109288657503,6.999101313877354
20-03-2024,87.22000122070312,83.19999694824219,85.94999694824219,81.68000030517578,-1.6365304991124208,-2.1444841132737036,4.54932235180614,4.8120107600601925
21-03-2024,86.16000366210938,81.48999786376953,85.77999877929688,81.06999969482422,-0.19778728909982668,-0.7468175906861663,4.711914912877568,4.525531519748682
22-03-2024,85.55000305175781,80.83999633789062,85.43000030517578,80.62999725341797,-0.40801874458124,-0.5427438547706553,1.6660734811575928,1.141490239313403
25-03-2024,85.5999984741211,80.8499984741211,86.75,81.94999694824219,1.5451243007244209,1.637107453539266,1.5570145862379814,0.8491198546302758
26-03-2024,86.7699966430664,81.94000244140625,86.25,81.62000274658203,-0.5763688760806907,-0.40267750329334717,1.0663272804774415,0.715698203976145
27-03-2024,85.97000122070312,81.29000091552734,86.08999633789062,81.3499984741211,-0.18551149230072728,-0.3308064976415892,-0.9207078574949512,-1.6561928510213209
28-03-2024,86.52999877929688,81.70999908447266,87.4800033569336,83.16999816894531,1.6145976050311317,2.2372461327128335,0.11444965284856945,-0.3594142175277759
01-04-2024,86.93000030517578,83.13999938964844,87.41999816894531,83.70999908447266,-0.06859303347697132,0.6492736893301654,1.7102981650928273,2.4853070172775604
02-04-2024,87.80000305175781,84.04000091552734,88.91999816894531,85.1500015258789,1.7158545314782003,1.7202275201952055,3.6605262699144214,5.032690078220359
03-04-2024,89.20999908447266,85.45999908447266,89.3499984741211,85.43000030517578,0.48358109989925513,0.32883003438559655,4.588549871171921,5.953123174085606
04-04-2024,89.5,85.66000366210938,90.6500015258789,86.58999633789062,1.4549558746040026,1.3578321767190316,4.495678992367624,5.661988483756697
05-04-2024,91.01000213623047,86.86000061035156,91.16999816894531,86.91000366210938,0.5736311465123878,0.3695661597790334,5.704345703124991,6.48125549805727
08-04-2024,90.30999755859375,86.0999984741211,90.37999725341797,86.43000030517578,-0.8665141289828759,-0.5522993173487367,4.983158436538582,6.244624371653473
09-04-2024,90.55000305175781,86.58999633789062,89.41999816894531,85.2300033569336,-1.062180917953448,-1.388403267389926,2.217643732929697,2.476860927426916
10-04-2024,89.51000213623047,85.33999633789062,90.4800033569336,86.20999908447266,1.185422958727389,1.1498248139624634,3.5003491787709784,2.9865010480733867
11-04-2024,90.54000091552734,86.31999969482422,89.73999786376953,85.0199966430664,-0.8178663414111775,-1.3803531539772207,0.9221769137536917,-0.15267748735504627
12-04-2024,90.29000091552734,85.5999984741211,90.44999694824219,85.66000366210938,0.7911735027567923,0.7527723409939346,1.231111911478866,0.2692301956127352
15-04-2024,90.37000274658203,85.93000030517578,90.0999984741211,85.41000366210938,-0.3869524443669947,-0.29185149347662476,-0.6067325344730423,-1.3627355649452833
16-04-2024,90.43000030517578,85.69999694824219,90.0199966430664,85.36000061035156,-0.08879226682525498,-0.05854472498986185,-1.2613815388565208,-1.7834575842200495
17-04-2024,90.05000305175781,85.36000061035156,87.29000091552734,82.69000244140625,-3.032654775986743,-3.1279266047961163,-3.418894038275455,-4.327198716376223
18-04-2024,87.44000244140625,82.79000091552734,87.11000061035156,82.7300033569336,-0.2062095352135196,0.04837454873178881,-2.5833120173290203,-2.933239354139505
19-04-2024,86.95999908447266,82.62000274658203,87.29000091552734,83.13999938964844,0.20663563760139336,0.4955832419659689,-3.5256435931175223,-3.561071485241618
22-04-2024,87.04000091552734,83.05000305175781,87.0,82.8499984741211,-0.3322269589709159,-0.3488103411791066,-3.0532626799579465,-2.552338572836532
23-04-2024,87.2300033569336,82.12999725341797,88.41999816894531,83.36000061035156,1.632181803385424,0.615572897553851,-2.2443326122592255,-2.6850373026252705
24-04-2024,88.45999908447266,83.4000015258789,88.0199966430664,82.80999755859375,-0.4523880730178509,-0.6597925236693336,-2.308548131276733,-3.044147046055068
25-04-2024,88.11000061035156,82.83000183105469,89.01000213623047,83.56999969482422,1.1247506599877166,0.9177661618607225,-1.121966834591892,-2.097001994761316
26-04-2024,89.20999908447266,83.80999755859375,89.5,83.8499984741211,0.5504975306253712,0.335047002895017,2.531789507725324,1.4028250072151138
29-04-2024,89.25,83.69000244140625,88.4000015258789,82.62999725341797,-1.229048574436975,-1.4549806116927466,1.4808872764191516,-0.12088250871229445
30-04-2024,88.31999969482422,82.76000213623047,87.86000061035156,81.93000030517578,-0.610860753627096,-0.8471462804184426,0.6529954047953535,-1.4553753829150362
01-05-2024,85.95999908447266,81.4800033569336,83.44000244140625,79.0,-5.03072858893715,-3.5762239646796146,-4.091951216774426,-4.646950567323993
02-05-2024,83.55999755859375,79.1500015258789,83.66999816894531,78.94999694824219,0.2756420431561768,-0.06329500222508333,-5.3720878741979945,-5.290311456117891
03-05-2024,83.80000305175781,79.06999969482422,82.95999908447266,78.11000061035156,-0.8485706944071358,-1.063959937124892,-5.748690924305255,-5.675639520356968
06-05-2024,82.9800033569336,78.16000366210938,83.33000183105469,78.4800033569336,0.44600138701216263,0.4736944612608207,-6.381305661000325,-6.090698045324827
07-05-2024,83.58999633789062,78.72000122070312,83.16000366210938,78.37999725341797,-0.204005958490161,-0.1274287706905297,-7.083794790939246,-6.523555539945958
08-05-2024,83.04000091552734,78.33999633789062,83.58000183105469,78.98999786376953,0.5050482809642709,0.7782605661228903,-5.452488248445531,-4.4051791245798055
09-05-2024,83.77999877929688,79.2300033569336,83.87999725341797,79.26000213623047,0.3589320600514867,0.34182083778075967,-4.529937775193549,-3.25887728426707
10-05-2024,84.20999908447266,79.58999633789062,82.79000091552734,78.26000213623047,-1.2994711177654605,-1.261670417673244,-0.7790046822390151,-0.9367061566702972
13-05-2024,82.69999694824219,78.18000030517578,83.36000061035156,79.12000274658203,0.6884885717126643,1.0989018488071656,-0.37050025741341974,0.21533350843736532
14-05-2024,83.5,79.2300033569336,82.37999725341797,78.0199966430664,-1.175627818807734,-1.3903008914684878,-0.6991343267302996,-0.11522720084734539
15-05-2024,82.7699966430664,78.44000244140625,82.75,78.62999725341797,0.44914148933972164,0.7818516234270767,-0.6960300231729222,0.19112371313516618
16-05-2024,82.93000030517578,78.83999633789062,83.2699966430664,79.2300033569336,0.6283947348234564,0.763075320455453,0.13226668604291447,1.084468146595352
17-05-2024,83.44000244140625,79.37999725341797,83.9800033569336,80.05999755859375,0.8526561096316554,1.047575623493291,0.4785852083222686,1.3546014986221433
20-05-2024,84.0,80.01000213623047,83.70999908447266,79.80000305175781,-0.3215101948893184,-0.32474958126954556,-0.202668305331144,0.6813031806373271
21-05-2024,83.69999694824219,79.69999694824219,82.87999725341797,79.26000213623047,-0.9915205353390633,-0.6766928507222048,0.10870435668004497,1.2777919405870364
22-05-2024,82.4800033569336,78.20999908447266,81.9000015258789,77.56999969482422,-1.1824273166208932,-2.1322260861178277,-1.7514384282422357,-1.9590533341137584
23-05-2024,81.69000244140625,77.29000091552734,81.36000061035156,76.87000274658203,-0.6593417649164657,-0.9024067951477588,-1.238160569402158,-1.4739732709108888
24-05-2024,81.54000091552734,77.04000091552734,82.12000274658203,77.72000122070312,0.9341225793129793,1.105760951932444,-0.7613259860035915,-1.1573140843207708
28-05-2024,82.1500015258789,77.80999755859375,84.22000122070312,79.83000183105469,2.5572313734591345,2.7148746490105458,1.1408726022998028,0.7572869477463939
29-05-2024,84.62000274658203,80.26000213623047,83.5999984741211,79.2300033569336,-0.7361704317211726,-0.7515952152811867,-0.4524944839516043,-1.0367152472777752
30-05-2024,83.5,79.27999877929688,81.86000061035156,77.91000366210938,-2.081337195607913,-1.6660351368124715,-2.210008952758724,-2.368420197205501
31-05-2024,81.77999877929688,77.91000366210938,81.62000274658203,76.98999786376953,-0.2931808721965523,-1.1808570852208544,-1.520263692798296,-2.8639972385558377
03-06-2024,81.19000244140625,76.97000122070312,78.36000061035156,74.22000122070312,-3.994121571341147,-3.5978655928368686,-4.322345359674706,-4.318677951915239
04-06-2024,78.16000366210938,74.0199966430664,77.5199966430664,73.25,-1.0719805522489856,-1.3069269802606143,-4.719768852603212,-4.709252786833018
05-06-2024,77.16999816894531,72.9000015258789,78.41000366210938,74.06999969482422,1.1480999194839026,1.1194535082924562,-4.517777594237926,-4.6963477464622265
06-06-2024,78.58000183105469,74.30000305175781,79.87000274658203,75.55000305175781,1.862006142435857,1.9981144363863335,-5.165042045916957,-5.361391307937957
07-06-2024,80.0199966430664,75.66999816894531,79.62000274658203,75.52999877929688,-0.3130086282746469,-0.02647818881917896,-4.760760526534091,-4.669953831717111
10-06-2024,79.41000366210938,75.3499984741211,81.62999725341797,77.73999786376953,2.5244843475243695,2.9259885081295955,-0.2809716042251109,-0.21820791984190624
11-06-2024,81.97000122070312,78.12000274658203,81.91999816894531,77.9000015258789,0.3552626795111147,0.20581896900713215,0.36755135048784915,1.1819764740344407
12-06-2024,82.12000274658203,78.22000122070312,82.5999984741211,78.5,0.8300785160827218,0.7702162546450841,5.410921172465399,5.766637980198519
13-06-2024,82.54000091552734,78.37000274658203,82.75,78.62000274658203,0.18159991361974548,0.15286974086883287,6.7466506493991,7.331061770077851
14-06-2024,82.13999938964844,77.95999908447266,82.62000274658203,78.44999694824219,-0.1570963787528301,-0.21623733452137417,5.36921169219009,5.913321549161599
17-06-2024,82.62000274658203,78.4800033569336,84.25,80.33000183105469,1.9728845306597353,2.396437165004417,5.4839077285563365,6.326933932778522
18-06-2024,84.4000015258789,80.43000030517578,85.33000183105469,81.56999969482422,1.2819012831509546,1.5436298213678867,7.1715635361715435,7.996823796034458
20-06-2024,85.37999725341797,81.5199966430664,85.70999908447266,82.16999816894531,0.44532666736645243,0.7355626779034674,4.998164851566078,5.698482669035898
21-06-2024,85.68000030517578,81.2699966430664,85.23999786376953,80.7300033569336,-0.548362181453188,-1.7524581283925866,4.0527340930566425,3.63286492377608
24-06-2024,85.08999633789062,80.44999694824219,86.01000213623047,81.62999725341797,0.903336804033672,1.1148195950211992,4.1283338076304466,3.987257647666209
25-06-2024,86.1500015258789,81.69999694824219,85.01000213623047,80.83000183105469,-1.1626554762969366,-0.9800262762226009,2.7311204063207972,2.810988307385598
26-06-2024,84.88999938964844,80.72000122070312,85.25,80.9000015258789,0.28231720707985186,0.0866011298261915,3.183245177907934,3.1230142421205143
27-06-2024,85.25,80.86000061035156,86.38999938964844,81.73999786376953,1.3372426858046182,1.03831436594215,2.540058622728125,1.7552545755946447
28-06-2024,86.54000091552734,81.86000061035156,86.41000366210938,81.54000091552734,0.023155773356031695,-0.24467452100440656,1.2656765590993269,-0.03677673091713185
01-07-2024,84.9000015258789,81.44999694824219,86.5999984741211,83.37999725341797,0.21987594486705397,2.256556680440558,1.0383845515752332,1.4725558128708238
02-07-2024,86.69000244140625,83.43000030517578,86.23999786376953,82.80999755859375,-0.4157051001093759,-0.683616830895073,1.1731581711184491,2.5764822434898527
03-07-2024,86.5,83.19999694824219,87.33999633789062,83.87999725341797,1.2755084663368388,1.292114148496526,1.5463250420033603,2.7563396737781742
05-07-2024,87.02999877929688,83.5999984741211,86.54000091552734,83.16000366210938,-0.915955410930358,-0.858361486509529,1.7997867790251476,2.8825952966383683
08-07-2024,86.75,83.1500015258789,85.75,82.33000183105469,-0.912873708307993,-0.9980781559691843,0.5865102639296182,1.7676146825761796
09-07-2024,85.68000030517578,82.22000122070312,84.66000366210938,81.41000366210938,-1.2711327555575802,-1.1174518990454962,-2.0025416596383905,-0.4037120262837979
10-07-2024,85.01000213623047,81.80999755859375,85.08000183105469,82.0999984741211,0.49609987098699904,0.8475553138107328,-1.539175760546685,0.6867764928944364
11-07-2024,85.41999816894531,82.4000015258789,85.4000015258789,82.62000274658203,0.37611622935744826,0.6333791499701924,-1.3856777937482079,-0.9114830077603386
12-07-2024,85.58999633789062,82.86000061035156,85.02999877929688,82.20999908447266,-0.433258477717835,-0.4962522978448347,-1.4030601976406043,-0.7245483538343978
15-07-2024,85.02999877929688,82.16000366210938,84.8499984741211,81.91000366210938,-0.2116903537103254,-0.3649135454374952,-2.850925083780087,-2.348585665014813
16-07-2024,84.86000061035156,81.91999816894531,83.7300033569336,80.76000213623047,-1.319970698089168,-1.4039817781266728,-3.247050530235862,-2.8860045937833867
17-07-2024,83.83999633789062,80.8499984741211,85.08000183105469,82.8499984741211,1.6123234444004098,2.5879102062987824,-0.7813389725309761,0.6316004269421249
18-07-2024,85.19999694824219,83.11000061035156,85.11000061035156,82.81999969482422,0.03525949535878592,-0.03620854538246565,0.5315342886567764,1.7319690078470007
19-07-2024,84.80000305175781,82.47000122070312,82.62999725341797,80.12999725341797,-2.913880083596143,-3.248010687416558,-2.879648007650204,-2.3995143207269254
22-07-2024,82.83000183105469,80.38999938964844,82.4000015258789,79.77999877929688,-0.27834410647950003,-0.4367883266165551,-3.512880499294724,-3.4374290400306817
23-07-2024,82.20999908447266,78.2699966430664,81.01000213623047,76.95999908447266,-1.686892431927789,-3.5347201528862615,-4.727739269408526,-6.386084489072319
24-07-2024,81.48999786376953,77.44999694824219,81.70999908447266,77.58999633789062,0.8640870630580055,0.8186035095016919,-3.7006475499302693,-5.274090014742772
25-07-2024,81.52999877929688,77.5,82.37000274658203,78.27999877929688,0.8077391622866914,0.889293045460926,-1.624269145856827,-3.0708312175997565
26-07-2024,82.44999694824219,78.3499984741211,81.12999725341797,77.16000366210938,-1.5054090710413637,-1.4307551541297592,-4.642694514135448,-6.86782729849903
29-07-2024,81.0199966430664,77.30000305175781,79.77999877929688,75.80999755859375,-1.663994231263477,-1.7496190246794496,-6.262485950924102,-8.464141707390704
30-07-2024,79.83999633789062,75.91000366210938,78.62999725341797,74.7300033569336,-1.4414659607356772,-1.4246065643590433,-4.840856992567,-6.739041659275779
31-07-2024,79.05999755859375,75.23999786376953,80.72000122070312,77.91000366210938,2.6580237063334122,4.255319366154864,-2.0388352840602253,-2.3439397666082273
01-08-2024,81.51000213623047,78.58999633789062,79.5199966430664,76.30999755859375,-1.4866260647787732,-2.053659386867379,-1.8392858336905071,-0.8445965873329242
02-08-2024,80.04000091552734,76.87000274658203,76.80999755859375,73.5199966430664,-3.407946678665952,-3.656140747986625,-5.9968199495550545,-5.245521184329094
05-08-2024,77.44000244140625,74.20999908447266,76.30000305175781,72.94000244140625,-0.6639689142639238,-0.7888931285946366,-7.369187194880967,-6.821661243181987
06-08-2024,77.2300033569336,73.86000061035156,76.4800033569336,73.19999694824219,0.23591126864526135,0.35644981921243435,-5.731534640583846,-5.132201303681139
07-08-2024,76.19999694824219,72.83999633789062,78.33000183105469,75.2300033569336,2.418930953084719,2.773232914376722,-1.817494322422153,-0.7650629472872317
08-08-2024,78.4800033569336,75.47000122070312,79.16000366210938,76.19000244140625,1.0596218711252714,1.2760853936399252,0.6740511601230681,1.9536986737431983
09-08-2024,79.01000213623047,76.0199966430664,79.66000366210938,76.83999633789062,0.631632108222524,0.8531222938130911,-1.3131783232950167,-1.3733888768113767
12-08-2024,79.66999816894531,76.98999786376953,82.30000305175781,80.05999755859375,3.3140839421077706,4.19052755617495,3.4959840619331883,4.914166059461089
13-08-2024,81.98999786376953,79.73999786376953,80.69000244140625,78.3499984741211,-1.9562582632458025,-2.1358969980247,5.051432113186416,6.569643704561012
14-08-2024,80.9800033569336,78.7300033569336,79.76000213623047,76.9800033569336,-1.1525595204326722,-1.7485579372921167,4.534729942442572,5.538800082674444
15-08-2024,79.98999786376953,77.5199966430664,81.04000091552734,78.16000366210938,1.604812869877592,1.532866008987388,5.962339642314296,6.775965738597334
16-08-2024,80.95999908447266,78.16000366210938,79.68000030517578,76.6500015258789,-1.6781843472202906,-1.9319371359785231,1.7234756064896217,1.8875423442533235
19-08-2024,79.6500015258789,76.58000183105469,77.66000366210938,74.37000274658203,-2.5351363395203164,-2.9745580351059675,-1.8948963246675388,-2.3887644526903506
20-08-2024,77.73999786376953,74.33999633789062,77.19999694824219,74.04000091552734,-0.5923341387783498,-0.4437297550992092,-3.0881328154360843,-3.6439296665902843
21-08-2024,77.08000183105469,73.12000274658203,76.05000305175781,71.93000030517578,-1.4896294584770153,-2.849811702135008,-7.594167397623819,-10.154880716137725
22-08-2024,76.16000366210938,71.93000030517578,77.22000122070312,73.01000213623047,1.5384590690272981,1.50146229177337,-4.300410355326112,-6.815566613768887
23-08-2024,77.12000274658203,72.95999908447266,79.0199966430664,74.83000183105469,2.3309963661081845,2.4928087132886967,-0.9277902123173587,-2.792935089792059
26-08-2024,79.31999969482422,75.0999984741211,81.43000030517578,77.41999816894531,3.0498655587083423,3.461173693057118,0.4812430716220728,-0.9467828281625401
27-08-2024,81.22000122070312,77.19999694824219,79.55000305175781,75.52999877929688,-2.308728044175723,-2.44122892579266,-0.16314916280130154,-1.4611907688010795
28-08-2024,79.83999633789062,75.75,78.6500015258789,74.5199966430664,-1.1313657967974344,-1.3372198498000198,1.2747847245499822,0.20168601713714818
29-08-2024,78.36000061035156,74.41999816894531,79.94000244140625,75.91000366210938,1.640179136046016,1.8652805712012777,3.5492300537279364,2.5256654827915614
30-08-2024,79.5199966430664,75.87000274658203,78.80000305175781,73.55000305175781,-1.4260687450992071,-3.108945457118406,3.6160419324748894,2.252193437660055
03-09-2024,76.88999938964844,73.52999877929688,73.75,70.33999633789062,-6.4086330662206255,-4.3643869213822795,-4.493656003430358,-3.6570411179523643
04-09-2024,73.68000030517578,70.27999877929688,72.69999694824219,69.19999694824219,-1.4237329515360164,-1.6206986764290554,-7.99797514972277,-7.5237267740865255
05-09-2024,72.62000274658203,69.2699966430664,72.69000244140625,69.1500015258789,-0.01374760282735199,-0.07224772336431595,-10.733142368923708,-10.681990233349891
06-09-2024,72.8499984741211,69.33000183105469,71.05999755859375,67.66999816894531,-2.242405871600306,-2.140279572343484,-10.672539493983669,-10.406461985149706
09-09-2024,71.5199966430664,68.12999725341797,71.83999633789062,68.70999908447266,1.097662265825039,1.5368714994359323,-8.658620541472617,-7.796561755661768
10-09-2024,71.9000015258789,68.77999877929688,69.19000244140625,65.75,-3.68874447601647,-4.307959720438371,-13.447585278571195,-13.384275025639026
11-09-2024,69.68000030517578,66.27999877929688,70.61000061035156,67.30999755859375,2.0523169805461983,2.372619860979097,-10.393403710945105,-8.484031589737551
12-09-2024,70.72000122070312,67.38999938964844,71.97000122070312,68.97000122070312,1.9260736419710156,2.466206688931072,-2.4135576668432246,-1.9476758437781072
13-09-2024,72.37000274658203,69.30999755859375,71.61000061035156,68.6500015258789,-0.500209259754747,-0.46396939127233416,-1.4993072677384478,-0.7947911078300285
16-09-2024,72.0199966430664,69.16000366210938,72.75,70.08999633789062,1.5919555647701644,2.0975889002258663,0.08253894150314078,1.359356169587267
17-09-2024,73.01000213623047,70.5,73.69999694824219,71.19000244140625,1.305837729542536,1.5694195477093498,3.71516954735549,5.201720655692754
18-09-2024,73.68000030517578,71.13999938964844,73.6500015258789,70.91000366210938,-0.06783639678898945,-0.3933119394501139,2.5194951005776067,3.201869606972352
19-09-2024,72.9000015258789,70.12999725341797,74.87999725341797,71.94999694824219,1.670055264162995,1.4666383195923283,8.223723964788565,9.429653153220062
20-09-2024,74.87999725341797,72.0999984741211,74.48999786376953,71.91999816894531,-0.5208325373311062,-0.04169392712893849,5.494968446224813,6.84890919263299
23-09-2024,74.76000213623047,71.30999755859375,73.9000015258789,70.37000274658203,-0.7920477309848128,-2.155166103761885,2.6816732978192537,2.029870235030029
24-09-2024,74.27999877929688,70.76000213623047,75.16999816894531,71.55999755859375,1.718533987609816,1.6910540934567786,4.971369261626757,4.238887061958563
25-09-2024,75.12999725341797,71.54000091552734,73.45999908447266,69.69000244140625,-2.2748425251114313,-2.613184992993234,0.975943758725295,-0.5706861426502008
26-09-2024,73.47000122070312,69.88999938964844,71.5999984741211,67.66999816894531,-2.5319910611661167,-2.898556753760073,-2.8493874641485784,-4.944520510949724
27-09-2024,71.23999786376953,67.44999694824219,71.9800033569336,68.18000030517578,0.5307330878643102,0.7536606325260875,-2.2674787974831356,-3.8499551769059726
30-09-2024,71.83999633789062,68.62999725341797,71.7699966430664,68.16999816894531,-0.29175702149638605,-0.014670190944121586,-4.153312933260834,-5.253646893155606
01-10-2024,72.0,68.41000366210938,73.55999755859375,69.83000183105469,2.4940796979962876,2.435094186148268,-1.248490175656336,-2.90600165614725
02-10-2024,74.4000015258789,70.80000305175781,73.9000015258789,70.0999984741211,0.46221313019256804,0.38664848344072134,0.0,-0.38369228637560315
03-10-2024,74.7300033569336,70.9800033569336,77.62000274658203,73.70999908447266,5.033831047216464,5.1497870027547465,3.2592851367779785,3.0044740067500353
04-10-2024,77.98999786376953,73.94999694824219,78.05000305175781,74.37999725341797,0.5539813063131005,0.9089651027908596,6.248303872161842,6.729795734983601
07-10-2024,78.01000213623047,74.4000015258789,80.93000030517578,77.13999938964844,3.6899386813708857,3.7106779216822927,13.03072909202212,13.994386695652427
08-10-2024,81.16000366210938,77.33000183105469,77.18000030517578,73.56999969482422,-4.6336339872226295,-4.627948824307726,7.224224375840205,7.90554321725232
09-10-2024,77.5199966430664,73.83999633789062,76.58000183105469,73.23999786376953,-0.7774014922889982,-0.44855488979688163,6.701972151273572,7.437288882213644
10-10-2024,76.75,73.38999938964844,79.4000015258789,75.8499984741211,3.6824231227435833,3.5636273709432675,7.939102992266056,8.620931526868736
11-10-2024,79.2300033569336,75.73999786376953,79.04000091552734,75.55999755859375,-0.4534012637697815,-0.3823347677802347,6.955344091364424,7.788871902027683
14-10-2024,78.5999984741211,75.05000305175781,77.45999908447266,73.83000183105469,-1.998990147714308,-2.289565621276679,-0.2061371507957377,0.16280389102230064
15-10-2024,75.20999908447266,71.51000213623047,74.25,70.58000183105469,-4.144073228005141,-4.402004496000123,-4.868677646608022,-5.108894276261433
16-10-2024,74.72000122070312,70.98999786376953,74.22000122070312,70.38999938964844,-0.040402396359429105,-0.2692015251870572,-8.291114616545393,-8.750324155312084
17-10-2024,74.5,70.68000030517578,74.44999694824219,70.66999816894531,0.3098837560715495,0.39778204535410033,-3.5371901349299684,-3.9418262034911056
18-10-2024,74.5199966430664,70.75,73.05999755859375,69.22000122070312,-1.8670241056084502,-2.0517857447453047,-4.596505860925049,-5.488799508901987
21-10-2024,73.13999938964844,69.45999908447266,74.29000091552734,70.55999755859375,1.6835524199780183,1.9358513641427821,-6.435768906989326,-6.974292711861052
22-10-2024,74.13999938964844,70.48999786376953,76.04000091552734,72.08999633789062,2.3556332998162954,2.168365691943719,-3.7955465147403,-4.5923786829297875
23-10-2024,75.6500015258789,71.3499984741211,74.95999908447266,70.7699966430664,-1.42030749349209,-1.8310441973630964,-3.2274722818853463,-4.14466356778711
24-10-2024,75.20999908447266,71.0199966430664,74.37999725341797,70.19000244140625,-0.7737484500247693,-0.8195481548280981,0.17508047598380205,-0.5525635867536072
25-10-2024,74.55000305175781,70.33000183105469,76.05000305175781,71.77999877929688,2.245235090087472,2.2652746581935723,2.4656451104237087,1.974711467113388
28-10-2024,74.0,68.9800033569336,71.41999816894531,67.37999725341797,-6.088106110477643,-6.129843411404423,-4.069844061113037,-4.6554421972138655
29-10-2024,72.11000061035156,68.0199966430664,71.12000274658203,67.20999908447266,-0.42004400735720093,-0.25229767865074804,-2.6553447534074293,-2.9037880681650363
30-10-2024,71.31999969482422,67.47000122070312,72.55000305175781,68.61000061035156,2.010686515678617,2.0830256583091344,-2.342169662574134,-2.7636012127450704
31-10-2024,72.76000213623047,69.0999984741211,73.16000366210938,69.26000213623047,0.8408002545725379,0.9473859788609929,-3.7874766159160744,-3.9256406511602338
01-11-2024,74.12999725341797,70.44000244140625,73.0999984741211,69.48999786376953,-0.0820191156159833,0.3320758308477556,-2.481324217007419,-1.8086743535578265
04-11-2024,73.7300033569336,70.29000091552734,75.08000183105469,71.47000122070312,2.70862297984118,2.849335757378002,0.9411193916178284,1.823619795946585
05-11-2024,75.19999694824219,71.62000274658203,75.52999877929688,71.98999786376953,0.5993566026473607,0.7275732953475611,-0.6837662742854023,0.2925593313512609
06-11-2024,75.48999786376953,72.0199966430664,74.91999816894531,71.69000244140625,-0.8076269299752248,-0.416718198729471,4.900588196208977,6.396564802129978
07-11-2024,75.11000061035156,71.87000274658203,75.62999725341797,72.36000061035156,0.9476763238456032,0.9345768532968313,6.341386856952402,7.662552590435467
08-11-2024,75.5199966430664,72.20999908447266,73.87000274658203,70.37999725341797,-2.327111689477679,-2.736323024091214,1.8194343753266562,2.5797939474137888
11-11-2024,73.73999786376953,70.25,71.83000183105469,68.04000091552734,-2.761609367371698,-3.324803110555652,-1.8179357086931303,-1.761480195024323
12-11-2024,71.91999816894531,68.1500015258789,71.88999938964844,68.12000274658203,0.08352715726620552,0.11758058491799783,-1.655265539986328,-1.971499725576742
13-11-2024,71.77999877929688,67.9800033569336,72.27999877929688,68.43000030517578,0.5424946348025594,0.4550756695459901,-3.7293593280117276,-4.253534159233697
14-11-2024,71.98999786376953,68.12999725341797,72.55999755859375,68.69999694824219,0.3873807194599399,0.3945588804067146,-3.932214045682225,-4.570080585018477
15-11-2024,72.43000030517578,68.62000274658203,71.04000091552734,67.0199966430664,-2.0948135256467992,-2.445415400005735,-5.17885390849655,-6.514166047290537
18-11-2024,70.87999725341797,66.86000061035156,73.30000305175781,69.16000366210938,3.1813092723883996,3.19308732651864,-3.080780492233659,-4.42232852577451
19-11-2024,73.18000030517578,69.01000213623047,73.30999755859375,69.38999938964844,0.013635070149842221,0.33255597941077575,-0.7580955288568614,-1.406646635982145
20-11-2024,73.33999633789062,69.55000305175781,72.80999755859375,68.87000274658203,-0.6820352157294374,-0.7493826886298849,1.364326468825694,1.2198733390452965
21-11-2024,73.12000274658203,69.04000091552734,74.2300033569336,70.0999984741211,1.950289583785647,1.785967298513147,3.2549784214104482,2.906628960226243
22-11-2024,74.29000091552734,70.18000030517578,75.16999816894531,71.23999786376953,1.2663273198194158,1.6262473815449319,3.9983390128061513,4.106382501917394
25-11-2024,75.20999908447266,71.44000244140625,73.01000213623047,68.94000244140625,-2.8734815555805038,-3.228516972672435,0.6201827353609302,0.3493529895567171
26-11-2024,73.12000274658203,69.08000183105469,72.80999755859375,68.7699966430664,-0.27394133924764086,-0.2465996407301163,2.4915492965309483,2.611160978297433
27-11-2024,72.94000244140625,68.91000366210938,72.83000183105469,68.72000122070312,0.02747462317223004,-0.07269946895994694,-0.6412021843590576,-0.6362093957599235
29-11-2024,72.91999816894531,68.7699966430664,72.94000244140625,68.0,0.15103749496907515,-1.047731676241892,-0.5046993991396298,-2.0031696236846974
02-12-2024,71.73999786376953,68.0,71.83000183105469,68.0999984741211,-1.5217995245383253,0.14705657958984375,-1.3459631374804104,-1.1180546562402305
03-12-2024,71.86000061035156,68.16000366210938,73.62000274658203,69.94000244140625,2.4919961992169393,2.701914843631581,-0.8217709588646871,-0.22823970926890702
04-12-2024,73.80999755859375,70.0199966430664,72.30999755859375,68.54000091552734,-1.779414750224384,-2.00171786818536,-3.8047102301688063,-3.7900014447015073
05-12-2024,72.44999694824219,68.73999786376953,72.08999633789062,68.30000305175781,-0.3042473076075747,-0.3501573687828219,-1.260109260951936,-0.9283425688770275
06-12-2024,72.16999816894531,68.44000244140625,71.12000274658203,67.19999694824219,-1.3455314753550107,-1.610550592043225,-2.3211026901239773,-2.282971893939323
09-12-2024,71.04000091552734,67.1500015258789,72.13999938964844,68.37000274658203,1.4341909500494632,1.7410801361211092,-0.9474151092387251,-0.5093109253549444
10-12-2024,71.93000030517578,68.19000244140625,72.19000244140625,68.58999633789062,0.06931390654403291,0.3217691713777171,-1.0282423565895593,0.8676416733685688
11-12-2024,72.02999877929688,68.5,73.5199966430664,70.29000091552734,1.842352343372844,2.478502213736955,2.352770108493951,3.2158626879242647
12-12-2024,73.58999633789062,70.43000030517578,73.41000366210938,70.0199966430664,-0.14960961096208703,-0.3841289926648672,-0.2852473195301575,0.11437546306518609
13-12-2024,73.43000030517578,70.05999755859375,74.48999786376953,71.29000091552734,1.4711812393187529,1.813773683730524,3.0147979239099065,4.012255563563905
16-12-2024,74.51000213623047,71.44000244140625,73.91000366210938,70.70999908447266,-0.7786202420368871,-0.8135808999945704,2.524632288352824,3.5285445461672227
17-12-2024,73.86000061035156,70.61000061035156,73.19000244140625,70.08000183105469,-0.9741593627768164,-0.8909592159170421,2.9105731367870424,4.28572174643207
18-12-2024,73.33999633789062,70.22000122070312,73.38999938964844,70.58000183105469,0.2732571957519747,0.7134703009931131,1.7327419054280702,3.23241040762301
19-12-2024,72.93000030517578,70.13999938964844,72.87999725341797,69.91000366210938,-0.6949204802724207,-0.9492747967746795,0.9558038352634135,1.9244895680065044
20-12-2024,72.70999908447266,69.2300033569336,72.94000244140625,69.45999908447266,0.08233423470040968,-0.6436912517008175,-0.7888931285946366,-1.1808248972028923
23-12-2024,72.83000183105469,69.4000015258789,72.62999725341797,69.23999786376953,-0.42501395340275305,-0.31673081428574834,-1.0625342184719222,-1.113965747917689
24-12-2024,72.83999633789062,69.55999755859375,73.58000183105469,70.0999984741211,1.3080058014073748,1.242057534495622,-1.2216351977604845,-1.6692417255209535
26-12-2024,73.77999877929688,70.19999694824219,73.26000213623047,69.62000274658203,-0.43490036268137855,-0.6847300113940302,-0.8794499982038739,-1.5415024070195127
27-12-2024,73.13999938964844,69.68000030517578,74.16999816894531,70.5999984741211,1.2421457905811506,1.4076352899701217,1.3389748529160306,0.7420043228879791
30-12-2024,74.2300033569336,70.41999816894531,74.38999938964844,70.98999786376953,0.29661753557281845,0.5524070794298952,1.3625834695688122,0.5808954690823542
31-12-2024,74.0999984741211,71.1500015258789,74.63999938964844,71.72000122070312,0.3360666783857935,1.0283186067063577,2.4149316720067926,2.589039427521511
02-01-2025,74.87999725341797,71.8499984741211,75.93000030517578,73.12999725341797,1.7282970606592007,1.9659732413777942,4.099256599520196,5.283613903423912
03-01-2025,75.9000015258789,73.12999725341797,76.51000213623047,73.95999908447266,0.763863859770253,1.1349676770511463,5.342152043975057,6.816870835250133
06-01-2025,76.58999633789062,74.05000305175781,76.30000305175781,73.55999755859375,-0.2744727207022457,-0.5408349524478107,3.696658267212949,4.935804792848875
07-01-2025,76.23999786376953,73.44000244140625,77.05000305175781,74.25,0.9829619528209488,0.9380131379920664,5.173356272198371,6.650383612122557
08-01-2025,77.23999786376953,74.5199966430664,76.16000366210938,73.31999969482422,-1.1550932568433314,-1.252525663536408,2.683032954418052,3.852693030439891
09-01-2025,76.16000366210938,73.31999969482422,76.91999816894531,73.91999816894531,0.9978918990179109,0.8183285278483776,3.400993144313613,4.127342433223458
10-01-2025,77.20999908447266,74.29000091552734,79.76000213623047,76.56999969482422,3.6921529314749124,3.584958862988996,6.859596447547811,6.762407127122394
13-01-2025,79.55000305175781,76.54000091552734,81.01000213623047,78.81999969482422,1.5672015628397151,2.9384876700634166,6.690375096321977,7.780668200613539
14-01-2025,80.91000366210938,78.81999969482422,79.91999816894531,77.5,-1.3455177614390745,-1.6747014716252284,4.456928424394957,4.786372308474696
15-01-2025,80.31999969482422,78.02999877929688,82.02999877929688,80.04000091552734,2.6401409643318052,3.2774205361643105,7.509823719996622,8.809140255574356
16-01-2025,82.44000244140625,80.4000015258789,81.29000091552734,78.68000030517578,-0.9021063937359131,-1.6991511679102511,5.5029171912184704,5.966330377341111
17-01-2025,81.30999755859375,78.75,80.79000091552734,77.87999725341797,-0.6150817989528323,-1.0167806922405265,6.07930282403788,6.219309298381859
21-01-2025,80.94000244140625,78.19000244140625,79.29000091552734,75.88999938964844,-1.8566654078496336,-2.5552104955707255,3.0811268889744614,2.665045007442579
22-01-2025,79.30999755859375,75.87999725341797,79.0,75.44000244140625,-0.36574714614557857,-0.5929594832801754,-0.9528612285295335,-1.4757702206107615
23-01-2025,78.91000366210938,75.38999938964844,78.29000091552734,74.62000274658203,-0.8987330183198194,-1.0869560820350066,-3.357611589898535,-5.3285929516667885
24-01-2025,77.87999725341797,74.30000305175781,78.5,74.66000366210938,0.26823231832535654,0.05360615660010559,-1.7767745263751578,-3.664511403729842
27-01-2025,78.55000305175781,74.54000091552734,77.08000183105469,73.16999816894531,-1.808914864898492,-1.995721162709041,-6.034374036211121,-8.58321172913591
28-01-2025,77.06999969482422,73.1500015258789,77.48999786376953,73.7699966430664,0.5319097340104939,0.8200061352136911,-4.674625426202905,-6.240472347566051
29-01-2025,77.62999725341797,73.94999694824219,76.58000183105469,72.62000274658203,-1.1743399894198592,-1.5588910787790566,-5.211039778146009,-6.753973667616031
30-01-2025,76.86000061035156,73.0,76.87000274658203,72.7300033569336,0.37869013919211714,0.15147425804351577,-3.052084930007115,-4.163916271088908
31-01-2025,77.0,73.19999694824219,76.76000213623047,72.52999877929688,-0.14309952702122875,-0.27499596920842473,-2.835440333885486,-3.857374824940596
03-02-2025,76.81999969482422,74.13999938964844,75.95999908447266,73.16000366210938,-1.0422134308151754,0.868612840777172,-2.9761167502970087,-1.9565787064240392
04-02-2025,75.5199966430664,72.3499984741211,76.19999694824219,72.69999694824219,0.3159529576911124,-0.6287680301271359,-2.929940193322056,-2.625243259748067
05-02-2025,76.08000183105469,72.76000213623047,74.61000061035156,71.02999877929688,-2.0866094508778077,-2.2971089945632905,-3.204464403253282,-2.9246951526598397
06-02-2025,74.5999984741211,71.18000030517578,74.29000091552734,70.61000061035156,-0.4288965181697413,-0.5912968832370691,-4.129561280757688,-4.283578929797671
07-02-2025,74.19999694824219,70.55999755859375,74.66000366210938,71.0,0.49805188049836246,0.5523288291704898,-2.5071795808794484,-2.2307941136208265
10-02-2025,74.54000091552734,71.0,75.87000274658203,72.31999969482422,1.6206791121371689,1.8591544997524245,-1.300897572876003,-0.5637338693595506
11-02-2025,76.05000305175781,72.48999786376953,77.0,73.31999969482422,1.4893860715839757,1.38274336866675,0.3126600535309887,1.0892057477227546
12-02-2025,76.81999969482422,73.19999694824219,75.18000030517578,71.37000274658203,-2.3636359673041785,-2.659570316910187,-1.0268546454686778,-2.4466933104521082
13-02-2025,74.97000122070312,71.23999786376953,75.0199966430664,71.29000091552734,-0.21282742944915833,-0.11209447663713679,-1.5485568929579863,-1.93947192833952
14-02-2025,75.23999786376953,71.5199966430664,74.73999786376953,70.73999786376953,-0.37323219384968187,-0.7715009744627688,0.17423569542220907,-0.4082794882602103
18-02-2025,74.63999938964844,70.69999694824219,75.83999633789062,71.8499984741211,1.4717667989850414,1.5691272884813978,2.0864119037038664,1.7561221541580796
19-02-2025,75.80000305175781,71.77999877929688,76.04000091552734,72.25,0.2637191288164642,0.5567175147860093,1.8483755501318422,1.760563380281699
20-02-2025,76.04000091552734,72.18000030517578,76.4800033569336,72.56999969482422,0.5786460232885204,0.4429061520058397,0.8040076291931264,0.3456858421666986
21-02-2025,76.55999755859375,72.58000183105469,74.43000030517578,70.4000015258789,-2.680443203160454,-2.990213832259503,-3.33766194133015,-3.9825397996441025
24-02-2025,73.91000366210938,69.80000305175781,74.77999877929688,70.69999694824219,0.4702384424103645,0.42612985207537424,-0.5320584254525085,-0.9387778794388901
25-02-2025,74.88999938964844,70.91999816894531,73.0199966430664,68.93000030517578,-2.3535733684950655,-2.503531427819128,-2.6659558644286485,-3.310423032744758
26-02-2025,73.13999938964844,69.11000061035156,72.52999877929688,68.62000274658203,-0.6710461329719308,-0.4497280679258475,-2.956916172918389,-2.9968832078142937
27-02-2025,72.69000244140625,68.81999969482422,74.04000091552734,70.3499984741211,2.0819001263536308,2.5211245384644476,-2.373411800211256,-2.0876827165699496
28-02-2025,73.7300033569336,70.16999816894531,73.18000030517578,69.76000213623047,-1.161535115771728,-0.8386586363717696,-3.761179084583033,-3.446363825286547
03-03-2025,73.06999969482422,69.94999694824219,71.62000274658203,68.37000274658203,-2.1317266358133913,-1.9925449356122171,-6.354603029591733,-5.787511321350792
04-03-2025,71.44999694824219,68.45999908447266,71.04000091552734,68.26000213623047,-0.8098321820887766,-0.16089016517856214,-4.554614235857657,-3.039771794410795
05-03-2025,71.13999938964844,68.08000183105469,69.30000305175781,66.30999755859375,-2.4493212856775415,-2.856730906256022,-7.328157016574089,-6.2093346239636364
06-03-2025,69.44999694824219,66.38999938964844,69.45999908447266,66.36000061035156,0.2308744959150344,0.07540801326924029,-4.875373489806634,-3.7284196771304012
07-03-2025,69.37999725341797,66.33999633789062,70.36000061035156,67.04000091552734,1.295711974865399,1.0247141333957543,-2.991862960798397,-2.3025382801130645
10-03-2025,70.44000244140625,67.11000061035156,69.27999877929688,66.02999877929688,-1.5349656362791397,-1.5065664117503652,-6.42896012610964,-6.14072464608989
11-03-2025,69.41000366210938,65.94999694824219,69.55999755859375,66.25,0.4041552890161837,0.33318374189050814,-4.946710483036165,-5.031539605426016
12-03-2025,69.8499984741211,66.62000274658203,70.94999694824219,67.68000030517578,1.9982740633042395,2.1584910266804203,-0.9355009391867397,-1.0092180981238097
13-03-2025,70.9800033569336,67.69000244140625,69.87999725341797,66.55000305175781,-1.5081039335417823,-1.6696176836919374,-1.6328880168353543,-2.5051260342182746
14-03-2025,70.08000183105469,66.77999877929688,70.58000183105469,67.18000030517578,1.0017238196191824,0.9466524786302388,1.8470400042275514,1.3120234936116137
17-03-2025,70.68000030517578,67.3499984741211,71.06999969482422,67.58000183105469,0.6942446175368877,0.5954175707976184,2.3178817039625654,1.8384587243551298
18-03-2025,70.93000030517578,67.4000015258789,70.55999755859375,66.9000015258789,-0.7176053727598553,-1.0062152807804536,0.28424807633211646,-0.2088296356452024
19-03-2025,70.36000061035156,66.72000122070312,70.77999877929688,67.16000366210938,0.31179312402955794,0.3886429451423812,2.165127058934435,1.7113507552673157
20-03-2025,70.86000061035156,67.29000091552734,72.0,68.26000213623047,1.7236525031701033,1.637877328975934,3.5077667151309555,3.033965488649759
21-03-2025,72.2300033569336,68.3499984741211,72.16000366210938,68.27999877929688,0.22222730848524552,0.0292948175221186,1.7054358927596436,0.8865225641484065
24-03-2025,72.19999694824219,68.3499984741211,73.0,69.11000061035156,1.1640746885545061,1.2155855973833951,4.464800900417076,3.846727935688854
25-03-2025,72.5199966430664,69.16000366210938,72.37000274658203,69.0,-0.8630099361889965,-0.15916742783979032,2.5361304464287526,2.709139158315832
